resort,location,status_pistes_km,slope_condition,open_lifts,link,Length of floodlit runs,Runs floodlit today until,Last snowfall in resort,Last snowfall in ski area,New snow in resort (past 24h),New snow in ski area (past 24h),Number of lifts in ski area,Pistes covered by lift pass (regional),Number of local pistes,Surface area of pistes,Runs down to (altitude),Condition of runs down to resort,Number of snow shoe trails open today,Conditions/events on the trails,Winter walking paths from (altitude),Runs down to resort (open today / total),Fully open,Tel. for tobogganing info,Toboggan hire available,Floodlit today (open / total),Transportation to starting point,Vertical difference of all runs (today / total),Tel. for cross-country ski info,"Cross-country trails, dogs permitted (open / total)",Floodlit cross-country trails (km open / total),Cross-country ski trail floodlit today until,Altitude of cross-country runs,Snowboard facilities floodlit today until,Tel. for fun park info,Snow Park condition,Snow park floodlighting,Depth of snow on upper runs,Depth of snow in resort at 1050 metres,Depth of snow in resort at 1200 metres,Depth of snow in resort at 1000 metres,Depth of snow in resort at 1560 metres,Depth of snow in resort at 1350 metres,Depth of snow on upper runs at 1600 metres,Depth of snow in resort at 1500 metres,Depth of snow in resort at 900 metres,Depth of snow in resort at 1300 metres,Depth of snow on upper runs at 2250 metres,Depth of snow in resort at 1800 metres,Depth of snow in resort,Depth of snow in resort at 1100 metres,Depth of snow in resort at 800 metres,Depth of snow on upper runs at 1200 metres,Depth of snow on upper runs at 1000 metres,Depth of snow in resort at 1400 metres,Depth of snow on upper runs at 1250 metres,Depth of snow on upper runs at 2500 metres,Depth of snow on upper runs at 2000 metres,Depth of snow in resort at 1353 metres,Depth of snow in resort at 1175 metres,Depth of snow on upper runs at 2200 metres,Depth of snow on upper runs at 2350 metres,Depth of snow on upper runs at 2600 metres,Depth of snow on upper runs at 1550 metres,Depth of snow on upper runs at 2262 metres,Depth of snow in resort at 1090 metres,Depth of snow on upper runs at 2540 metres,Depth of snow on upper runs at 1500 metres,Depth of snow in resort at 1340 metres,Depth of snow in resort at 1822 metres,Depth of snow in resort at 1650 metres,Depth of snow on upper runs at 1420 metres,Depth of snow on upper runs at 1850 metres,Depth of snow in resort at 1480 metres,Depth of snow on upper runs at 1950 metres,Depth of snow on upper runs at 3020 metres,Depth of snow on upper runs at 1922 metres,Depth of snow on upper runs at 2174 metres,Depth of snow on upper runs at 1964 metres,Depth of snow in resort at 1227 metres,Depth of snow on upper runs at 1630 metres,Depth of snow in resort at 595 metres,Depth of snow on upper runs at 2640 metres,Depth of snow on upper runs at 1800 metres,Depth of snow in resort at 884 metres,Depth of snow in resort at 1750 metres,Depth of snow in resort at 1068 metres,Depth of snow in resort at 1450 metres,Depth of snow on upper runs at 2170 metres,Depth of snow in resort at 1420 metres,Depth of snow on upper runs at 1450 metres,Depth of snow in resort at 1010 metres,Depth of snow on upper runs at 1946 metres,Depth of snow in resort at 1154 metres,Depth of snow in resort at 630 metres,Depth of snow in resort at 1166 metres,Depth of snow on upper runs at 2270 metres,Depth of snow in resort at 465 metres,Depth of snow on upper runs at 1170 metres,Depth of snow in resort at 940 metres,Depth of snow on upper runs at 1660 metres,Depth of snow in resort at 1061 metres,Depth of snow on upper runs at 1396 metres,Depth of snow in resort at 1600 metres,Depth of snow in resort at 430 metres,Depth of snow on upper runs at 1050 metres,Depth of snow on upper runs at 1590 metres,Depth of snow on upper runs at 1350 metres,Depth of snow in resort at 1230 metres,Depth of snow in resort at 740 metres,Depth of snow in resort at 650 metres,Depth of snow on upper runs at 1180 metres,Depth of snow in resort at 930 metres,Depth of snow on upper runs at 1470 metres,Depth of snow in resort at 840 metres,Depth of snow in resort at 1440 metres,Depth of snow on upper runs at 1650 metres,Depth of snow on upper runs at 1726 metres,Depth of snow on upper runs at 1080 metres,Depth of snow on upper runs at 1093 metres,Depth of snow on upper runs at 1580 metres,Depth of snow in resort at 860 metres,Depth of snow on upper runs at 1385 metres,Depth of snow on upper runs at 1583 metres,Depth of snow in resort at 972 metres,Depth of snow on upper runs at 1030 metres,Depth of snow in resort at 875 metres,Depth of snow on upper runs at 2123 metres,Depth of snow in resort at 1550 metres,Depth of snow in resort at 1373 metres,Depth of snow on upper runs at 2552 metres,Depth of snow on upper runs at 1100 metres,Depth of snow on upper runs at 0 metres,Depth of snow in resort at 825 metres,Depth of snow in resort at 1044 metres,Depth of snow in resort at 1250 metres,Depth of snow in resort at 1256 metres,Depth of snow in resort at 1444 metres,Depth of snow in resort at 1687 metres,Depth of snow in resort at 1714 metres,Depth of snow on upper runs at 2076 metres,Depth of snow in resort at 1290 metres,Depth of snow on upper runs at 2593 metres,Depth of snow on upper runs at 1570 metres,Depth of snow in resort at 1809 metres,Depth of snow in resort at 1473 metres,Depth of snow on upper runs at 1346 metres,Depth of snow in resort at 1330 metres,Depth of snow on upper runs at 3330 metres,Depth of snow in resort at 520 metres,Depth of snow on upper runs at 2227 metres,Depth of snow in resort at 1466 metres,Depth of snow in resort at 1221 metres,Depth of snow on upper runs at 1900 metres,Depth of snow in resort at 1805 metres,Depth of snow in resort at 1660 metres,Depth of snow in resort at 1572 metres,Depth of snow on upper runs at 2300 metres,Depth of snow on upper runs at 2700 metres,Depth of snow in resort at 1457 metres,Depth of snow on upper runs at 2360 metres,Depth of snow on upper runs at 2730 metres,Depth of snow in resort at 1706 metres,Depth of snow on upper runs at 1725 metres,Depth of snow on upper runs at 2783 metres,Depth of snow in resort at 1322 metres,Depth of snow on upper runs at 2554 metres,Depth of snow in resort at 1716 metres,Depth of snow in resort at 1815 metres,Depth of snow in resort at 1812 metres,Depth of snow in resort at 1474 metres,Depth of snow on upper runs at 2961 metres,Depth of snow in resort at 1920 metres,Depth of snow in resort at 1263 metres,Depth of snow in resort at 1030 metres,Depth of snow on upper runs at 1460 metres,Depth of snow in resort at 0 metres,Depth of snow on upper runs at 1260 metres,Depth of snow in resort at 1283 metres,Depth of snow on upper runs at 1380 metres,Depth of snow in resort at 998 metres,Depth of snow in resort at 519 metres,Depth of snow on upper runs at 1863 metres,Depth of snow in resort at 790 metres,Depth of snow on upper runs at 2061 metres,Depth of snow on upper runs at 1485 metres,Depth of snow in resort at 1135 metres,Depth of snow on upper runs at 1856 metres,Depth of snow in resort at 1150 metres,Depth of snow on upper runs at 2225 metres,Depth of snow in resort at 1020 metres,Depth of snow in resort at 925 metres,Depth of snow in resort at 1035 metres,Depth of snow in resort at 1220 metres,Depth of snow on upper runs at 2720 metres,Depth of snow in resort at 1284 metres,Depth of snow on upper runs at 1634 metres,Depth of snow in resort at 1950 metres,Depth of snow on upper runs at 1228 metres,Depth of snow in resort at 1265 metres,Depth of snow on upper runs at 2352 metres,Depth of snow on upper runs at 2050 metres,Depth of snow in resort at 1769 metres,Depth of snow on upper runs at 2483 metres,Depth of snow on upper runs at 1887 metres,Depth of snow on upper runs at 2590 metres,Depth of snow on upper runs at 1901 metres,Depth of snow on upper runs at 1496 metres
Grimentz-Zinal /Anniviers,Grimentz – Valais,22.2/115.0 ,Sat/Sun only,0/21,https://snow.myswitzerland.com//snow_reports/grimentz-zinal-anniviers-140/#piste,0.0 km,–,2 days ago,2 days ago,0 cm,0 cm,43,220 km,40,–,–,closed,8,Good,1325 m (altitude),0/5,0%,,,0/0 km,–,0/540 m,,0.0/0.0 km,0.0/0 km,–,–,-,,closed,–,70 cm,,,,,,,,,,,,,,,,,,,,,,,,,,,,,,,,,,,,,,,,,,,,,,,,,,,,,,,,,,,,,,,,,,,,,,,,,,,,,,,,,,,,,,,,,,,,,,,,,,,,,,,,,,,,,,,,,,,,,,,0 cm,,,,,,,,,,,,,,,,,,,,,,,,,,,,,,,,,,,,,,,,,,,,,,,,,,,
Visperterminen,Visperterminen – Valais,15.0/20.0 ,no info,0/5,https://snow.myswitzerland.com//snow_reports/visperterminen-264/#piste,–,–,11.03.2023,14.03.2023,0 cm,10 cm,28,90 km,7,0.00 km²,–,closed,0,End of season,1370 m (altitude),0/2,–,+41 (0)27 946 32 46,,0/0 km,,0/630 m,,,,,,,,,,,,,,,,,,,,,,,,,,,,,,,,,,,,,,,,,–,,,,,,,,,,,,,,,,,,,,,,,,,,,,,,,,,,,,,,,,,,,,,,,,,,,,,,,,,,,,,,,,,,,,,,,,,,,,,,,,,,,,,,,,,–,,,,,,,,,,,,,,,,,,,,,,,,,,,,,,,,,,,,,,,,,,,,,,,,,,
Heuberge,Fideris – Graubünden,,There are no current reports available,Day ticketAdult: CHF 42.–Children: CHF 28.–,https://snow.myswitzerland.com//snow_reports/heuberge-68/,,,,,,,,,,,,,,,,,,,,,,,,,,,,,,,,,,,,,,,,,,,,,,,,,,,,,,,,,,,,,,,,,,,,,,,,,,,,,,,,,,,,,,,,,,,,,,,,,,,,,,,,,,,,,,,,,,,,,,,,,,,,,,,,,,,,,,,,,,,,,,,,,,,,,,,,,,,,,,,,,,,,,,,,,,,,,,,,,,,,,,,,,,,,,,,,,,,,,,,,,,
Thyon - 4 Vallées,Les Collons Thyon – Valais,11.5/358.0 ,no info,2/73,https://snow.myswitzerland.com//snow_reports/thyon-4-vallees-143/#piste,0.0 km,–,yesterday,yesterday,0 cm,0 cm,84,220 km,101,0.00 km²,1500 m (altitude),closed,1,Good,2200 m (altitude),0/18,,,,,,,+41 (0)27 281 27 27,0.0/0.0 km,0.0/0.0 km,–,2200-2260 m (altitude),-,+41(0)27 282 57 13,no info,–,,,,,,,,,,,,–,,,,,,,,,,,,,,,,,,,,,,,,,,,,,,,,,,,,,,,,,,,,,,,,,,,,,,,,,,,,,,,,,,,,,,,,,,,,,,,,,,,,,,,,,,,,,,,,,,,,,,,,,,,,,,–,,,,,,,,,,,,,,,,,,,,,,,,,,,,,,,,,,,,,,,,,,,,,,,,,
Verbier,Verbier – Valais,11.5/358.0 ,good,2/73,https://snow.myswitzerland.com//snow_reports/verbier-132/#piste,0.0 km,–,11.11.2023,13.11.2023,0 cm,0 cm,82,412 km,101,0.35 km²,–,closed,0,Good,2200 m (altitude),0/18,,,,,,,,0.0/0 km,0.0/0 km,–,2200-2260 m (altitude),-,,closed,–,51 cm,,,,,,,8 cm,,,,,,,,,,,,,,,,,,,,,,,,,,,,,,,,,,,,,,,,,,,,,,,,,,,,,,,,,,,,,,,,,,,,,,,,,,,,,,,,,,,,,,,,,,,,,,,,,,,,,,,,,,,,,,,,,,,,,,,,,,,,,,,,,,,,,,,,,,,,,,,,,,,,,,,,,,,,,,,,,,,
Anzère,Anzère – Valais,7.6/57.9 ,no info,0/13,https://snow.myswitzerland.com//snow_reports/anzere-145/#piste,0.0 km,–,01.04.2023,08.04.2023,0 cm,0 cm,0,58 km,28,–,–,closed,0,Passable,–,0/2,0%,,,0/0 km,–,0/530 m,,0.0/0 km,0.0/0 km,–,–,-,,closed,–,–,,,,,,,–,,,,,,,,,,,,,,,,,,,,,,,,,,,,,,,,,,,,,,,,,,,,,,,,,,,,,,,,,,,,,,,,,,,,,,,,,,,,,,,,,,,,,,,,,,,,,,,,,,,,,,,,,,,,,,,,,,,,,,,,,,,,,,,,,,,,,,,,,,,,,,,,,,,,,,,,,,,,,,,,,,,
Bergbahnen Splügen,Splügen – Graubünden,6.4/30.0 ,no info,0/7,https://snow.myswitzerland.com//snow_reports/bergbahnen-spluegen-84/#piste,0.0 km,–,16.03.2023,03.11.2023,0 cm,0 cm,6,30 km,15,–,–,closed,0,Passable,–,0/4,0%,,,0/2.5 km,–,0/0 m,,0.0/0 km,0.0/0 km,–,–,,,,,–,,,,,,,,,,,,,,,,,,,,,,,,,,,,,,,,,,,,,,,,,,,,,,,,,,,,,,,,,,,,,,,,,,,,,,,,,,,,,,,,,,,,,,,,,,,,,,,,,,,,,,,,,,,,,,,,,,,,,,,,,,–,,,,,,,,,,,,,,,,,,,,,,,,,,,,,,,,,,,,,,,,,,,,,,,,
Bergbahnen  Brigels,Brigels / Breil – Graubünden,,There are no current reports available,Day ticket(dynamic)Adult: from CHF 38.–Children: from CHF 16.–,https://snow.myswitzerland.com//snow_reports/bergbahnen-brigels-126/,,,,,,,,,,,,,,,,,,,,,,,,,,,,,,,,,,,,,,,,,,,,,,,,,,,,,,,,,,,,,,,,,,,,,,,,,,,,,,,,,,,,,,,,,,,,,,,,,,,,,,,,,,,,,,,,,,,,,,,,,,,,,,,,,,,,,,,,,,,,,,,,,,,,,,,,,,,,,,,,,,,,,,,,,,,,,,,,,,,,,,,,,,,,,,,,,,,,,,,,,,
Klosters,Klosters – Graubünden,3.0/258.9 ,no info,2/46,https://snow.myswitzerland.com//snow_reports/klosters-121/#piste,–,–,n/a,n/a,3 cm,11 cm,58,320 km,83,6.64 km²,–,no info,0,Closed,1191 m (altitude),0/16,0%,+41 (0)81 415 21 21,,0/0 km,,0/1987 m,+41 (0)81 415 21 21,0.0/18.5 km,0.0/2.5 km,–,1360 m (altitude),-,+41 (0)81 415 21 21,closed,–,,,–,,,,,,,,,,,,,,,,,,,,,,,,,,,–,,,,,,,,,,,,,,,,,,,,,,,,,,,,,,,,,,,,,,,,,,,,,,,,,,,,,,,,,,,,,,,,,,,,,,,,,,,,,,,,,,,,,,,,,,,,,,,,,,,,,,,,,,,,,,,,,,,,,,,,,,,,,,,,,,,,,,,,,,,,,
Davos,Davos – Graubünden,3.0/258.9 ,no info,2/46,https://snow.myswitzerland.com//snow_reports/davos-69/#piste,–,–,12.11.2023,12.11.2023,5 cm,11 cm,85,320 km,83,6.64 km²,1250 m (altitude),no info,0,Closed,1560 m (altitude),0/16,0%,+41 (0)81 415 21 21,,0/6.5 km,,0/917 m,+41 (0)81 415 21 21,0.0/18.5 km,0.0/2.5 km,–,1560-1700 m (altitude),-,+41 (0)81 415 21 21,closed,–,,,,,10 cm,,,,,,,,,,,,,,,,,,,,,,,,,57 cm,,,,,,,,,,,,,,,,,,,,,,,,,,,,,,,,,,,,,,,,,,,,,,,,,,,,,,,,,,,,,,,,,,,,,,,,,,,,,,,,,,,,,,,,,,,,,,,,,,,,,,,,,,,,,,,,,,,,,,,,,,,,,,,,,,,,,,,,,,,,,
Davos Klosters Parsenn,Davos – Graubünden,3.0/109.1 ,no info,2/18,https://snow.myswitzerland.com//snow_reports/davos-klosters-parsenn-379/#piste,0.0 km,–,12.11.2023,12.11.2023,5 cm,11 cm,85,320 km,36,3.22 km²,1250 m (altitude),no info,,,,0/8,–,+41(0)81 415 21 21,,0/0 km,–,0/579 m,,,,,,,,,,,,,,10 cm,,,,,,,,,,,,,,,,,,,,,57 cm,,,,,,,,,,,,,,,,,,,,,,,,,,,,,,,,,,,,,,,,,,,,,,,,,,,,,,,,,,,,,,,,,,,,,,,,,,,,,,,,,,,,,,,,,,,,,,,,,,,,,,,,,,,,,,,,,,,,,,,,,,,,,,,,,,,,,,,,,,,,,,,,,
La Dôle - Jura sur Léman,La Dôle – Canton of Vaud,,There are no current reports available,Day ticket–,https://snow.myswitzerland.com//snow_reports/la-dole-jura-sur-leman-357/,,,,,,,,,,,,,,,,,,,,,,,,,,,,,,,,,,,,,,,,,,,,,,,,,,,,,,,,,,,,,,,,,,,,,,,,,,,,,,,,,,,,,,,,,,,,,,,,,,,,,,,,,,,,,,,,,,,,,,,,,,,,,,,,,,,,,,,,,,,,,,,,,,,,,,,,,,,,,,,,,,,,,,,,,,,,,,,,,,,,,,,,,,,,,,,,,,,,,,,,,,
Mürren-JungfrauSkiRegion,Mürren – Bern Region,1.5/205.5 ,no info,34/67,https://snow.myswitzerland.com//snow_reports/muerren-jungfrauskiregion-93/#piste,0.0 km,–,11.11.2023,11.11.2023,0 cm,0 cm,0,213 km,106,0.00 km²,1205 m (altitude),good,0,Good,1000 m (altitude),0/9,0%,+41(0)33 856 21 41,,0/0 km,,0/1000 m,,,,,,-,+41 (0)33 856 21 41,open,–,,,,,,,,,,,,,,,,,,,,,,,,,,,,,,,,,,–,,,,,,,,,,,,,,,,,,,,,,,,,,,,,,,,,,,,,,,,,,,,,,,,,,,,,,,,,,,,,,,,,,,,,,,,,,,,,,,,,,,,,,,,,,–,,,,,,,,,,,,,,,,,,,,,,,,,,,,,,,,,,,,,,,,,,,,,,,
Leukerbad,Leukerbad – Valais,,There are no current reports available,Day ticket(dynamic)Adult: from CHF 62.–Children: from CHF 37.–,https://snow.myswitzerland.com//snow_reports/leukerbad-83/,,,,,,,,,,,,,,,,,,,,,,,,,,,,,,,,,,,,,,,,,,,,,,,,,,,,,,,,,,,,,,,,,,,,,,,,,,,,,,,,,,,,,,,,,,,,,,,,,,,,,,,,,,,,,,,,,,,,,,,,,,,,,,,,,,,,,,,,,,,,,,,,,,,,,,,,,,,,,,,,,,,,,,,,,,,,,,,,,,,,,,,,,,,,,,,,,,,,,,,,,,
LAAX,Laax – Graubünden,0.0/210.4 ,no info,0/26,https://snow.myswitzerland.com//snow_reports/laax-67/#piste,0.0 km,–,today,today,0 cm,10 cm,29,235 km,155,4.64 km²,1100 m (altitude),closed,3,Closed,1100 m (altitude),0/13,0%,+41 (0)81 927 71 05,,0/2.9 km,,258/740 m,+41 (0)81 635 16 88,0.0/2.0 km,0.0/5.5 km,–,760-1630 m (altitude),-,+41 (0)81 927 71 05,closed,–,,–,,,,,,,,,,,,,,,,,,,,,,,,,,,,,,,,,,,,,,,,,,,,,,,,,,,,,,,,,,,,,,,,,,,,,,,,,,,,,,,,,,,,,,,,,,,,,,,,,,,,,,,,,,,,,,,,,,,,,,,,,,,–,,,,,,,,,,,,,,,,,,,,,,,,,,,,,,,,,,,,,,,,,,,,,,
St-Luc / Chandolin,St-Luc – Valais,0.0/60.4 ,no info,0/15,https://snow.myswitzerland.com//snow_reports/st-luc-chandolin-167/#piste,0.0 km,–,today,today,0 cm,0 cm,43,220 km,39,–,–,closed,0,On request,2138 m (altitude),0/4,0%,+41 (0)27 476 17 15,,0/0 km,,0/477 m,,,,,,-,+41 27 476 15 50,closed,–,–,,,,,,,,,,,,,,,,,,,,,,,,,,,,,,,,,–,,,,,,,,,,,,,,,,,,,,,,,,,,,,,,,,,,,,,,,,,,,,,,,,,,,,,,,,,,,,,,,,,,,,,,,,,,,,,,,,,,,,,,,,,,,,,,,,,,,,,,,,,,,,,,,,,,,,,,,,,,,,,,,,,,,,,,,,,
Bergbahnen Diemtigtal,Oey-Diemtigen – Bern Region,0.0/32.9 ,no info,0/11,https://snow.myswitzerland.com//snow_reports/bergbahnen-diemtigtal-220/#piste,0.0 km,–,26.02.2023,26.02.2023,0 cm,0 cm,13,36 km,23,0.16 km²,–,closed,0,Good,–,0/5,0%,033 684 12 33,,0/0 km,,0/706 m,,,,,,,,,,,,–,,,,,,,,,,,,,,,,,,,,,,,,,,,,,,,,,,,,,,,,,,,,,,,,,,,,,,,,,,,,,,,,,,,,,,,,,,,,,,,,,,,,,,,,,,,,,,,,,,,,,,,,,,,,,,,,,,,,,,,,,,,,–,,,,,,,,,,,,,,,,,,,,,,,,,,,,,,,,,,,,,,,,,,,,
Zernez/Engadin,Zernez – Graubünden,0.0/70.0 ,no info,0/13,https://snow.myswitzerland.com//snow_reports/zernezengadin-56/#piste,0.0 km,–,14.04.2023,16.04.2023,0 cm,0 cm,11,70 km,26,2.40 km²,–,closed,0,No notification,–,0/3,0%,+41 (0)81 856 13 00,,0/0 km,–,0/230 m,+41 (0)81 856 13 00,0.0/0.0 km,0.0/3.3 km,22:00 hr,1450-2200 m (altitude),-,+41(0)81 861 14 14,end of season,–,,,,,,,,,,,,,,,,,,,,,,,,,,,,,,,,,,,,,,,,,,,,,,,,,,,,,,,,,,,,,,,,,,,,,,,,,,,,,,,,,,,,,,,,,,,,,,,,,,,,,,,,,,,,,,,,,,,,,,,,,,,,,,,,–,,,,,,–,,,,,,,,,,,,,,,,,,,,,,,,,,,,,,,,,,,,,
Engadin & St. Moritz,St. Moritz – Graubünden,0.0/330.3 ,good,1/59,https://snow.myswitzerland.com//snow_reports/engadin-st-moritz-65/#piste,0.0 km,–,14.03.2023,16.04.2023,0 cm,0 cm,56,350 km,92,–,–,closed,0,No notification,–,0/15,0%,,,0/0 km,–,0/2569 m,,0.0/25.6 km,5.3/19.7 km,–,1710-1850 m (altitude),-,,end of season,–,90 cm,,,,,,,,,,,,,,,,,,,,,,,,,,,,,,,,10 cm,,,,,,,,,,,,,,,,,,,,,,,,,,,,,,,,,,,,,,,,,,,,,,,,,,,,,,,,,,,,,,,,,,,,,,,,,,,,,,,,,,,,,,,,,,,,,,,,,,,,,,,,,,,,,,,,,,,,,,,,,,,,,,,,,,,,,,,,,,
Zermatt - Matterhorn,Zermatt – Valais,,There are no current reports available,Day ticket(dynamic)Adult: from CHF 92.–Children: from CHF 46.–,https://snow.myswitzerland.com//snow_reports/zermatt-matterhorn-170/,,,,,,,,,,,,,,,,,,,,,,,,,,,,,,,,,,,,,,,,,,,,,,,,,,,,,,,,,,,,,,,,,,,,,,,,,,,,,,,,,,,,,,,,,,,,,,,,,,,,,,,,,,,,,,,,,,,,,,,,,,,,,,,,,,,,,,,,,,,,,,,,,,,,,,,,,,,,,,,,,,,,,,,,,,,,,,,,,,,,,,,,,,,,,,,,,,,,,,,,,,
Saas-Fee,Saas-Fee – Valais,,There are no current reports available,Day ticketAdult: CHF 75.–Children: CHF 37.–,https://snow.myswitzerland.com//snow_reports/saas-fee-176/,,,,,,,,,,,,,,,,,,,,,,,,,,,,,,,,,,,,,,,,,,,,,,,,,,,,,,,,,,,,,,,,,,,,,,,,,,,,,,,,,,,,,,,,,,,,,,,,,,,,,,,,,,,,,,,,,,,,,,,,,,,,,,,,,,,,,,,,,,,,,,,,,,,,,,,,,,,,,,,,,,,,,,,,,,,,,,,,,,,,,,,,,,,,,,,,,,,,,,,,,,
Blatten-Belalp,Blatten-Belalp – Valais,0.0/44.8 ,no info,1/10,https://snow.myswitzerland.com//snow_reports/blatten-belalp-81/#piste,0.0 km,–,12.11.2023,today,0 cm,13 cm,0,–,33,–,–,closed,0,Passable,1430 m (altitude),0/3,0%,027 921 65 10,,0/0 km,,0/1145 m,027 921 65 10,0.0/0.0 km,0.0/0 km,–,–,-,,closed,–,,,,,,,,,,,,,,,,,,,,,,,,,,,,,,,,,,,,,,,,,,,,,,,,,,,,,,,,,,,,,,,,,,,,,,,,,,,,,,,,,,,,,,,,,,,,,,,,,,,,,,,,,,,,,,,,,,,,,,,,,,,,,,,,,–,–,,,,,,,,,,,,,,,,,,,,,,,,,,,,,,,,,,,,,,,,,
Toggenburg,Alt St. Johann – Eastern Switzerland / Liechtenstein,0.0/65.0 ,no info,1/21,https://snow.myswitzerland.com//snow_reports/toggenburg-158/#piste,0.0 km,–,28.03.2023,today,0 cm,0 cm,17,50 km,39,–,1020 m (altitude),closed,0,Good,2262 m (altitude),0/8,0%,,,0/3.6 km,,0/1040 m,+41 (0)71 999 17 60,0.0/4.0 km,0.0/5.0 km,–,1560 m (altitude),-,,closed,–,–,,,,,,,,–,,,,,,,,,,,,,,,,,,,,,,,,,,,,,,,,,,,,,,,,,,,,,,,,,,,,,,,,,,,,,,,,,,,,,,,,,,,,,,,,,,,,,,,,,,,,,,,,,,,,,,,,,,,,,,,,,,,,,,,,,,,,,,,,,,,,,,,,,,,,,,,,,,,,,,,,,,,,,,,,,,
Chäserrugg - Toggenburg,Unterwasser – Eastern Switzerland / Liechtenstein,0.0/40.7 ,no info,0/14,https://snow.myswitzerland.com//snow_reports/chaeserrugg-toggenburg-203/#piste,0.0 km,–,28.03.2023,today,0 cm,0 cm,17,50 km,23,0.25 km²,900 m (altitude),closed,0,Good,2262 m (altitude),0/6,0%,+41 (0) 71 998 68 10,,0/0 km,,800/800 m,,,,,,-,+41 (0)848 84 15 06,closed,–,,,,,,,,,,,,,,,,,,,,,,,,,,,,–,–,,,,,,,,,,,,,,,,,,,,,,,,,,,,,,,,,,,,,,,,,,,,,,,,,,,,,,,,,,,,,,,,,,,,,,,,,,,,,,,,,,,,,,,,,,,,,,,,,,,,,,,,,,,,,,,,,,,,,,,,,,,,,,,,,,,,,,,,,,,,,,
Alt St. Johann-Toggenburg,Alt St. Johann – Eastern Switzerland / Liechtenstein,0.0/40.7 ,no info,0/14,https://snow.myswitzerland.com//snow_reports/alt-st-johann-toggenburg-204/#piste,0.0 km,–,28.03.2023,today,0 cm,0 cm,17,50 km,23,0.25 km²,900 m (altitude),closed,0,Good,2262 m (altitude),0/6,,,,,,,+41 (0)71 998 68 10,0.0/0.0 km,0.0/0.0 km,–,1560 m (altitude),-,+41 (0) 71 998 68 10,closed,–,,,,,,,,,–,,,,,,,,,,,,,,,,,,,–,,,,,,,,,,,,,,,,,,,,,,,,,,,,,,,,,,,,,,,,,,,,,,,,,,,,,,,,,,,,,,,,,,,,,,,,,,,,,,,,,,,,,,,,,,,,,,,,,,,,,,,,,,,,,,,,,,,,,,,,,,,,,,,,,,,,,,,,,,,,,,,
Arosa Lenzerheide,Arosa – Graubünden,0.0/220.7 ,no info,0/43,https://snow.myswitzerland.com//snow_reports/arosa-lenzerheide-123/#piste,0.0 km,–,yesterday,today,5 cm,5 cm,43,225 km,134,–,–,closed,0,Good,–,0/31,0%,,,0/2.5 km,–,0/1312 m,,0.0/0 km,0.0/4.0 km,–,–,-,,open,–,–,,,,,,,,,,,–,,,,,,,,,,,,,,,,,,,,,,,,,,,,,,,,,,,,,,,,,,,,,,,,,,,,,,,,,,,,,,,,,,,,,,,,,,,,,,,,,,,,,,,,,,,,,,,,,,,,,,,,,,,,,,,,,,,,,,,,,,,,,,,,,,,,,,,,,,,,,,,,,,,,,,,,,,,,,,,
Bellwald - Top of Goms,Bellwald – Valais,0.0/20.0 ,no info,1/5,https://snow.myswitzerland.com//snow_reports/bellwald-top-of-goms-169/#piste,–,–,29.03.2023,29.03.2023,0 cm,0 cm,36,20 km,13,0.42 km²,1635 m (altitude),closed,0,Good,–,0/2,0%,+41 (0)27 971 19 26,,0/0.5 km,,0/466 m,,,,,,-,+41 (0)27 971 16 84,no info,–,,,,,–,,,,,,,,,,,,,,,,,,,,,–,,,,,,,,,,,,,,,,,,,,,,,,,,,,,,,,,,,,,,,,,,,,,,,,,,,,,,,,,,,,,,,,,,,,,,,,,,,,,,,,,,,,,,,,,,,,,,,,,,,,,,,,,,,,,,,,,,,,,,,,,,,,,,,,,,,,,,,,,,,,,,,,,
Zuoz/Engadin,Zuoz – Graubünden,0.0/19.0 ,no info,0/6,https://snow.myswitzerland.com//snow_reports/zuozengadin-127/#piste,0.0 km,–,07.11.2023,27.03.2023,0 cm,0 cm,56,350 km,11,–,–,closed,1,No notification,–,0/1,0%,,,0/0 km,–,0/150 m,,0.0/28.0 km,5.3/16.4 km,–,1730-1850 m (altitude),-,,end of season,–,–,,,,,,,,,,,,,,,,,,,,,,,,,,,,,,,,,,,,,,,,,,,,,,,,,,,,,,,,,,,,,,,,,,,,,,,,,,,,,,,,,,,,,,,,,,,,,,,,,,,,,,,,,,,,,,,,,,,,,,,,,,,,,,,,,,–,,,,,,,,,,,,,,,,,,,,,,,,,,,,,,,,,,,,,,,,
St. Moritz,St. Moritz – Graubünden,0.0/163.8 ,no info,0/24,https://snow.myswitzerland.com//snow_reports/st-moritz-77/#piste,0.0 km,–,07.11.2023,07.11.2023,0 cm,0 cm,56,350 km,37,–,–,closed,1,No notification,–,0/5,,,,,,,,0.0/28.0 km,5.3/16.4 km,–,–,-,,end of season,–,–,,,,,,,,,,,,,,,,,,,,,,,,,,,,,,,,–,,,,,,,,,,,,,,,,,,,,,,,,,,,,,,,,,,,,,,,,,,,,,,,,,,,,,,,,,,,,,,,,,,,,,,,,,,,,,,,,,,,,,,,,,,,,,,,,,,,,,,,,,,,,,,,,,,,,,,,,,,,,,,,,,,,,,,,,,,
Silvaplana  Corvatsch,Silvaplana – Graubünden,0.0/120.0 ,no info,0/13,https://snow.myswitzerland.com//snow_reports/silvaplana-corvatsch-59/#piste,0.0 km,–,27.03.2023,27.03.2023,0 cm,0 cm,56,350 km,26,–,–,closed,1,No notification,–,0/4,–,,,0/0 km,–,0/0 m,,0.0/28.0 km,5.3/16.4 km,–,–,-,,end of season,–,–,,,,,,,,,,,,,,,,,,,,,,,,,,,,,,,,,,,,,,,,,,,,,,,,,,,,,,,,,,,,,,,,,,,,,,,,,,,,,,,,,,,,,,,,,,,,,,,,,,,,,,,,,,,,,,,,,,,,,,,,,,,,,,,,,,,–,,,,,,,,,,,,,,,,,,,,,,,,,,,,,,,,,,,,,,,
Sils/Engadin,Sils i.E. – Graubünden,0.0/120.0 ,no info,0/13,https://snow.myswitzerland.com//snow_reports/silsengadin-117/#piste,0.0 km,–,07.11.2023,14.03.2023,0 cm,0 cm,56,350 km,26,–,–,closed,1,No notification,–,0/4,0%,,,0/0 km,–,0/150 m,,0.0/28.0 km,5.3/16.4 km,–,–,-,,open,–,–,,,,,,,,,,,,,,,,,,,,,,,,,,,,,,,,,,,,,,,,,,,,,,,,,,,,,,,,,,,,,,,,,,,,,,,,,,,,,,,,,,,,,,,,,,,,,,,,,,,,,,,,,,,,,,,,,,,,,,,,,,,,,,,,,,,,–,,,,,,,,,,,,,,,,,,,,,,,,,,,,,,,,,,,,,,
S-chanf/Engadin,S-chanf – Graubünden,0.0/1.0 ,no info,0/1,https://snow.myswitzerland.com//snow_reports/s-chanfengadin-248/#piste,0.0 km,–,07.11.2023,27.03.2023,0 cm,0 cm,56,350 km,1,–,,,0,No notification,–,0/0,0%,,,0/0 km,–,0/496 m,,0.0/5.8 km,5.3/16.4 km,–,–,,,,,–,,,,,,,,,,,,,,,,,,,,,,,,,,,,,,,,,,,,,,,,,,,,,,,,,,,,,,,,,,,,,,,,,,,,,,,,,,,,,,,,,,,,,,,,,,,,,,,,,,,,,,,,,,,,,,,,,,,,,,–,,,,,,,,,,,,,,,,,,,,,,,,,,,,,,,,,,,,,,,,,,,,,,,,,,,,
Samedan/Engadin,Samedan – Graubünden,0.0/2.0 ,no info,0/4,https://snow.myswitzerland.com//snow_reports/samedanengadin-118/#piste,0.0 km,–,07.11.2023,27.03.2023,0 cm,0 cm,56,350 km,2,–,,,1,No notification,–,0/0,0%,,,0/0 km,–,0/720 m,,0.0/28.0 km,5.3/16.4 km,–,–,,,,,–,,,,,,,,,,,,,,,,,,,,,,,,,,,,,,,,,,,,,,,,,,,,,,,,,,,,,,,,,,,,,,,,,,,,,,,,,,,,,,,,,,,,,,,,,,,,,,,,,,,,,,,,,,,,,,,,,,,,,,,,,,,,,–,,,,,,,,,,,,,,,,,,,,,,,,,,,,,,,,,,,,,,,,,,,,,
Pontresina/Engadin,Pontresina – Graubünden,0.0/15.5 ,good,1/7,https://snow.myswitzerland.com//snow_reports/pontresinaengadin-63/#piste,0.0 km,–,07.11.2023,27.03.2023,0 cm,0 cm,56,350 km,12,–,–,closed,1,No notification,–,0/5,0%,,,0/0 km,–,0/755 m,,0.0/28.0 km,5.3/16.4 km,–,–,,,,,0 cm,,,,,,,,,,,,,,,,,,,,,,,,,,,,,,,,,,,,,,,,,,,,,,,,,,,,,,,,,,,,,,,,,,,,,,,,,,,,,,,,,,,,,,,,,,,,,,,,,,,,,,,,,,,,,,,,,,,,,15 cm,,,,,,,,,,,,,,,,,,,,,,,,,,,,,,,,,,,,,,,,,,,,,,,,,,,,,
Maloja/Engadin,Maloja – Graubünden,0.0/7.0 ,no info,0/2,https://snow.myswitzerland.com//snow_reports/malojaengadin-120/#piste,0.0 km,–,07.11.2023,27.03.2023,0 cm,0 cm,56,350 km,2,–,,,1,No notification,–,0/0,–,,,0/0 km,–,0/0 m,,0.0/28.0 km,5.3/16.4 km,–,1700-2100 m (altitude),,,,,–,,,,,,,,,,,,,,,,,,,,,,,,,,,,,,,,,,,,,,,,,,,,,,,,,,,,,,,,,,,,,,,,,,,,,,,,,,,,,,,,,,,,,,,,,,,,,,,,,,,,,,,,,,,–,,,,,,,,,,,,,,,,,,,,,,,,,,,,,,,,,,,,,,,,,,,,,,,,,,,,,,,,,,,,,,,
La Punt/Engadin,La Punt – Graubünden,0.0/2.0 ,no info,1/7,https://snow.myswitzerland.com//snow_reports/la-puntengadin-246/#piste,0.0 km,–,07.11.2023,27.03.2023,0 cm,0 cm,56,350 km,1,–,,,1,No notification,–,0/0,0%,,,0/0 km,–,0/260 m,,0.0/28.0 km,5.3/16.4 km,–,–,,,,,–,,,,,,,,,,,,,,,,,,,,,,,,,,,,,,,,,,,,,,,,,,,,,,,,,,,,,,,,,,,,,,,,,,,,,,,,,,,,,,,,,,,,,,,,,,,,,,,,,,,,,–,,,,,,,,,,,,,,,,,,,,,,,,,,,,,,,,,,,,,,,,,,,,,,,,,,,,,,,,,,,,,,,,,,,,,
Celerina/Engadin,Celerina – Graubünden,0.0/163.8 ,no info,0/24,https://snow.myswitzerland.com//snow_reports/celerinaengadin-119/#piste,0.0 km,–,07.11.2023,27.03.2023,0 cm,0 cm,56,350 km,37,–,1730 m (altitude),closed,0,No notification,–,0/5,,,,,,,,0.0/0.0 km,5.3/16.4 km,–,–,-,,end of season,–,–,,,,,,,,,,,,,,,,,,,,,,,,,,,,,,,,,,,,,,,,,,,,,,,,,,,,,,,,,,,,,,,,,,,,,,,,,,,,,,,,,,,,,,,,,,,,,,,,,,,,,,–,,,,,,,,,,,,,,,,,,,,,,,,,,,,,,,,,,,,,,,,,,,,,,,,,,,,,,,,,,,,,,,,,,,,
Destination Gstaad,Gstaad – Bern Region,0.0/203.1 ,no info,0/43,https://snow.myswitzerland.com//snow_reports/destination-gstaad-227/#piste,0.0 km,–,11.11.2023,11.11.2023,0 cm,0 cm,47,200 km,86,0.96 km²,1300 m (altitude),closed,0,Closed,1250 m (altitude),0/16,0%,,,0/2.5 km,–,0/878 m,,0.0/3.0 km,0.0/5.6 km,–,961-1012 m (altitude),-,,no info,–,–,–,,,,,,,,,,,,,,,,,,,,,,,,,,,,,,,,,,,,,,,,,,,,,,,,,,,,,,,,,,,,,,,,,,,,,,,,,,,,,,,,,,,,,,,,,,,,,,,,,,,,,,,,,,,,,,,,,,,,,,,,,,,,,,,,,,,,,,,,,,,,,,,,,,,,,,,,,,,,,,,,,,,,,,,,,
Moléson s/Gruyères,Moléson-sur-Gruyères – Region of Fribourg,0.0/30.0 ,no info,0/8,https://snow.myswitzerland.com//snow_reports/moleson-sgruyeres-76/#piste,0.0 km,–,06.02.2023,06.02.2023,0 cm,0 cm,8,0 km,7,0.84 km²,–,closed,,,,0/2,0%,,,0/0 km,–,0/455 m,,,,,,-,,no info,–,–,,,,,,,,,,,,,–,,,,,,,,,,,,,,,,,,,,,,,,,,,,,,,,,,,,,,,,,,,,,,,,,,,,,,,,,,,,,,,,,,,,,,,,,,,,,,,,,,,,,,,,,,,,,,,,,,,,,,,,,,,,,,,,,,,,,,,,,,,,,,,,,,,,,,,,,,,,,,,,,,,,,,,,,,,,,
Wildhaus - Toggenburg,Wildhaus – Eastern Switzerland / Liechtenstein,0.0/23.0 ,no info,0/6,https://snow.myswitzerland.com//snow_reports/wildhaus-toggenburg-32/#piste,0.0 km,–,28.03.2023,02.04.2023,0 cm,0 cm,6,23 km,15,–,1020 m (altitude),closed,0,End of season,1230 m (altitude),0/2,0%,,,0/0 km,–,0/210 m,,0.0/4.0 km,0/0 km,–,–,-,,end of season,–,,,,,,,,,,,,,,,,,,,,,,,,,,,,,–,,,,,,,,,,,,,,,,,,,,,,,,,,,,,,,,,,,,,,,,,,,,,,,,,,,,,,,,,,,,,,,,,,,,,,,,,,,–,,,,,,,,,,,,,,,,,,,,,,,,,,,,,,,,,,,,,,,,,,,,,,,,,,,,,,,,,,,,,,,,,,,
Schwarzsee FR,Schwarzsee – Region of Fribourg,,There are no current reports available,Day ticketAdult: CHF 44.–Children: CHF 26.–,https://snow.myswitzerland.com//snow_reports/schwarzsee-fr-214/,,,,,,,,,,,,,,,,,,,,,,,,,,,,,,,,,,,,,,,,,,,,,,,,,,,,,,,,,,,,,,,,,,,,,,,,,,,,,,,,,,,,,,,,,,,,,,,,,,,,,,,,,,,,,,,,,,,,,,,,,,,,,,,,,,,,,,,,,,,,,,,,,,,,,,,,,,,,,,,,,,,,,,,,,,,,,,,,,,,,,,,,,,,,,,,,,,,,,,,,,,
Engadin Scuol Zernez,Scuol – Graubünden,0.0/70.0 ,no info,0/13,https://snow.myswitzerland.com//snow_reports/engadin-scuol-zernez-60/#piste,0.0 km,–,14.04.2023,16.04.2023,0 cm,0 cm,18,70 km,26,2.40 km²,1250 m (altitude),closed,0,Good,1035 m (altitude),0/3,0%,+41 (0)81 861 88 00,,0/3.5 km,,0/3878 m,+41 (0)81 861 88 00,0.0/0.0 km,0.0/6.6 km,–,1035-2142 m (altitude),-,+41 (0)81 861 14 14,closed,–,,,,,,,,,,,,,,,,,,,,,,,,,,,,,,,,,,,,,,,,,,,,,,,,,,,,,,,,,,,,,,,,,,,,,,,,,,,,,,,,,,,,,,,,,,,,,,,,,,,,,,,,,–,–,,,,,,,,,,,,,,,,,,,,,,,,,,,,,,,,,,,,,,,,,,,,,,,,,,,,,,,,,,,,,,,,,
Arolla Espace Dent-Blanche,Arolla – Valais,,There are no current reports available,Day ticketAdult: CHF 46.–Children: CHF 30.–,https://snow.myswitzerland.com//snow_reports/arolla-espace-dent-blanche-144/,,,,,,,,,,,,,,,,,,,,,,,,,,,,,,,,,,,,,,,,,,,,,,,,,,,,,,,,,,,,,,,,,,,,,,,,,,,,,,,,,,,,,,,,,,,,,,,,,,,,,,,,,,,,,,,,,,,,,,,,,,,,,,,,,,,,,,,,,,,,,,,,,,,,,,,,,,,,,,,,,,,,,,,,,,,,,,,,,,,,,,,,,,,,,,,,,,,,,,,,,,
Glacier 3000,Les Diablerets – Canton of Vaud,,There are no current reports available,Day ticketAdult: CHF 75.–Children: CHF 49.–,https://snow.myswitzerland.com//snow_reports/glacier-3000-188/,,,,,,,,,,,,,,,,,,,,,,,,,,,,,,,,,,,,,,,,,,,,,,,,,,,,,,,,,,,,,,,,,,,,,,,,,,,,,,,,,,,,,,,,,,,,,,,,,,,,,,,,,,,,,,,,,,,,,,,,,,,,,,,,,,,,,,,,,,,,,,,,,,,,,,,,,,,,,,,,,,,,,,,,,,,,,,,,,,,,,,,,,,,,,,,,,,,,,,,,,,
Crans - Montana,Crans-Montana – Valais,0.0/136.0 ,closed,0/24,https://snow.myswitzerland.com//snow_reports/crans-montana-142/#piste,0.0 km,–,12.11.2023,12.11.2023,0 cm,0 cm,27,140 km,75,–,1500 m (altitude),closed,0,Closed,–,0/4,,,,,,,+41 (0) 27 485 04 04,0.0/0 km,0.0/0 km,–,1495 m (altitude),-,,closed,–,80 cm,,,,,,,20 cm,,,,,,,,,,,,,,,,,,,,,,,,,,,,,,,,,,,,,,,,,,,,,,,,,,,,,,,,,,,,,,,,,,,,,,,,,,,,,,,,,,,,,,,,,,,,,,,,,,,,,,,,,,,,,,,,,,,,,,,,,,,,,,,,,,,,,,,,,,,,,,,,,,,,,,,,,,,,,,,,,,,
Jaun - Dorf,Jaun - Dorf – Region of Fribourg,0.0/25.1 ,no info,0/4,https://snow.myswitzerland.com//snow_reports/jaun-dorf-89/#piste,0.0 km,–,27.03.2023,19.01.2023,0 cm,0 cm,4,25 km,17,0.20 km²,–,closed,0,No notification,–,0/8,0%,,,0/0 km,–,0/550 m,,0.0/0 km,0.0/40.0 km,–,1015-1080 m (altitude),,,,,,–,,,,,,,,,,,,,,,,,,,,,,,,,,,,,,,,,,,,,,,,,,,,,,,,,,,,,,,,,,,,,,,,,,,,,,,,,,,,,,,,,,,,,,,,,,,,,,,,,,,,,,,,,–,,,,,,,,,,,,,,,,,,,,,,,,,,,,,,,,,,,,,,,,,,,,,,,,,,,,,,,,,,,,,,,,
Elsigen - Metsch,Frutigen – Bern Region,0.0/31.9 ,no info,0/10,https://snow.myswitzerland.com//snow_reports/elsigen-metsch-98/#piste,0.0 km,–,08.04.2023,07.11.2023,0 cm,0 cm,72,210 km,19,–,–,closed,0,Good,–,0/3,0%,,,0/0 km,–,0/550 m,,0.0/0.0 km,0.0/0 km,–,–,-,,closed,–,–,,,,,,,,,,,,,,–,,,,,,,,,,,,,,,,,,,,,,,,,,,,,,,,,,,,,,,,,,,,,,,,,,,,,,,,,,,,,,,,,,,,,,,,,,,,,,,,,,,,,,,,,,,,,,,,,,,,,,,,,,,,,,,,,,,,,,,,,,,,,,,,,,,,,,,,,,,,,,,,,,,,,,,,,,,,
Arosa Lenzerheide,Lenzerheide – Graubünden,0.0/220.7 ,no info,0/43,https://snow.myswitzerland.com//snow_reports/arosa-lenzerheide-66/#piste,0.0 km,–,16.04.2023,16.04.2023,0 cm,0 cm,43,225 km,134,–,–,closed,0,Good,–,0/31,0%,,,0/6.0 km,–,0/994 m,,0/0 km,3.0/13.0 km,21:00 hr,–,-,,open,–,–,,,,,,,,,,,,,,,,,,,,,,,,,,,,,,,,,,,,,,,,,,,,,,,,,,,,,,,,,,,,,,,,,,,,,,,,,,,,,,,,,,,,,,,,,,,,,,,,,,,,,,,,,,,,–,,,,,,,,,,,,,,,,,,,,,,,,,,,,,,,,,,,,,,,,,,,,,,,,,,,,,,,,,,,,,,
Bruson,Verbier – Valais,0.0/35.4 ,no info,0/4,https://snow.myswitzerland.com//snow_reports/bruson-181/#piste,0.0 km,–,11.11.2023,13.11.2023,0 cm,0 cm,82,412 km,7,–,–,closed,0,Good,–,0/1,,,,,,,,,,,,,,,,–,,,,,,,–,,,,,,,,,,,,,,,,,,,,,,,,,,,,,,,,,,,,,,,,,,,,,,,,,,,,,,,,,,,,,,,,,,,,,,,,,,,,,,,,,,,,,,,,,,,,,,,,,,,,,,,,,,,,,,,,,,,,,,,,,,,,,,,,,,,,,,,,,,,,,,,,,,,,,,,,,,,,,,,,,,,
Unterbäch-Brandalp-Ginals,Unterbäch – Valais,0.0/19.8 ,no info,1/7,https://snow.myswitzerland.com//snow_reports/unterbaech-brandalp-ginals-171/#piste,0.0 km,–,27.03.2023,27.03.2023,0 cm,0 cm,15,90 km,12,–,1200 m (altitude),closed,0,No notification,–,0/2,100%,+41 (0)27 934 21 19,,0/0 km,,550/550 m,,,,,,,,,,–,,,,,,,,,,,,,,,,,,,,,,,,,,,,,,,,,,,,,,,,,,,,,,,,,,,,,,,,,,,,,,,,,,,,,,,,,,,,,,,,,,,,,,,,,,,,,,,,,,,,,,,,,,,,,,,,,,,–,,,,,,,,,,,,,,,,,,,,,,,,,,,,,,,,,,,,,,,,,,,,,,,,,,,,,,,
Villars-Gryon,Villars-sur-Ollon – Canton of Vaud,,There are no current reports available,Day ticketAdult: CHF 59.–Children: CHF 39.–,https://snow.myswitzerland.com//snow_reports/villars-gryon-147/,,,,,,,,,,,,,,,,,,,,,,,,,,,,,,,,,,,,,,,,,,,,,,,,,,,,,,,,,,,,,,,,,,,,,,,,,,,,,,,,,,,,,,,,,,,,,,,,,,,,,,,,,,,,,,,,,,,,,,,,,,,,,,,,,,,,,,,,,,,,,,,,,,,,,,,,,,,,,,,,,,,,,,,,,,,,,,,,,,,,,,,,,,,,,,,,,,,,,,,,,,
La Berra - La Roche,La Roche - La Berra – Region of Fribourg,,There are no current reports available,Day ticketAdult: CHF 41.–Children: CHF 26.–,https://snow.myswitzerland.com//snow_reports/la-berra-la-roche-218/,,,,,,,,,,,,,,,,,,,,,,,,,,,,,,,,,,,,,,,,,,,,,,,,,,,,,,,,,,,,,,,,,,,,,,,,,,,,,,,,,,,,,,,,,,,,,,,,,,,,,,,,,,,,,,,,,,,,,,,,,,,,,,,,,,,,,,,,,,,,,,,,,,,,,,,,,,,,,,,,,,,,,,,,,,,,,,,,,,,,,,,,,,,,,,,,,,,,,,,,,,
Bosco Gurin,Bosco Gurin – Ticino,,There are no current reports available,Day ticketAdult: CHF 45.–Children: CHF 20.–,https://snow.myswitzerland.com//snow_reports/bosco-gurin-252/,,,,,,,,,,,,,,,,,,,,,,,,,,,,,,,,,,,,,,,,,,,,,,,,,,,,,,,,,,,,,,,,,,,,,,,,,,,,,,,,,,,,,,,,,,,,,,,,,,,,,,,,,,,,,,,,,,,,,,,,,,,,,,,,,,,,,,,,,,,,,,,,,,,,,,,,,,,,,,,,,,,,,,,,,,,,,,,,,,,,,,,,,,,,,,,,,,,,,,,,,,
Champéry Region Dents du Midi,Champéry – Valais,0.0/690.7 ,no info,0/217,https://snow.myswitzerland.com//snow_reports/champery-region-dents-du-midi-13/#piste,0.0 km,–,01.04.2023,09.11.2023,0 cm,0 cm,37,100 km,48,–,–,closed,,,,0/4,,,,,,,,,,,,-,,no info,–,–,–,,,,,,,,,,,,,,,,,,,,,,,,,,,,,,,,,,,,,,,,,,,,,,,,,,,,,,,,,,,,,,,,,,,,,,,,,,,,,,,,,,,,,,,,,,,,,,,,,,,,,,,,,,,,,,,,,,,,,,,,,,,,,,,,,,,,,,,,,,,,,,,,,,,,,,,,,,,,,,,,,,,,,,,,,
Rougemont,Rougemont – Canton of Vaud,0.0/26.5 ,no info,0/3,https://snow.myswitzerland.com//snow_reports/rougemont-395/#piste,0.0 km,–,11.11.2023,11.11.2023,0 cm,0 cm,–,220 km,8,–,–,closed,0,Closed,–,0/1,,,,,,,,0.0/0 km,0.0/3.6 km,–,961-1012 m (altitude),,,,,–,,,–,,,,,,,,,,,,,,,,,,,,,,,,,,,,,,,,,,,,,,,,,,,,,,,,,,,,,,,,,,,,,,,,,,,,,,,,,,,,,,,,,,,,,,,,,,,,,,,,,,,,,,,,,,,,,,,,,,,,,,,,,,,,,,,,,,,,,,,,,,,,,,,,,,,,,,,,,,,,,,,,,,,,,,,
Tschiertschen,Tschiertschen – Graubünden,0.0/27.0 ,no info,0/5,https://snow.myswitzerland.com//snow_reports/tschiertschen-57/#piste,0.0 km,–,12.03.2023,12.03.2023,0 cm,0 cm,0,0 km,16,–,–,closed,0,End of season,–,0/3,0%,+41 (0)81 373 01 01,,0/0 km,,0/475 m,,0.0/0.0 km,0.0/0.0 km,–,1400 m (altitude),-,+41 (0)81 373 01 01,end of season,–,–,,,,,–,,,,,,,,,,,,,,,,,,,,,,,,,,,,,,,,,,,,,,,,,,,,,,,,,,,,,,,,,,,,,,,,,,,,,,,,,,,,,,,,,,,,,,,,,,,,,,,,,,,,,,,,,,,,,,,,,,,,,,,,,,,,,,,,,,,,,,,,,,,,,,,,,,,,,,,,,,,,,,,,,,,,,
Rochers-de-Naye - Caux,Caux – Canton of Vaud,0.0/7.8 ,no info,0/6,https://snow.myswitzerland.com//snow_reports/rochers-de-naye-caux-186/#piste,0.0 km,–,18.01.2023,01.04.2023,0 cm,0 cm,–,7 km,7,0.23 km²,,,,,,0/0,,,,,,,,,,,,,,,,–,,,–,,,,,,,,,,,,,,,,,,,,,,,,,,,,,,,,,,,,,,,,,,,,,,,,,,,,,,,,,,,,,,,,,,,,,,,,,,,,,,,,,,,,,,,,,,,,,,,,,,,,,,,,,,,,,,,,,,,,,,,,,,,,,,,,,,,,,,,,,,,,,,,,,,,,,,,,,,,,,,,,,,,,,,,
Les Pléiades,Blonay – Canton of Vaud,0.0/7.9 ,no info,0/6,https://snow.myswitzerland.com//snow_reports/les-pleiades-187/#piste,1.0 km,–,18.03.2023,18.03.2023,0 cm,0 cm,–,–,7,0.17 km²,,,0,No notification,–,,,,,,,,+41 (0) 79 703 77 49,0.0/0 km,0.0/1.0 km,–,1150-1250 m (altitude),,,,,,,,,,,,,,,,,–,,,,,,,,,,,,,,,,,,,,,,,,,,,,,,,,,,,,,,,,,,,,,,,,,,,,,,,,,,,,,,,,,,,,,,,,,,,,,,,,,,,,,,,,,,,,,,,,,–,,,,,,,,,,,,,,,,,,,,,,,,,,,,,,,,,,,,,,,,,,,,,,,,,,,,,,,,,,,,,
Wiriehorn,Oey-Diemtigen – Bern Region,0.0/12.5 ,no info,0/5,https://snow.myswitzerland.com//snow_reports/wiriehorn-231/#piste,0.0 km,–,26.02.2023,26.02.2023,0 cm,0 cm,13,36 km,8,0.16 km²,–,closed,0,Good,–,0/1,0%,,,0/0 km,–,0/579 m,,,,,,,,,,–,,–,,,,,,,,,,,,,,,,,,,,,,,,,,,,,,,,,,,,,,,,,,,,,,,,,,,,,,,,,,,,,,,,,,,,,,,,,,,,,,,,,,,,,,,,,,,,,,,,,,,,,,,,,,,,,,,,,,,,,,,,,,,,,,,,,,,,,,,,,,,,,,,,,,,,,,,,,,,,,,,,,,,,,,,,
Les Diablerets,Villars-sur-Ollon – Canton of Vaud,,There are no current reports available,Day ticketAdult: CHF 59.–Children: CHF 39.–,https://snow.myswitzerland.com//snow_reports/les-diablerets-3/,,,,,,,,,,,,,,,,,,,,,,,,,,,,,,,,,,,,,,,,,,,,,,,,,,,,,,,,,,,,,,,,,,,,,,,,,,,,,,,,,,,,,,,,,,,,,,,,,,,,,,,,,,,,,,,,,,,,,,,,,,,,,,,,,,,,,,,,,,,,,,,,,,,,,,,,,,,,,,,,,,,,,,,,,,,,,,,,,,,,,,,,,,,,,,,,,,,,,,,,,,
Veysonnaz - 4 Vallées,Veysonnaz – Valais,0.0/144.3 ,no info,0/40,https://snow.myswitzerland.com//snow_reports/veysonnaz-4-vallees-5/#piste,0.0 km,–,07.04.2023,14.04.2023,0 cm,0 cm,82,400 km,41,0.00 km²,1350 m (altitude),closed,1,Passable,2200 m (altitude),0/18,,,,,,,,,,,,,,,,,,,,,,,,,–,,,,,,,,,,,–,,,,,,,,,,,,,,,,,,,,,,,,,,,,,,,,,,,,,,,,,,,,,,,,,,,,,,,,,,,,,,,,,,,,,,,,,,,,,,,,,,,,,,,,,,,,,,,,,,,,,,,,,,,,,,,,,,,,,,,,,,,,,,,,,,,,,,,,,,,,,,,,,,,,,,
Forclaz Espace Dent-Blanche,La Forclaz VS – Valais,,There are no current reports available,Day ticketAdult: CHF 28.–Children: CHF 19.–,https://snow.myswitzerland.com//snow_reports/forclaz-espace-dent-blanche-256/,,,,,,,,,,,,,,,,,,,,,,,,,,,,,,,,,,,,,,,,,,,,,,,,,,,,,,,,,,,,,,,,,,,,,,,,,,,,,,,,,,,,,,,,,,,,,,,,,,,,,,,,,,,,,,,,,,,,,,,,,,,,,,,,,,,,,,,,,,,,,,,,,,,,,,,,,,,,,,,,,,,,,,,,,,,,,,,,,,,,,,,,,,,,,,,,,,,,,,,,,,
Rosswald,Rosswald – Valais,0.0/19.0 ,no info,1/6,https://snow.myswitzerland.com//snow_reports/rosswald-86/#piste,0.0 km,–,10.03.2023,17.01.2023,0 cm,0 cm,–,–,5,–,–,closed,,,,0/1,0%,+41 27 923 20 04,,0/0 km,,0/850 m,,,,,,,,,,–,,,,,,,,,,,–,,,,,,,,,,,,,,,,,,,,,,,,,,,,,,,,,,,,,,,,,,,,,,,,,,,,,,,,,,,,,,,,,,,,,,,,,,,,,,,,,,,,,,,,,,,,,,,,,,,,,,,,,,,,,,,,,,,,,,,,,,,,,,,,,,,,,,,,,,,,,,,,,,,,,,,,,,,,,,,
Airolo,Airolo – Ticino,0.0/37.6 ,no info,0/8,https://snow.myswitzerland.com//snow_reports/airolo-162/#piste,0.0 km,–,11.03.2023,11.03.2023,0 cm,0 cm,–,–,13,–,–,closed,0,No notification,–,0/2,,,,,,,,,,,,,,,,–,,,,,,,,,,,,,,,,,,,,,,–,,,,,,,,,,,,,,,,,,,,,,,,,,,,,,,,,,,,,,,,,,,,,,,,,,,,,,,,,,,,,,,,,,,,,,,,,,,,,,,,,,,,,,,,,,,,,,,,,,,,,,,,,,,,,,,,,,,,,,,,,,,,,,,,,,,,,,,,,,,,,,,,,,,,
Vercorin,Vercorin – Valais,0.0/35.9 ,no info,1/9,https://snow.myswitzerland.com//snow_reports/vercorin-7/#piste,0.0 km,–,10.11.2023,12.11.2023,0 cm,0 cm,9,35 km,13,0.01 km²,1330 m (altitude),closed,0,Closed,–,0/3,0%,+41 (0)27 455 58 55,,0/0 km,–,0/510 m,,,,,,-,+41 (0)27 455 58 55,closed,–,–,,,,,,,,,,,,,,,,,,,,,,,,,,,,,,,,,,,,,,,,,,,,,,,,,,,,,,,,,,,,,,,,,,,,,,,,,,,,,,,,,,,,,,,,,,,,,,,,,,,,,,,,,,,,,,–,,,,,,,,,,,,,,,,,,,,,,,,,,,,,,,,,,,,,,,,,,,,,,,,,,,,,,,,,,,,
Nendaz - 4 Vallées,Nendaz – Valais,0.0/85.6 ,no info,1/24,https://snow.myswitzerland.com//snow_reports/nendaz-4-vallees-139/#piste,0.0 km,00:00 hr,07.04.2023,14.04.2023,0 cm,0 cm,80,410 km,26,0.00 km²,1600 m (altitude),closed,1,End of season,2200 m (altitude),0/18,0%,+41 (0)27 289 52 00,,0/0.5 km,,0/1214 m,+41 (0)27 289 55 89,0.0/0.0 km,0.0/0.0 km,–,2200-2260 m (altitude),,,,,,,,,,5 cm,,,,,,,,,,,,,,,,,,,,,,,,,,,,,,,,,,,,,,,,,,,,,,,,,,,,,,,,,,,,,,,,,,,,,,,,,,,,,,,,,,,,,,,,,,,,,,,,,,,,,,,,,,128 cm,,,,,,,,,,,,,,,,,,,,,,,,,,,,,,,,,,,,,,,,,,,,,,,,,,,,,,,,,,,
Pizol - Bad Ragaz - Wangs,Bad Ragaz – Eastern Switzerland / Liechtenstein,0.0/50.1 ,no info,0/12,https://snow.myswitzerland.com//snow_reports/pizol-bad-ragaz-wangs-41/#piste,0.0 km,–,10.04.2023,10.04.2023,0 cm,0 cm,11,40 km,28,7.00 km²,509 m (altitude),closed,0,Good,1633 m (altitude),0/2,0%,+41 (0)81 300 48 20,,0/3.5 km,,0/1013 m,,,,,,-,+41 (0)81 300 48 20,no info,–,,,,,,,,,,,,,,,,,,,,,,,,,,,,,,,,,,,,,,,,,,,,,,,,,,,,,,,,,,,,,,,,,,,,,,,,,,,,,,,,,,,,,,,,,,,,,,,,,,,,,,,,,,,,,,,,,–,–,,,,,,,,,,,,,,,,,,,,,,,,,,,,,,,,,,,,,,,,,,,,,,,,,,,,,,,,,
Champex-Lac,Champex-Lac – Valais,0.0/15.0 ,no info,0/4,https://snow.myswitzerland.com//snow_reports/champex-lac-168/#piste,0.0 km,–,02.04.2023,02.04.2023,0 cm,0 cm,14,15 km,10,–,–,closed,,,,0/2,0%,,,0/0 km,–,0/716 m,,0.0/0 km,0.0/0 km,–,–,,,,,–,,,,,,,,,,,,,,,,,,,,,,,,,,,,,,,,,,,,,,,,,,,,,,,,,,,,,,,,,,,,,,,,,,,,,,,,,,,,,,,,,,,,,,,,,,,,,,,,,,,,,,,,,,,,,,,,,,–,,,,,,,,,,,,,,,,,,,,,,,,,,,,,,,,,,,,,,,,,,,,,,,,,,,,,,,,
Engstligenalp,Adelboden – Bern Region,0.0/17.4 ,no info,0/8,https://snow.myswitzerland.com//snow_reports/engstligenalp-336/#piste,0.0 km,–,10.11.2023,2 days ago,0 cm,0 cm,70,210 km,11,400.00 km²,,,0,Closed,–,0/0,,,,,,,+41 (0)33 673 32 70,0.0/0.0 km,0.0/0.0 km,–,–,-,,end of season,–,,,,,,,,,,,,,,,,,,,,,,0 cm,,,,,,,,,,,,,,,,,,,,,,,,,,,,,,,,,,,,,,,,,,,,,,,,,,,,,,,,,,,,,,,,,,,,,,,,,,,,,,,,,,,,,,,,,,,,,,,28 cm,,,,,,,,,,,,,,,,,,,,,,,,,,,,,,,,,,,,,,,,,,,,,,,,,,,,,,
Melchsee-Frutt,Melchsee-Frutt – Lucerne - Lake Lucerne Region,0.0/36.0 ,no info,0/16,https://snow.myswitzerland.com//snow_reports/melchsee-frutt-24/#piste,0.0 km,–,2 days ago,2 days ago,0 cm,0 cm,0,36 km,10,0.83 km²,1080 m (altitude),closed,0,No notification,1744 m (altitude),0/2,0%,041 669 70 70,,0/7.9 km,,0/860 m,041 669 70 70,0.0/0.0 km,0.0/0.0 km,–,1900 m (altitude),-,,no info,–,,,,,,,,,,,,,,,,,,,,,,,,,,,,,,,,,,,,,,,,,,,,,,,,,,,,,,,,,,,,,,,,,,,,,,,,,,,,,,,,,,,,,,,,,,,,,,,,,,,,,,,,,,,,,,,,,,,,,,,,,,,,,,,,,,,,,,,,–,,,,,,,,,,,,,,,,,–,,,,,,,,,,,,,,,,,,
Ovronnaz,Ovronnaz – Valais,0.0/30.0 ,end of season,0/7,https://snow.myswitzerland.com//snow_reports/ovronnaz-138/#piste,0.0 km,–,05.11.2023,05.11.2023,0 cm,0 cm,7,30 km,23,–,–,closed,,,,0/3,,,,,,,,,,,,-,,end of season,–,60 cm,,,,,0 cm,,,,,,,,,,,,,,,,,,,,,,,,,,,,,,,,,,,,,,,,,,,,,,,,,,,,,,,,,,,,,,,,,,,,,,,,,,,,,,,,,,,,,,,,,,,,,,,,,,,,,,,,,,,,,,,,,,,,,,,,,,,,,,,,,,,,,,,,,,,,,,,,,,,,,,,,,,,,,,,,,,,,,
La Tzoumaz - Savoleyres,Verbier – Valais,0.0/48.8 ,no info,0/8,https://snow.myswitzerland.com//snow_reports/la-tzoumaz-savoleyres-332/#piste,0.0 km,–,11.11.2023,13.11.2023,0 cm,0 cm,82,412 km,13,–,–,closed,,,,0/4,0%,,,0/0 km,–,0/854 m,,,,,,,,,,–,,,,,,,–,,,,,,,,,,,,,,,,,,,,,,,,,,,,,,,,,,,,,,,,,,,,,,,,,,,,,,,,,,,,,,,,,,,,,,,,,,,,,,,,,,,,,,,,,,,,,,,,,,,,,,,,,,,,,,,,,,,,,,,,,,,,,,,,,,,,,,,,,,,,,,,,,,,,,,,,,,,,,,,,,,,
Obersaxen Mundaun,Obersaxen Mundaun – Graubünden,0.0/112.0 ,no info,0/15,https://snow.myswitzerland.com//snow_reports/obersaxen-mundaun-64/#piste,0.0 km,–,03.11.2023,03.11.2023,0 cm,0 cm,17,120 km,49,–,–,closed,0,No notification,–,0/9,0%,,,0/0 km,–,0/0 m,,0.0/0 km,0.0/0 km,–,1079 m (altitude),-,,closed,–,–,,,,,,,,,–,,,,,,,,,,,,,,,,,,,,,,,,,,,,,,,,,,,,,,,,,,,,,,,,,,,,,,,,,,,,,,,,,,,,,,,,,,,,,,,,,,,,,,,,,,,,,,,,,,,,,,,,,,,,,,,,,,,,,,,,,,,,,,,,,,,,,,,,,,,,,,,,,,,,,,,,,,,,,,,,,
Leysin-Mosses-Lécherette,Leysin – Canton of Vaud,0.0/100.0 ,no info,0/27,https://snow.myswitzerland.com//snow_reports/leysin-mosses-lecherette-330/#piste,–,–,27.03.2023,27.03.2023,0 cm,0 cm,23,100 km,45,–,–,closed,0,Good,–,0/14,,,,,,,,0/0 km,0/0 km,–,–,-,,end of season,–,–,,,,,,,,,,,,,,,,,,,,,,,,,,,,,,,,,,,,,,,,,,,,,,,,,,,,,,,,,,,,,,,,,,,,,,,,,,,,,,,,,,,,,,,,,,,,,,,,,,,,,,,,,,,,,,,,,,,,,,,,,,,,,,,,,,,,,,,,–,,,,,,,,,,,,,,,,,,,,,,,,,,,,,,,,,,
Hoch-Ybrig,Hoch-Ybrig – Lucerne - Lake Lucerne Region,0.0/50.0 ,no info,0/13,https://snow.myswitzerland.com//snow_reports/hoch-ybrig-26/#piste,0.0 km,–,16.04.2023,16.04.2023,0 cm,0 cm,12,50 km,22,–,–,closed,,,,0/2,,,,,,,,,,,,-,,no info,–,0 cm,,,,,,,,,,,,,,,,,,,,,,,,,,,,,,,,,,,,,,,,,,,,,,,,,,,,,,,,,,,,,,,,,,,,,,,,,,,,,,,,,,,,,,,,,,,,,,,,,,,,,,,,,,,,,,,,,,,,,,,,,,,,,,,,,,,,,,,,,,,,,,,,,,,,,,,,,,,0 cm,,,,,,,,,,,,,,,
La Fouly,La Fouly – Valais,0.0/15.0 ,no info,0/4,https://snow.myswitzerland.com//snow_reports/la-fouly-141/#piste,,,,,,,,,,,,,,,,,,,,,,,,,,,,,,,,,,,,,,,,,,,,,,,,,,,,,,,,,,,,,,,,,,,,,,,,,,,,,,,,,,,,,,,,,,,,,,,,,,,,,,,,,,,,,,,,,,,,,,,,,,,,,,,,,,,,,,,,,,,,,,,,,,,,,,,,,,,,,,,,,,,,,,,,,,,,,,,,,,,,,,,,,,,,,,,,,,,,,,,,,,
Malbun - Steg (FL),Malbun-Steg – Eastern Switzerland / Liechtenstein,,There are no current reports available,Day ticketAdult: CHF 52.–Children: CHF 30.–,https://snow.myswitzerland.com//snow_reports/malbun-steg-fl-112/,,,,,,,,,,,,,,,,,,,,,,,,,,,,,,,,,,,,,,,,,,,,,,,,,,,,,,,,,,,,,,,,,,,,,,,,,,,,,,,,,,,,,,,,,,,,,,,,,,,,,,,,,,,,,,,,,,,,,,,,,,,,,,,,,,,,,,,,,,,,,,,,,,,,,,,,,,,,,,,,,,,,,,,,,,,,,,,,,,,,,,,,,,,,,,,,,,,,,,,,,,
Vichères - Bavon,Liddes – Valais,0.0/15.8 ,no info,0/5,https://snow.myswitzerland.com//snow_reports/vicheres-bavon-257/#piste,0.0 km,–,11.03.2023,11.03.2023,0 cm,0 cm,24,140 km,13,–,–,closed,0,No notification,–,0/2,,,,,,,,0.0/0 km,0.0/0 km,–,–,,,,,–,,,,,–,,,,,,,,,,,,,,,,,,,,,,,,,,,,,,,,,,,,,,,,,,,,,,,,,,,,,,,,,,,,,,,,,,,,,,,,,,,,,,,,,,,,,,,,,,,,,,,,,,,,,,,,,,,,,,,,,,,,,,,,,,,,,,,,,,,,,,,,,,,,,,,,,,,,,,,,,,,,,,,,,,,,,
Flumserberg,Flumserberg – Eastern Switzerland / Liechtenstein,0.0/64.7 ,no info,0/17,https://snow.myswitzerland.com//snow_reports/flumserberg-113/#piste,0.0 km,–,28.03.2023,28.03.2023,0 cm,0 cm,18,65 km,48,–,–,closed,0,No notification,1400 m (altitude),0/4,0%,+41817201515,,0/3.0 km,,0/356 m,,0.0/0.0 km,0.0/0 km,–,1400-1576 m (altitude),-,,no info,–,–,,,,,,,,,,,,,,,,,,,,,,,,,,,,,,,,,,,,,,,,,,,,,,,,,,,,,,,,,,,,,,,,,,,,,,,,,,,,,,,,,,,,,,,,,,,,,,,,,,,,,,,,,,,,,,,,,,,,,,,,,,,,,,,,,,,,,,,,,,,,,,,,,,,,,,,,,,,,–,,,,,,,,,,,,,,
Evolène Espace Dent-Blanche,Evolène – Valais,,There are no current reports available,Day ticketAdult: CHF 46.–Children: CHF 30.–,https://snow.myswitzerland.com//snow_reports/evolene-espace-dent-blanche-11/,,,,,,,,,,,,,,,,,,,,,,,,,,,,,,,,,,,,,,,,,,,,,,,,,,,,,,,,,,,,,,,,,,,,,,,,,,,,,,,,,,,,,,,,,,,,,,,,,,,,,,,,,,,,,,,,,,,,,,,,,,,,,,,,,,,,,,,,,,,,,,,,,,,,,,,,,,,,,,,,,,,,,,,,,,,,,,,,,,,,,,,,,,,,,,,,,,,,,,,,,,
Les Mosses - La Lécherette,Les Mosses – Canton of Vaud,,There are no current reports available,Day ticketAdult: CHF 62.–Children: CHF 40.–,https://snow.myswitzerland.com//snow_reports/les-mosses-la-lecherette-329/,,,,,,,,,,,,,,,,,,,,,,,,,,,,,,,,,,,,,,,,,,,,,,,,,,,,,,,,,,,,,,,,,,,,,,,,,,,,,,,,,,,,,,,,,,,,,,,,,,,,,,,,,,,,,,,,,,,,,,,,,,,,,,,,,,,,,,,,,,,,,,,,,,,,,,,,,,,,,,,,,,,,,,,,,,,,,,,,,,,,,,,,,,,,,,,,,,,,,,,,,,
Elm,Elm – Eastern Switzerland / Liechtenstein,0.0/40.0 ,no info,0/6,https://snow.myswitzerland.com//snow_reports/elm-49/#piste,0.0 km,–,15.03.2023,01.04.2023,0 cm,0 cm,6,40 km,16,0.51 km²,–,closed,0,On request,–,0/3,0%,,,0/4.0 km,–,0/1000 m,,0.0/10.0 km,0.0/1.2 km,–,–,-,,closed,–,–,,,–,,,,,,,,,,,,,,,,,,,,,,,,,,,,,,,,,,,,,,,,,,,,,,,,,,,,,,,,,,,,,,,,,,,,,,,,,,,,,,,,,,,,,,,,,,,,,,,,,,,,,,,,,,,,,,,,,,,,,,,,,,,,,,,,,,,,,,,,,,,,,,,,,,,,,,,,,,,,,,,,,,,,,,,
Les Marécottes-Salvan,Les Marécottes – Valais,0.0/26.5 ,closed,0/4,https://snow.myswitzerland.com//snow_reports/les-marecottes-salvan-10/#piste,0.0 km,–,16.03.2023,10.11.2023,0 cm,0 cm,1,150 km,9,–,–,closed,0,No notification,–,0/1,0%,+41 (0)27 761 31 10,,0/0 km,,0/667 m,,,,,,,,,,0 cm,,,,,,,,,,,,,0 cm,,,,,,,,,,,,,,,,,,,,,,,,,,,,,,,,,,,,,,,,,,,,,,,,,,,,,,,,,,,,,,,,,,,,,,,,,,,,,,,,,,,,,,,,,,,,,,,,,,,,,,,,,,,,,,,,,,,,,,,,,,,,,,,,,,,,,,,,,,,,,,,,,,,,,,,,,,,,,
Lauchernalp-Lötschental,Lauchernalp – Valais,0.0/40.0 ,no info,1/7,https://snow.myswitzerland.com//snow_reports/lauchernalp-loetschental-178/#piste,0.0 km,–,12.11.2023,yesterday,0 cm,8 cm,–,–,12,–,–,closed,0,Good,1360 m (altitude),0/1,0%,,,0/0 km,,0/566 m,,0.0/0.0 km,0.0/2.0 km,–,1540-1787 m (altitude),,,,,,,,,,,,,,,,,–,,,,,,,,,,,,,,,,,,,,,,,,,,,,,,,,,,,,,,,,,,,,,,,,,,,,,,,,,,,,,,,,,,,,,,,,,,,,,,,,,,,,,,,,,,,,,,,,,,,,,,,,,,,,,,,,,,,,,,,,,,,,,,,,,,,,,,,,,,,,,,,,,–,,,,,,,,,,,,,
Klewenalp-Stockhütte,Klewenalp-Stockhütte – Lucerne - Lake Lucerne Region,0.0/25.2 ,no info,0/15,https://snow.myswitzerland.com//snow_reports/klewenalp-stockhuette-110/#piste,0.0 km,–,27.03.2023,27.03.2023,0 cm,0 cm,–,40 km,16,–,–,closed,0,No notification,–,0/1,0%,,,0/0 km,–,0/800 m,,,,,,,,,,–,,,,,,,,,,,,,,,,,,,,,,,,,,,,,,,,,,,,,,,,,,,,,,,,,,,,,,,,,,,,,,,,,,,,,,,,,,,,,,,,,,,,,,,,,,,,,,,,,,,,,,,,,,,,,,,,,,,,,,,,,,,,,,,,,,,,,,,,,,,,,,,,,,,,,,,,,,,,,,–,,,,,,,,,,,,
Amden,Amden – Eastern Switzerland / Liechtenstein,0.0/16.5 ,no info,0/6,https://snow.myswitzerland.com//snow_reports/amden-53/#piste,–,–,n/a,n/a,–,–,6,20 km,15,0.40 km²,–,closed,0,Closed,–,,,,,,,,+41 (0)58 228 28 30,0.0/0.0 km,0/0.0 km,–,1230-1290 m (altitude),-,+41 (0)55 611 18 00,no info,–,,,,–,,,,,,,,,,,,,,,,,,,,,,,,,,,,,,,,,,,,,,,,,,,,,,,,,,,,,,,,,,,,,,,,,,,,,,,,,,,,,,,,,,,,,,,,,,,,,,,,,,,,,,,,,,,,,,,,,,,,,,,,,,,,,,,,,,,,,,,,,,,,,,,,,,,,,,,,,,,,–,,,,,,,,,,,
Saas-Almagell,Saas-Almagell – Valais,,There are no current reports available,Day ticketAdult: CHF 75.–Children: CHF 27.–,https://snow.myswitzerland.com//snow_reports/saas-almagell-270/,,,,,,,,,,,,,,,,,,,,,,,,,,,,,,,,,,,,,,,,,,,,,,,,,,,,,,,,,,,,,,,,,,,,,,,,,,,,,,,,,,,,,,,,,,,,,,,,,,,,,,,,,,,,,,,,,,,,,,,,,,,,,,,,,,,,,,,,,,,,,,,,,,,,,,,,,,,,,,,,,,,,,,,,,,,,,,,,,,,,,,,,,,,,,,,,,,,,,,,,,,
Savognin,Savognin – Graubünden,0.0/73.5 ,no info,0/12,https://snow.myswitzerland.com//snow_reports/savognin-129/#piste,0.0 km,–,24.04.2023,24.04.2023,0 cm,0 cm,12,80 km,25,–,–,closed,0,Closed,–,0/3,0%,,,0/0 km,–,0/0 m,,0.0/3.0 km,0.0/4.0 km,–,–,-,,no info,–,–,,–,,,,,,,,,,,,,,,,,,,,,,,,,,,,,,,,,,,,,,,,,,,,,,,,,,,,,,,,,,,,,,,,,,,,,,,,,,,,,,,,,,,,,,,,,,,,,,,,,,,,,,,,,,,,,,,,,,,,,,,,,,,,,,,,,,,,,,,,,,,,,,,,,,,,,,,,,,,,,,,,,,,,,,,,
Aletsch Arena,Aletsch Arena – Valais,0.0/104.6 ,no info,5/35,https://snow.myswitzerland.com//snow_reports/aletsch-arena-183/#piste,0.0 km,–,05.11.2023,06.11.2023,0 cm,0 cm,36,104 km,105,–,–,closed,0,End of season,–,0/2,0%,,,0/0 km,,0/490 m,,0.0/0 km,0.0/0 km,–,–,-,,groomed,–,,,,,,,,,,,,,,,,,,,,–,,,,,,,,,,,,,,,,,,,,,,,,,,,,,,,,,,,,,,,,,,,,,,,,,,,,,,,,,,,,,,,,,,,,,,,,,,,,,,,,,,,,,,,,,,,,,,,,,,,,,,,,,,,,,,,,,,,,,,,,,,,,,,,,,,,,,,,,,,,,,–,,,,,,,,,,
Grächen,Grächen – Valais,,There are no current reports available,Day ticketAdult: CHF 63.–Children: CHF 38.–,https://snow.myswitzerland.com//snow_reports/graechen-179/,,,,,,,,,,,,,,,,,,,,,,,,,,,,,,,,,,,,,,,,,,,,,,,,,,,,,,,,,,,,,,,,,,,,,,,,,,,,,,,,,,,,,,,,,,,,,,,,,,,,,,,,,,,,,,,,,,,,,,,,,,,,,,,,,,,,,,,,,,,,,,,,,,,,,,,,,,,,,,,,,,,,,,,,,,,,,,,,,,,,,,,,,,,,,,,,,,,,,,,,,,
Saas-Grund,Saas-Grund – Valais,,There are no current reports available,Day ticketAdult: CHF 59.–Children: CHF 36.50,https://snow.myswitzerland.com//snow_reports/saas-grund-175/,,,,,,,,,,,,,,,,,,,,,,,,,,,,,,,,,,,,,,,,,,,,,,,,,,,,,,,,,,,,,,,,,,,,,,,,,,,,,,,,,,,,,,,,,,,,,,,,,,,,,,,,,,,,,,,,,,,,,,,,,,,,,,,,,,,,,,,,,,,,,,,,,,,,,,,,,,,,,,,,,,,,,,,,,,,,,,,,,,,,,,,,,,,,,,,,,,,,,,,,,,
San Bernardino,San Bernardino – Graubünden,,There are no current reports available,Day ticketAdult: CHF 25.–Children: CHF 15.–,https://snow.myswitzerland.com//snow_reports/san-bernardino-2/,,,,,,,,,,,,,,,,,,,,,,,,,,,,,,,,,,,,,,,,,,,,,,,,,,,,,,,,,,,,,,,,,,,,,,,,,,,,,,,,,,,,,,,,,,,,,,,,,,,,,,,,,,,,,,,,,,,,,,,,,,,,,,,,,,,,,,,,,,,,,,,,,,,,,,,,,,,,,,,,,,,,,,,,,,,,,,,,,,,,,,,,,,,,,,,,,,,,,,,,,,
Samnaun/Ischgl,Samnaun – Graubünden,,There are no current reports available,Day ticketAdult: CHF 72.–Children: CHF 45.–,https://snow.myswitzerland.com//snow_reports/samnaunischgl-157/,,,,,,,,,,,,,,,,,,,,,,,,,,,,,,,,,,,,,,,,,,,,,,,,,,,,,,,,,,,,,,,,,,,,,,,,,,,,,,,,,,,,,,,,,,,,,,,,,,,,,,,,,,,,,,,,,,,,,,,,,,,,,,,,,,,,,,,,,,,,,,,,,,,,,,,,,,,,,,,,,,,,,,,,,,,,,,,,,,,,,,,,,,,,,,,,,,,,,,,,,,
Braunwald,Braunwald – Eastern Switzerland / Liechtenstein,0.0/26.0 ,no info,1/12,https://snow.myswitzerland.com//snow_reports/braunwald-115/#piste,–,–,n/a,n/a,–,–,2,30 km,10,0.94 km²,,,0,Closed,1256 m (altitude),,0%,+41 (0)55 653 65 65,,0/3.0 km,–,0/303 m,+41 (0)55 653 65 65,0.0/0.0 km,0.0/0.0 km,00:00 hr,560-1560 m (altitude),,,,,,,,,,,,,,,,,,,,,,,,,,,,,,,,,,,,,,,,,,,,,,,,,,,,,,,,,,,,,,,,,,,,,,,,,,,,,,,,,,,,,,,,,,,,,,,,,,,,,,,,–,,,,,,,,,,,,,,,,,,,,,,,,,,,,,,,,,,,,,,,,,,,,,,,,,,,,,,,,,,,,,,,,,,,,,,–,
Loipe Goms,Münster (Goms) – Valais,0.0/2.4 ,no info,0/4,https://snow.myswitzerland.com//snow_reports/loipe-goms-272/#piste,–,–,13.11.2023,13.11.2023,4 cm,0 cm,3,7 km,4,0.00 km²,–,closed,0,Closed,–,,–,+41 27 974 68 68,,0/0 km,–,0/300 m,+41 (0) 27 974 12 22,0.0/4.3 km,0/5.0 km,–,–,-,+41 (0) 27 974 68 68,no info,–,,,,,,–,–,,,,,,,,,,,,,,,,,,,,,,,,,,,,,,,,,,,,,,,,,,,,,,,,,,,,,,,,,,,,,,,,,,,,,,,,,,,,,,,,,,,,,,,,,,,,,,,,,,,,,,,,,,,,,,,,,,,,,,,,,,,,,,,,,,,,,,,,,,,,,,,,,,,,,,,,,,,,,,,,,,,,
Davos Schatzalp,Davos – Graubünden,0.0/7.7 ,no info,0/4,https://snow.myswitzerland.com//snow_reports/davos-schatzalp-378/#piste,–,–,12.11.2023,12.11.2023,5 cm,11 cm,85,320 km,5,0.20 km²,–,no info,0,Closed,1560 m (altitude),0/1,0%,+41(0)81 415 21 21,,0/2.8 km,–,0/321 m,,,,,,,,,,,,,,–,,,,,,,,,,,,,,,,,,,,,,,,,,,,,,,,,,,,,,,,,,,,,,,,,,,,,,,,,,,,,,,,,,,,,,,,,,,,,,,,,,,,,,,,,,,,,,,,,,,,,,,,,,,,,,,,,,,,,,,,,,,,,,,,,,,,,,,,,,,,,,,,,,,,,,,,,,,,,,,–,,,,,,,
Davos Rinerhorn,Davos – Graubünden,0.0/53.1 ,no info,0/5,https://snow.myswitzerland.com//snow_reports/davos-rinerhorn-375/#piste,–,–,12.11.2023,12.11.2023,5 cm,11 cm,85,320 km,16,1.12 km²,–,no info,0,Closed,1457 m (altitude),0/2,0%,+41(0)81 415 21 21,,0/3.7 km,–,0/591 m,,,,,,,,,,,,,,–,,,,,,,,,,,,,,,,,,,,,,,,,,,,,,,,,,,,,,,,,,,,,,,,,,,,,,,,,,,,,,,,,,,,,,,,,,,,,,,,,,,,,,,,,,,,,,,,,,,,,,,,,,,,,,,,,,,,,,,,,,,,,,,,,,,,,,,,,,,,,,,,,,,,,,,,,,,,,,,,–,,,,,,
Bivio,Bivio – Graubünden,0.0/27.0 ,no info,0/4,https://snow.myswitzerland.com//snow_reports/bivio-70/#piste,–,–,07.11.2023,07.11.2023,–,0 cm,0,440 km,15,–,–,closed,0,Closed,–,,–,,,0/0 km,–,0/0 m,,0.0/3.0 km,0/0 km,–,–,-,,no info,–,–,,,,,,,,,,,,,,,,,,,,,,,,,,,,,,,,,,,,,,,,,,,,,,,,,,,,,,,,,,,,,,,,,,,,,,,,,,,,,,,,,,,,,,,,,,,,,,,,,,,,,,,,,,,,,,,,,,,,,,,,,,,,,,,,,,,,,,,,,,,,,,,,,,,,,,,,,,,,,,,,,,,,,–,,,,,
Davos Pischa,Davos – Graubünden,0.0/6.3 ,no info,0/1,https://snow.myswitzerland.com//snow_reports/davos-pischa-377/#piste,0.0 km,–,n/a,n/a,5 cm,11 cm,85,320 km,2,0.20 km²,,,,,,,,,,,,,,,,,,,,,,,,,,–,,,,,,,,,,,,,,,,,,,,,,,,,,,,,,,,,,,,,,,,,,,,,,,,,,,,,,,,,,,,,,,,,,,,,,,,,,,,,,,,,,,,,,,,,,,,,,,,,,,,,,,,,,,,,,,,,,,,,,,,,,,,,,,,,,,,,,,,,,,,,,,,,,,,,,,,,,,,,,,,,,–,,,,
Klosters Madrisa,Klosters – Graubünden,0.0/29.3 ,no info,0/8,https://snow.myswitzerland.com//snow_reports/klosters-madrisa-380/#piste,–,–,12.11.2023,12.11.2023,3 cm,10 cm,58,320 km,11,0.86 km²,–,no info,0,Closed,1300 m (altitude),0/1,0%,+41(0)81 415 21 21,,0/0 km,–,0/896 m,,,,,,-,+41(0)81 415 21 21,closed,–,,,–,,,,,,,,,,,,,,,,,,,,,,,,,,,,,,,,,,,,,,,,,,,,,,,,,,,,,,,,,,,,,,,,,,,,,,,,,,,,,,,,,,,,,,,,,,,,,,,,,,,,,,,,,,,,,,,,,,,,,,,,,,,,,,,,,,,,,,,,,,,,,,,,,,,,,,,,,,,,,,,,,,,,,–,,,
Davos Jakobshorn,Davos – Graubünden,0.0/53.3 ,no info,0/10,https://snow.myswitzerland.com//snow_reports/davos-jakobshorn-376/#piste,–,–,12.11.2023,12.11.2023,5 cm,11 cm,85,320 km,13,1.32 km²,–,no info,0,End of season,1664 m (altitude),0/4,,,,,,,,,,,,-,+41 (0)81 415 21 21,closed,–,,,,,–,,,,,,,,,,,,,,,,,,,,,,,,,,,,,,,,,,,,,,,,,,,,,,,,,,,,,,,,,,,,,,,,,,,,,,,,,,,,,,,,,,,,,,,,,,,,,,,,,,,,,,,,,,,,,,,,,,,,,,,,,,,,,,,,,,,,,,,,,,,,,,,,,,,,,,,,,,,,,,,,,,,,–,,
Tramelan,Tramelan – Jura & Three-Lakes,0.0/12.0 ,end of season,0/3,https://snow.myswitzerland.com//snow_reports/tramelan-337/#piste,–,–,05.02.2023,05.02.2023,0 cm,0 cm,0,0 km,5,0.00 km²,–,closed,,,,0/5,,,,,,,,,,,,,,,,,,,,,,,,,,,,,,,,,,,,,,,,,,,,,,,,,,,,,,,,,,,,,,,,,,,,,,,,,,,,,,,,,,,,,,,,,,,,,,,,,,,,,,,,,,,,,,,,,,,,,,,,,,,,,,,,,,,,,,,,,,,,,,,,,,,,,,,,,,,,,,,,,,,,,,,,,,0 cm,,,,,,,0 cm,,,,,,,,,
Les Breuleux,Les Breuleux – Jura & Three-Lakes,0.0/20.0 ,end of season,0/3,https://snow.myswitzerland.com//snow_reports/les-breuleux-211/#piste,–,–,11.12.2022,11.12.2022,5 cm,10 cm,0,20 km,6,0.00 km²,,,,,,0/0,,,,,,,+41 32 432 41 60,0.0/0.0 km,0/2.0 km,–,1000-1100 m (altitude),,,,,,,,,,,,,,,,,,,,,10 cm,,,,,,,,,,,,,,,,,,,,,,,,,,,,,,,,,,,,,,,,,,,,,,,,,,,,,,,,,,,,,,,,,,,,,,,,,,,,,,,,,,,,,,,,,,,,,,,,,,,,,,,,,,,,,,,,,,,,,,,,,,,,,,,,,,,,,,,,,5 cm,,,,,,,,,,,,,,,,,
Les Genevez,Saignelégier – Jura & Three-Lakes,0.0/8.0 ,end of season,0/2,https://snow.myswitzerland.com//snow_reports/les-genevez-208/#piste,–,–,06.03.2023,06.03.2023,0 cm,0 cm,–,–,4,0.00 km²,,,,,,0/0,,,,,,,+41 32 432 41 60,0.0/0.0 km,0/0.0 km,–,1000 m (altitude),,,,,,,,,,,,,,,,,,,,0 cm,,,,,,,,,,,,,,,,,,,,,,,,,,,,,,,,,,,,,,,,,,,,,,,,,,,,,,,,,,,,,,,,,,,,,,,,,,,,,,,,,,,,,,,,,,,,,,,,,,,,,,,,,,,,,,,,,,,,,,,,,,,,,,,,0 cm,,,,,,,,,,,,,,,,,,,,,,,,,,,
Prés-d'Orvin-Chasseral,Les Prés d'Orvin – Jura & Three-Lakes,0.0/5.0 ,end of season,0/6,https://snow.myswitzerland.com//snow_reports/pres-dorvin-chasseral-206/#piste,–,21:45 hr,06.02.2023,06.02.2023,0 cm,0 cm,5,0 km,6,0.00 km²,–,closed,0,End of season,1000 m (altitude),0/6,,,,,,,+41 (0)32 322 66 26,0.0/0.0 km,0.0/2.0 km,20:30 hr,–,,,,,,,,0 cm,,,,,,,,,,,,,,,0 cm,,,,,,,,,,,,,,,,,,,,,,,,,,,,,,,,,,,,,,,,,,,,,,,,,,,,,,,,,,,,,,,,,,,,,,,,,,,,,,,,,,,,,,,,,,,,,,,,,,,,,,,,,,,,,,,,,,,,,,,,,,,,,,,,,,,,,,,,,,,,,,,,,,,,,,,,
Bugnenets - Savagnières,Savagnières-Bugnenets – Jura & Three-Lakes,0.0/30.0 ,closed,0/8,https://snow.myswitzerland.com//snow_reports/bugnenets-savagnieres-197/#piste,–,–,05.02.2023,05.02.2023,0 cm,0 cm,7,–,7,0.04 km²,–,closed,,,,0/16,,,,,,,+41 (0)32 889 68 86,0.0/0.0 km,0/0.0 km,–,1030-1450 m (altitude),,,,,,,,,,,,,,,,,,,,,,,,,,,,,,,,,,,,,,,,,,,,,,,,,,,,,,,,,,,,,,,,,,,,,,,,,,,,,,,,,,,,,,,,,,,,,,,,,,,,,,,,,,,,,,,,,,,,,,,,,,,,,,,,,,,,,,,,,,,,,,0 cm,0 cm,,,,,,,,,,,,,,,,,,,,,,,,,,,,,,,,
Le Pâquier - Crêt-du-Puy,Neuchâtel – Jura & Three-Lakes,0.0/10.0 ,closed,0/2,https://snow.myswitzerland.com//snow_reports/le-paquier-cret-du-puy-196/#piste,1.0 km,22:00 hr,05.02.2023,05.02.2023,0 cm,0 cm,0,0 km,3,0.02 km²,–,no info,,,,0/2,,,,,,,,,,,,,,,,,,,,,,,,,,,,,,,,,,,,,,,,,,,,,,,,,,,,,,,,,,,,,,,,,,,,,,,,,,,,,,,,,,,,,,,,,,,,,,,,,,,,,,,,,,,,,,,,,,,,,,,,,,,,,,,,,,,,,,,,,,,,,,,,,,,,,,,,,,,0 cm,0 cm,,,,,,,,,,,,,,,,,,,,,,,,,,,,,,
Vue des Alpes/Tête de Ran,Vue-des-Alpes / Tête-de-Ran – Jura & Three-Lakes,,closed,,https://snow.myswitzerland.com//snow_reports/vue-des-alpestete-de-ran-194/#piste,–,–,15.03.2023,15.03.2023,0 cm,0 cm,–,–,0,0.00 km²,,,0,Closed,1200 m (altitude),0/0,,,,,,,+41 (0)32 889 68 86,0.0/5.0 km,0.0/0.0 km,00:00 hr,1283-1320 m (altitude),,,,,,,,,,,,,,,,,,,,,,,,,,,,,,,,,,,,,,,,,,,,,,,,,,,,,,,,,,,,,,,,,,,,,,,,,,,,,,,,,,,,,,,,,,,,,,,,,,,,,,,,,,,,,,,,,,,,,,,,,,,,,,,,,,,,,,,,,,,,,,,,,,0 cm,0 cm,,,,,,,,,,,,,,,,,,,,,,,,,,,,
Mythenregion,Schwyz – Lucerne - Lake Lucerne Region,0.0/47.4 ,closed,3/15,https://snow.myswitzerland.com//snow_reports/mythenregion-22/#piste,0.0 km,–,10.11.2023,10.11.2023,0 cm,0 cm,15,28 km,38,0.00 km²,–,closed,0,Closed,1500 m (altitude),0/6,–,+41 41 819 70 00,,0/1.3 km,–,0/1000 m,041 810 17 66,0.0/0.0 km,0.0/2.0 km,–,1000-1200 m (altitude),-,+41 76 422 42 45,closed,–,,,,,,,0 cm,,,,,,,,,,,,,,,,,,,,,,,,,,,,,,,,,,,,,,,,,,,,,,,,,,,,,,,,,,,,,,,,,,,,,,,,,,,,,,,,,,,,,,,,,,,,,,,,,,,,,,,,,,,,,,,,,,,,,,,,,,,,,,,,,,,,,,,,,,0 cm,,,,,,,,,,,,,,,,,,,,,,,,,,
Disentis,Disentis – Graubünden,0.0/60.0 ,no info,0/12,https://snow.myswitzerland.com//snow_reports/disentis-130/#piste,0.0 km,–,12.11.2023,12.11.2023,0 cm,0 cm,1,180 km,20,0.01 km²,,,0,Good,1150 m (altitude),0/0,–,+41 (0)81 920 40 38,,0/0 km,–,0/300 m,https://www.nordic-surselva.ch/kontakt/,0.0/0.0 km,0.0/5.0 km,–,900-1100 m (altitude),,,,,,,,,,,,,,,,,,,,,,,,,,,,,,,,,,,,,,,,,,,,,,,,,,,,,,,,,,,,,,,,,,,,,,,,,,,,,,,,,,,,,,,,,,,,,,,,,,,,,,,,,,,,,,,,,,,,,,,,,,,,,,,,,,,,,,,,,,,,,,,,,,,,,,–,,,,,,–,,,,,,,,,,,,,,,,,,,
Sattel - Hochstuckli,Sattel-Hochstuckli – Lucerne - Lake Lucerne Region,0.0/5.1 ,no info,1/4,https://snow.myswitzerland.com//snow_reports/sattel-hochstuckli-154/#piste,0.0 km,–,12.11.2023,12.11.2023,0 cm,0 cm,40,100 km,5,0.00 km²,,,0,End of season,850 m (altitude),0/0,–,,,0/3.5 km,,0/400 m,,,,,,,,,,,,,,,,–,,,,,,,,,,,,,,,,,,,,,,,,,,,,,,,,,,,,,,,,,,,,,,,,,,,,,,,,,,,,,,,,,,,,,,,,,,,,,,,,,,,,,,,,,,,,,,,,,,,,,,,,,,,,,,,,,,,,,,,,,,,,,,,,,,,,,,,,,,,,–,,,,,,,,,,,,,,,,,,,,,,,,
GrindelwaldJungfrauRegion,Grindelwald – Bern Region,0.0/205.5 ,no info,15/67,https://snow.myswitzerland.com//snow_reports/grindelwaldjungfrauregion-228/#piste,0.0 km,–,05.11.2023,05.11.2023,0 cm,0 cm,44,213 km,106,0.00 km²,1200 m (altitude),closed,0,End of season,1000 m (altitude),0/9,100%,+41 (0)33 828 72 33,,0/3.0 km,,0/1737 m,+41 (0)33 854 12 12,0.0/0.0 km,0.0/0.0 km,–,940-990 m (altitude),-,,groomed,–,,–,,,,,,,,,,,,,,,,,,,,,,,,,,,,,,,,,,,,,,,,,,,,,,,,,,,,,,,,,,,,,,,,,,,,,,,,,,,,,,,,,,,,,,,,,,,,,,,,,,,,,,,,,,,,,,,,,,,,,,,,,,,,,,,,,,,,,,,,,,,,,,,,,,–,,,,,,,,,,,,,,,,,,,,,,,
Habkern,Habkern – Bern Region,0.0/8.0 ,no info,0/2,https://snow.myswitzerland.com//snow_reports/habkern-97/#piste,0.0 km,–,28.03.2023,28.03.2023,0 cm,0 cm,0,0 km,4,2.00 km²,1200 m (altitude),no info,0,End of season,1200 m (altitude),0/4,0%,033 843 12 78,,0/0 km,–,0/80 m,+41 (0)79 602 71 08,0.0/0.0 km,0.0/0.0 km,–,1560-1605 m (altitude),-,,no info,–,,,,,,,,,,,,,,–,,,,,,,,,,,,,,,,,,,,,,,,,,,,,,,,,,,,,,,,,,,,,,,,,,,,,,,,,,,,,,,,,,,,,,,,,,,,,,,,,,,,,,,,,,,,,,,,,,,,,,,,,,,,,,,,,,,,,,,,,,,,,,,,,,,,,,,–,,,,,,,,,,,,,,,,,,,,,,
Meiringen - Hasliberg,Hasliberg – Bern Region,0.0/60.0 ,no info,0/13,https://snow.myswitzerland.com//snow_reports/meiringen-hasliberg-225/#piste,0.0 km,00:00 hr,01.04.2023,02.04.2023,0 cm,0 cm,22,60 km,23,0.11 km²,–,closed,–,No notification,–,0/4,0%,+41 (0)33 550 50 50,,0/2.4 km,–,0/647 m,,0/0.0 km,0/0.0 km,–,1300-1400 m (altitude),-,,no info,–,,,,,,,,,,,–,,,,,,,,,,,,–,,,,,,,,,,,,,,,,,,,,,,,,,,,,,,,,,,,,,,,,,,,,,,,,,,,,,,,,,,,,,,,,,,,,,,,,,,,,,,,,,,,,,,,,,,,,,,,,,,,,,,,,,,,,,,,,,,,,,,,,,,,,,,,,,,,,,,,,,,,,,,,,,,,,
Oberiberg / Ybrig,Oberiberg – Lucerne - Lake Lucerne Region,0.0/10.0 ,no info,0/4,https://snow.myswitzerland.com//snow_reports/oberiberg-ybrig-287/#piste,–,–,11.03.2023,11.03.2023,0 cm,0 cm,12,50 km,3,0.00 km²,1130 m (altitude),closed,0,End of season,–,0/3,0%,+41 (0)55 414 16 60,,0/0 km,,0/1000 m,,,,,,,,,,,,,,,,,,,,,,,,,,,,,,,,,,,,,,,,,,,,,,,,,,,,,,,,,,,,,,,,,,,,,,,,,,,,,,,,,,,,,,,,,,,,,,,,,,,,,,,,,,,,,,,,,,,,,,,,,,,,,,,,,,,,,,,,,,,,,,,,,,,,,,,,,,,,,,,–,–,,,,,,,,,,,,,,,,,,,,
Andermatt-Oberalp-Sedrun,Andermatt – Lucerne - Lake Lucerne Region,0.0/103.4 ,end of season,0/20,https://snow.myswitzerland.com//snow_reports/andermatt-oberalp-sedrun-111/#piste,0.0 km,–,25.04.2023,01.05.2023,0 cm,0 cm,20,70 km,58,–,1444 m (altitude),closed,0,Passable,1444 m (altitude),0/4,–,+41 (0)58 200 69 75,,0/3.5 km,,0/800 m,+41 41 888 71 00,0.0/0.0 km,0.0/2.0 km,–,1444-1453 m (altitude),-,+41 (0)58 200 68 68,end of season,–,,,,,,,,,,,,,,,,,,,,,,,,,,,,,,,,,,,,,,,,,,,,,,,,,,,,,,,,,,,,,,,,,,,,,,,,,,,,,,,,,,,,,,,,,,,,,,,,,,,,,0 cm,,,,,,,,,,,,,,,,,,,,,,,,,,,,,,,,,,110 cm,,,,,,,,,,,,,,,,,,,,,,,,,,,,,,,,,,,,
Vals,Vals – Graubünden,0.0/24.5 ,no info,3/6,https://snow.myswitzerland.com//snow_reports/vals-116/#piste,0.0 km,–,27.03.2023,27.03.2023,0 cm,0 cm,5,25 km,8,1.25 km²,–,closed,0,No notification,–,0/1,–,+41 (0)81 920 70 70,,0/1.0 km,,0/1700 m,+41 (0)81 920 70 70,0/0.0 km,0.0/0.0 km,–,1250 m (altitude),,,,,,,,,,,,,,,,,,,,,,,,–,,,,,,,,,,,,,,,,,,,,,,,,,,,,,,,,,,,,,,,,,,,,,,,,,,,,,,,,,,,,,,,,,,,,,,,,,,,,,,,–,,,,,,,,,,,,,,,,,,,,,,,,,,,,,,,,,,,,,,,,,,,,,,,,,,,,,,,,,,,,,,,,,,,,,,,,
Ebenalp-Horn,Wasserauen Ebenalp – Eastern Switzerland / Liechtenstein,0.0/10.0 ,no info,0/7,https://snow.myswitzerland.com//snow_reports/ebenalp-horn-50/#piste,2.0 km,–,03.04.2023,03.04.2023,0 cm,0 cm,–,–,10,0.30 km²,–,closed,0,Closed,1560 m (altitude),0/1,,,,,,,,,,,,,,,,,,,,,,,,,,,,–,,,,,,,,,,,,,,,,,,,,,,,,,,,,,,,,,,,,,,,,,,,,,,,,,,,,,,,,,,,,,,,,,,,,–,,,,,,,,,,,,,,,,,,,,,,,,,,,,,,,,,,,,,,,,,,,,,,,,,,,,,,,,,,,,,,,,,,,,,,,,,,,,,,,,,,,,,,,,,,
Adelboden,Adelboden – Bern Region,0.0/76.9 ,no info,6/31,https://snow.myswitzerland.com//snow_reports/adelboden-102/#piste,–,–,14.04.2023,01.04.2023,0 cm,0 cm,70,210 km,49,6.80 km²,–,closed,0,Passable,–,0/6,0%,+41 (0)33 673 80 80,,0/2.2 km,,0/3265 m,+41 (0)33 673 80 80,0.0/0.0 km,0/2.0 km,–,1290-1964 m (altitude),-,+41 (0)33 673 80 80,end of season,–,,,,,,,,,,,,,,,,,,,,,,–,,,,,,,,,,,,,,,,,,,,–,,,,,,,,,,,,,,,,,,,,,,,,,,,,,,,,,,,,,,,,,,,,,,,,,,,,,,,,,,,,,,,,,,,,,,,,,,,,,,,,,,,,,,,,,,,,,,,,,,,,,,,,,,,,,,,,,,,,,,,,,,,,,,,,,
Stoos,Stoos – Lucerne - Lake Lucerne Region,0.0/35.0 ,no info,1/9,https://snow.myswitzerland.com//snow_reports/stoos-19/#piste,0.0 km,–,03.11.2023,03.11.2023,5 cm,5 cm,8,35 km,9,0.09 km²,,,0,Passable,1300 m (altitude),0/0,0%,+41 (0)41 818 08 08,,0/0 km,,0/400 m,+41 (0)41 818 08 08,0.0/0.0 km,0.0/0.0 km,–,1300-1400 m (altitude),-,+41 (0)41 818 08 08,closed,–,,,,,,,,,,–,,,,,,,,,,,,,,,,,,,,,,,,,,,,,,–,,,,,,,,,,,,,,,,,,,,,,,,,,,,,,,,,,,,,,,,,,,,,,,,,,,,,,,,,,,,,,,,,,,,,,,,,,,,,,,,,,,,,,,,,,,,,,,,,,,,,,,,,,,,,,,,,,,,,,,,,,,,,,,,,,,
Charmey.ch,Charmey – Region of Fribourg,0.0/30.0 ,no info,0/6,https://snow.myswitzerland.com//snow_reports/charmeych-4/#piste,–,–,27.02.2023,11.03.2023,0 cm,0 cm,0,80 km,14,13.00 km²,–,closed,0,Closed,–,0/2,100%,+41 (0)26 927 55 20,,0/0 km,–,450/450 m,+41 26 927 55 80,0/0.0 km,0.0/4.0 km,–,920-1050 m (altitude),-,+41 (0)26 927 55 20,closed,–,,,,,,,,,–,,,,,,,,,,,,,,,,,,,,,,,,,,,,,,,,,,,–,,,,,,,,,,,,,,,,,,,,,,,,,,,,,,,,,,,,,,,,,,,,,,,,,,,,,,,,,,,,,,,,,,,,,,,,,,,,,,,,,,,,,,,,,,,,,,,,,,,,,,,,,,,,,,,,,,,,,,,,,,,,,,,
Bulle - La Chia,Bulle – Region of Fribourg,,There are no current reports available,Day ticketAdult: CHF 20.–Children: CHF 15.–,https://snow.myswitzerland.com//snow_reports/bulle-la-chia-152/,,,,,,,,,,,,,,,,,,,,,,,,,,,,,,,,,,,,,,,,,,,,,,,,,,,,,,,,,,,,,,,,,,,,,,,,,,,,,,,,,,,,,,,,,,,,,,,,,,,,,,,,,,,,,,,,,,,,,,,,,,,,,,,,,,,,,,,,,,,,,,,,,,,,,,,,,,,,,,,,,,,,,,,,,,,,,,,,,,,,,,,,,,,,,,,,,,,,,,,,,,
Wengen – Jungfrau Ski Region,Wengen – Bern Region,,There are no current reports available,Day ticketAdult: CHF 75.–Children: CHF 38.–,https://snow.myswitzerland.com//snow_reports/wengen-jungfrau-ski-region-91/,,,,,,,,,,,,,,,,,,,,,,,,,,,,,,,,,,,,,,,,,,,,,,,,,,,,,,,,,,,,,,,,,,,,,,,,,,,,,,,,,,,,,,,,,,,,,,,,,,,,,,,,,,,,,,,,,,,,,,,,,,,,,,,,,,,,,,,,,,,,,,,,,,,,,,,,,,,,,,,,,,,,,,,,,,,,,,,,,,,,,,,,,,,,,,,,,,,,,,,,,,
Rossberg Oberwil i.S.,Oberwil i.S. – Bern Region,0.0/7.0 ,no info,0/3,https://snow.myswitzerland.com//snow_reports/rossberg-oberwil-is-224/#piste,–,–,n/a,n/a,0 cm,0 cm,3,7 km,3,10.00 km²,–,no info,,,,0/1,,,,,,,,,,,,,,,,,,,,,,,,–,,,,,,,,,,,,,,,,,,–,,,,,,,,,,,,,,,,,,,,,,,,,,,,,,,,,,,,,,,,,,,,,,,,,,,,,,,,,,,,,,,,,,,,,,,,,,,,,,,,,,,,,,,,,,,,,,,,,,,,,,,,,,,,,,,,,,,,,,,,,,,,,,,,,,,,,,,,,,,,,,,,
Nax / Mont-Noble,Nax – Valais,0.0/35.0 ,no info,0/5,https://snow.myswitzerland.com//snow_reports/nax-mont-noble-8/#piste,–,–,01.04.2023,01.04.2023,–,–,0,35 km,7,0.00 km²,–,closed,–,Closed,–,0/3,–,+41 (0)27 565 14 14,,0/0 km,–,0/0 m,+41 (0)27 203 17 38,0/0.0 km,0/0.0 km,–,1300 m (altitude),,,,,,,,,,,,,,–,,,,,,,,,,,,,,,,,,,,,,,,,,,,,,,,,,,,–,,,,,,,,,,,,,,,,,,,,,,,,,,,,,,,,,,,,,,,,,,,,,,,,,,,,,,,,,,,,,,,,,,,,,,,,,,,,,,,,,,,,,,,,,,,,,,,,,,,,,,,,,,,,,,,,,,,,,,,,,,,,,
Marbach - Marbachegg,Marbach (Escholzmatt) – Lucerne - Lake Lucerne Region,0.0/10.0 ,no info,1/4,https://snow.myswitzerland.com//snow_reports/marbach-marbachegg-25/#piste,0.0 km,–,13.04.2023,13.04.2023,0 cm,0 cm,–,10 km,7,0.24 km²,880 m (altitude),no info,0,Closed,850 m (altitude),0/2,,,,,,,,,,,,,,,,,,,,,,,,,,,,,,,,,,,,,,,,,,,,,,–,,,,,,,,,,,,,,,,,–,,,,,,,,,,,,,,,,,,,,,,,,,,,,,,,,,,,,,,,,,,,,,,,,,,,,,,,,,,,,,,,,,,,,,,,,,,,,,,,,,,,,,,,,,,,,,,,,,,,,,,,,,,,,,,,,,,,,,,,,,,,
Lenk im Simmental,Lenk i.S. – Bern Region,0.0/69.2 ,no info,4/19,https://snow.myswitzerland.com//snow_reports/lenk-im-simmental-94/#piste,0.0 km,–,01.03.2023,07.04.2023,0 cm,0 cm,69,210 km,34,0.00 km²,–,closed,0,Good,1068 m (altitude),0/4,0%,+41 33 952 52 52,,0/0 km,,0/1103 m,+41 33 736 35 35,0.0/0.0 km,0.0/0.0 km,–,1000-1900 m (altitude),-,+41 33 952 52 52,end of season,–,,,,,,,,,,,,,,,,,,,,,,,,,,,,,,,,,,,,,,,,,,,,,,,,,,–,,,,,,–,,,,,,,,,,,,,,,,,,,,,,,,,,,,,,,,,,,,,,,,,,,,,,,,,,,,,,,,,,,,,,,,,,,,,,,,,,,,,,,,,,,,,,,,,,,,,,,,,,,,,,,,,,,,,,,,,,,
Grüsch-Danusa,Grüsch – Graubünden,0.0/34.0 ,no info,0/6,https://snow.myswitzerland.com//snow_reports/gruesch-danusa-122/#piste,–,–,n/a,n/a,0 cm,0 cm,0,34 km,10,1.50 km²,–,closed,0,Closed,1800 m (altitude),,0%,+41 (0)81 325 12 34,,0/0 km,,0/132 m,+41 (0)81 325 12 34,0/0.0 km,0/0.0 km,–,–,-,+41 (0)81 325 12 34,closed,–,,,,,,,,,,,,,,,,,,,,,,,,,,,,,,,,,,,,,,,,,,,,,,,–,,,,,,,,,,,–,,,,,,,,,,,,,,,,,,,,,,,,,,,,,,,,,,,,,,,,,,,,,,,,,,,,,,,,,,,,,,,,,,,,,,,,,,,,,,,,,,,,,,,,,,,,,,,,,,,,,,,,,,,,,,,,,
Beatenberg - Niederhorn,Beatenberg – Bern Region,0.0/9.0 ,no info,0/2,https://snow.myswitzerland.com//snow_reports/beatenberg-niederhorn-99/#piste,–,–,06.02.2023,26.02.2023,–,–,3,30 km,4,0.00 km²,–,closed,0,Closed,–,,–,+41 33 841 18 41,,0/0 km,,0/390 m,,,,,,,,,,,,–,,,,,,,,,,,,,,,,,,,,,,,,,,,,,,,,,,,–,,,,,,,,,,,,,,,,,,,,,,,,,,,,,,,,,,,,,,,,,,,,,,,,,,,,,,,,,,,,,,,,,,,,,,,,,,,,,,,,,,,,,,,,,,,,,,,,,,,,,,,,,,,,,,,,,,,,,,,,,,,,,,,,,,,,,
Sörenberg,Sörenberg – Lucerne - Lake Lucerne Region,0.0/55.1 ,no info,0/14,https://snow.myswitzerland.com//snow_reports/soerenberg-107/#piste,0.0 km,–,28.03.2023,28.03.2023,0 cm,0 cm,17,53 km,31,1.50 km²,,,0,End of season,–,0/0,–,+41 (0)41 488 16 13,,0/3.0 km,,0/300 m,+41 (0)41 488 16 13,0.0/0.0 km,0.0/0.0 km,–,1000-1300 m (altitude),-,+41 (0)41 488 16 13,end of season,–,,,,,,,,,,,,,,,,,,,,,,,,,–,,,,,,,,,,,,,,,,,,,,,,,,,,,,,,,,,,–,,,,,,,,,,,,,,,,,,,,,,,,,,,,,,,,,,,,,,,,,,,,,,,,,,,,,,,,,,,,,,,,,,,,,,,,,,,,,,,,,,,,,,,,,,,,,,,,,,,,,,,,,,,,,,,,
Staldenried - Gspon,Staldenried – Valais,0.0/5.0 ,no info,2/4,https://snow.myswitzerland.com//snow_reports/staldenried-gspon-265/#piste,0.0 km,–,01.01.2020,01.01.2020,–,–,2,5 km,2,5.00 km²,,,0,Passable,1500 m (altitude),0/0,,,,,,,,,,,,,,,,,,,,,,,,,,–,,,,,,,,,,,,,,,,,,,,,,,,,,,,,,,,,,,,,,,,,,,,,,–,,,,,,,,,,,,,,,,,,,,,,,,,,,,,,,,,,,,,,,,,,,,,,,,,,,,,,,,,,,,,,,,,,,,,,,,,,,,,,,,,,,,,,,,,,,,,,,,,,,,,,,,,,,,,,,,,,
Vallée de Joux,Le Sentier – Canton of Vaud,0.0/23.0 ,closed,0/7,https://snow.myswitzerland.com//snow_reports/vallee-de-joux-133/#piste,0.0 km,–,27.03.2023,01.04.2023,0 cm,0 cm,0,42 km,17,–,–,closed,,,,0/11,,,,,,,,0/0.0 km,0/0 km,–,–,,,,,0 cm,,,,,,,,,,,,,,,,,,,,,,,,,,,,,,,,,,,,,,,,,,,,,,,,,,,,,,0 cm,,,,,,,,,,,,,,,,,,,,,,,,,,,,,,,,,,,,,,,,,,,,,,,,,,,,,,,,,,,,,,,,,,,,,,,,,,,,,,,,,,,,,,,,,,,,,,,,,,,,,,,,,,,,,,,,,,,,
Val-de-Travers/La Robella,Buttes La Robella – Jura & Three-Lakes,0.0/20.0 ,end of season,0/4,https://snow.myswitzerland.com//snow_reports/val-de-traversla-robella-195/#piste,–,–,18.01.2023,18.01.2023,0 cm,0 cm,–,–,7,0.03 km²,–,closed,0,End of season,1200 m (altitude),0/1,0%,+41 (0)32 862 22 22,,0/0 km,,452/452 m,+41 (0)32 889 68 86,0.0/0.0 km,0/0.0 km,–,1100-1450 m (altitude),,,,,,,,,,,,,,,,,,,0 cm,,,,,,,,,,,,,,,,,,,,,,,,,,,,,,,,,,,,,,,0 cm,,,,,,,,,,,,,,,,,,,,,,,,,,,,,,,,,,,,,,,,,,,,,,,,,,,,,,,,,,,,,,,,,,,,,,,,,,,,,,,,,,,,,,,,,,,,,,,,,,,,,,,,,,,,,,,,,,,,,
Tschappina-Heinzenberg,Tschappina (Heinzenberg) – Graubünden,0.0/25.0 ,no info,0/4,https://snow.myswitzerland.com//snow_reports/tschappina-heinzenberg-58/#piste,–,–,n/a,n/a,0 cm,0 cm,0,25 km,8,0.00 km²,–,closed,0,No notification,–,0/1,,,,,,,,,,,,,,,,,,,,,,,,,,,,,,,,,,,,,,,,,,,,,,,,,,,,,,,,,,,,,,,,,,,–,–,,,,,,,,,,,,,,,,,,,,,,,,,,,,,,,,,,,,,,,,,,,,,,,,,,,,,,,,,,,,,,,,,,,,,,,,,,,,,,,,,,,,,,,,,,,,,,,,,,,,,,,,,,,,,,,,,,,,,,
Sedrun-Oberalp-Andermatt,Sedrun – Graubünden,0.0/103.4 ,no info,0/20,https://snow.myswitzerland.com//snow_reports/sedrun-oberalp-andermatt-125/#piste,0.0 km,–,25.04.2023,01.05.2023,0 cm,0 cm,20,120 km,58,0.00 km²,1444 m (altitude),closed,,,,0/4,–,+41 (0)58 200 68 68,,0/3.5 km,,0/450 m,+41 (0)81 920 47 80,0.0/0.0 km,0.0/2.0 km,–,1444-1453 m (altitude),-,+41 (0)58 200 68 68,end of season,–,,,,,,,,,,,,,,,,,,,,,,,,,–,,,,,,,,,,,,,,,,,,,,,,,,,,–,,,,,,,,,,,,,,,,,,,,,,,,,,,,,,,,,,,,,,,,,,,,,,,,,,,,,,,,,,,,,,,,,,,,,,,,,,,,,,,,,,,,,,,,,,,,,,,,,,,,,,,,,,,,,,,,,,,,,,,,
Rothwald - Wasenalp,Rothwald – Valais,0.0/25.0 ,no info,0/2,https://snow.myswitzerland.com//snow_reports/rothwald-wasenalp-292/#piste,–,–,14.03.2023,14.03.2023,10 cm,20 cm,–,–,8,5.36 km²,1750 m (altitude),closed,0,End of season,1750 m (altitude),0/2,,,,,,,,,,,,,,,,,,,,,,,,,,,,,,,,,,,,,,,,,,,,,,,,,,,,,,,,,,,,,,,,–,,,,,,,,,,,–,,,,,,,,,,,,,,,,,,,,,,,,,,,,,,,,,,,,,,,,,,,,,,,,,,,,,,,,,,,,,,,,,,,,,,,,,,,,,,,,,,,,,,,,,,,,,,,,,,,,,,,,,,,,,,,
Mörlialp - Giswil,Giswil-Mörlialp – Lucerne - Lake Lucerne Region,0.0/12.0 ,no info,0/8,https://snow.myswitzerland.com//snow_reports/moerlialp-giswil-23/#piste,–,–,14.03.2023,14.03.2023,–,–,8,14 km,10,9.80 km²,–,closed,0,End of season,1350 m (altitude),,100%,+41 (0)41 675 22 28,,0/2.0 km,,0/200 m,0416752228,0.0/0.0 km,0.0/0.0 km,–,1350-1460 m (altitude),,,,,,,,,,–,,,,,,,,,,,,,,,,,,,,,,,,,,,,,,–,,,,,,,,,,,,,,,,,,,,,,,,,,,,,,,,,,,,,,,,,,,,,,,,,,,,,,,,,,,,,,,,,,,,,,,,,,,,,,,,,,,,,,,,,,,,,,,,,,,,,,,,,,,,,,,,,,,,,,,,,,,,,,,,,,,,,,,
Moosalpregion,Bürchen – Valais,0.0/25.0 ,no info,0/9,https://snow.myswitzerland.com//snow_reports/moosalpregion-88/#piste,0.0 km,–,14.03.2023,14.03.2023,0 cm,0 cm,28,90 km,20,–,–,closed,0,Good,–,0/2,0%,,,0/0 km,–,0/379 m,,0/0 km,0/0 km,–,–,,,,,–,,,,,,,,,,,,,,,,,,,,,,,,,,,,,,,,,,,,–,,,,,,,,,,,,,,,,,,,,,,,,,,,,,,,,,,,,,,,,,,,,,,,,,,,,,,,,,,,,,,,,,,,,,,,,,,,,,,,,,,,,,,,,,,,,,,,,,,,,,,,,,,,,,,,,,,,,,,,,,,,,,,,,,,,,,,
Gantrisch Selital,Schwarzenbühl-Selital – Bern Region,0.0/8.9 ,no info,0/4,https://snow.myswitzerland.com//snow_reports/gantrisch-selital-235/#piste,–,–,17.01.2023,17.01.2023,0 cm,0 cm,–,45 km,8,0.02 km²,–,closed,,,,,,,,,,,+41 (0)31 735 55 55,0.0/0.0 km,0/0.0 km,–,1502-1578 m (altitude),,,,,,,,,,,–,–,,,,,,,,,,,,,,,,,,,,,,,,,,,,,,,,,,,,,,,,,,,,,,,,,,,,,,,,,,,,,,,,,,,,,,,,,,,,,,,,,,,,,,,,,,,,,,,,,,,,,,,,,,,,,,,,,,,,,,,,,,,,,,,,,,,,,,,,,,,,,,,,,,,,,,,,,,,,,,,,,,,
Engelberg - Titlis,Engelberg – Lucerne - Lake Lucerne Region,0.0/73.0 ,no info,13/29,https://snow.myswitzerland.com//snow_reports/engelberg-titlis-73/#piste,0.0 km,–,27.03.2023,16.05.2023,0 cm,0 cm,28,82 km,29,1.00 km²,1050 m (altitude),closed,0,End of season,1050 m (altitude),0/1,100%,+41 (0)41 639 77 77,,0/3.5 km,,200/800 m,+41 (0)41 639 77 77,0.0/0.0 km,0.0/2.7 km,–,1200-1300 m (altitude),-,+41 (0)41 639 77 77,open,–,,–,,,,,,,,,,,,,,,,,,,,,,,,,,,,,,,,,,,,,–,,,,,,,,,,,,,,,,,,,,,,,,,,,,,,,,,,,,,,,,,,,,,,,,,,,,,,,,,,,,,,,,,,,,,,,,,,,,,,,,,,,,,,,,,,,,,,,,,,,,,,,,,,,,,,,,,,,,,,,,,,,,,,,,,,,,
Engelberg-Brunni,Engelberg – Lucerne - Lake Lucerne Region,0.0/6.0 ,no info,3/7,https://snow.myswitzerland.com//snow_reports/engelberg-brunni-351/#piste,0.0 km,–,20.11.2022,28.03.2023,–,0 cm,28,82 km,6,–,–,closed,0,Good,1600 m (altitude),0/1,–,+41416396060,,0/0 km,–,0/260 m,,,,,,,,,,–,–,,,,,,,,,,,,,,,,,,,,,,,,,,,,,,,,,,,,,,,,,,,,,,,,,,,,,,,,,,,,,,,,,,,,,,,,,,,,,,,,,,,,,,,,,,,,,,,,,,,,,,,,,,,,,,,,,,,,,,,,,,,,,,,,,,,,,,,,,,,,,,,,,,,,,,,,,,,,,,,,,,,,,,,,,
Chur - Brambrüesch,Chur – Graubünden,0.0/19.5 ,no info,2/5,https://snow.myswitzerland.com//snow_reports/chur-brambrueesch-82/#piste,0.0 km,–,04.02.2023,04.02.2023,0 cm,0 cm,4,20 km,6,1.20 km²,,,0,Good,–,0/0,–,081 250 55 90,,0/0 km,,0/420 m,,,,,,,,,,,,,,,,,,,,,,,,,,,,,,,,,,,,,,,,,,,,,,,,,,–,,,,–,,,,,,,,,,,,,,,,,,,,,,,,,,,,,,,,,,,,,,,,,,,,,,,,,,,,,,,,,,,,,,,,,,,,,,,,,,,,,,,,,,,,,,,,,,,,,,,,,,,,,,,,,,,,,,,,,,,,,,,,,,,,,,
Dallenwil Wirzweli,Dallenwil – Lucerne - Lake Lucerne Region,0.0/1.0 ,no info,0/5,https://snow.myswitzerland.com//snow_reports/dallenwil-wirzweli-105/#piste,–,–,11.03.2023,11.03.2023,–,–,5,5 km,2,1.00 km²,,,0,Closed,–,,–,+41 (0)41 628 14 25,,0/0 km,,0/400 m,,,,,,,,,,,,,,,,–,,,,,,,,,,,,,,,,,,,,,,,,,,,,,,,,,,,,–,,,,,,,,,,,,,,,,,,,,,,,,,,,,,,,,,,,,,,,,,,,,,,,,,,,,,,,,,,,,,,,,,,,,,,,,,,,,,,,,,,,,,,,,,,,,,,,,,,,,,,,,,,,,,,,,,,,,,,,,,,,,,,,,
Hochwang,St. Peter – Graubünden,,There are no current reports available,Day ticketAdult: CHF 45.–Children: CHF 20.–,https://snow.myswitzerland.com//snow_reports/hochwang-62/,,,,,,,,,,,,,,,,,,,,,,,,,,,,,,,,,,,,,,,,,,,,,,,,,,,,,,,,,,,,,,,,,,,,,,,,,,,,,,,,,,,,,,,,,,,,,,,,,,,,,,,,,,,,,,,,,,,,,,,,,,,,,,,,,,,,,,,,,,,,,,,,,,,,,,,,,,,,,,,,,,,,,,,,,,,,,,,,,,,,,,,,,,,,,,,,,,,,,,,,,,
Jaunpass - Boltigen,Boltigen – Bern Region,,There are no current reports available,Day ticketAdult: CHF 34.–Children: CHF 22.–,https://snow.myswitzerland.com//snow_reports/jaunpass-boltigen-226/,,,,,,,,,,,,,,,,,,,,,,,,,,,,,,,,,,,,,,,,,,,,,,,,,,,,,,,,,,,,,,,,,,,,,,,,,,,,,,,,,,,,,,,,,,,,,,,,,,,,,,,,,,,,,,,,,,,,,,,,,,,,,,,,,,,,,,,,,,,,,,,,,,,,,,,,,,,,,,,,,,,,,,,,,,,,,,,,,,,,,,,,,,,,,,,,,,,,,,,,,,
Val Müstair,Tschierv – Graubünden,,There are no current reports available,Day ticketAdult: CHF 42.–Children: CHF 30.–,https://snow.myswitzerland.com//snow_reports/val-muestair-124/,,,,,,,,,,,,,,,,,,,,,,,,,,,,,,,,,,,,,,,,,,,,,,,,,,,,,,,,,,,,,,,,,,,,,,,,,,,,,,,,,,,,,,,,,,,,,,,,,,,,,,,,,,,,,,,,,,,,,,,,,,,,,,,,,,,,,,,,,,,,,,,,,,,,,,,,,,,,,,,,,,,,,,,,,,,,,,,,,,,,,,,,,,,,,,,,,,,,,,,,,,
Schwanden - Sigriswil,Schwanden ob Sigriswil – Bern Region,0.0/20.0 ,no info,0/3,https://snow.myswitzerland.com//snow_reports/schwanden-sigriswil-92/#piste,–,–,n/a,n/a,–,–,0,20 km,7,0.00 km²,,,0,Closed,–,,,,,,,,+41 78 687 91 65,0/0.0 km,0/2.0 km,–,1000-1050 m (altitude),,,,,,–,,,,,,,,,,,,,,,,,,,,,,,,,,,,,,,,,–,,,,,,,,,,,,,,,,,,,,,,,,,,,,,,,,,,,,,,,,,,,,,,,,,,,,,,,,,,,,,,,,,,,,,,,,,,,,,,,,,,,,,,,,,,,,,,,,,,,,,,,,,,,,,,,,,,,,,,,,,,,,,,,,,,,,,,,,
Mollis - Schilt,Mollis – Eastern Switzerland / Liechtenstein,0.0/12.0 ,no info,0/3,https://snow.myswitzerland.com//snow_reports/mollis-schilt-33/#piste,–,–,05.02.2023,05.02.2023,–,–,–,–,0,0.01 km²,,,,,,,,,,,,,,,,,,,,,,,,,,,,,,,,,,,,,,,,,,,,,,,,,,,,,,,,,,,,,,,,,,,,,,,,,,,,,,,,,,–,,,,,,,,,,,,,,,,,,,–,,,,,,,,,,,,,,,,,,,,,,,,,,,,,,,,,,,,,,,,,,,,,,,,,,,,,,,,,,,,,,,,,,,,,,,,,,,,,,,,,,,,,,,,,,,
Homberg,Homberg b. Thun – Bern Region,0.0/3.0 ,closed,0/1,https://snow.myswitzerland.com//snow_reports/homberg-282/#piste,–,–,18.01.2023,18.01.2023,–,–,1,3 km,3,0.00 km²,,,,,,,,,,,,,,,,,,,,,,,,,,,,,,,,,,,,,,,,,,,,,,,,,,,,,,,,,,,,,,,,,,,,,,,,,,,,,,,,,,,,–,,,,,,,,,,,,,,,,,,,,–,,,,,,,,,,,,,,,,,,,,,,,,,,,,,,,,,,,,,,,,,,,,,,,,,,,,,,,,,,,,,,,,,,,,,,,,,,,,,,,,,,,,,,,,
Ibergeregg,Ibergeregg – Lucerne - Lake Lucerne Region,0.0/6.0 ,no info,0/2,https://snow.myswitzerland.com//snow_reports/ibergeregg-17/#piste,–,–,08.11.2023,08.11.2023,–,–,–,43 km,5,4.00 km²,–,closed,0,Closed,1400 m (altitude),,,,,,,,,0/0.0 km,0/0.0 km,–,–,-,,no info,–,,,,,,,,,,,,,,,,,,–,,,,,,,,,,,,,,,,,,,,,,,,,,,,,,,,,,,,,,,,,,,,,,,,,,,,,,,,,,,,,,,,,,–,,,,,,,,,,,,,,,,,,,,,,,,,,,,,,,,,,,,,,,,,,,,,,,,,,,,,,,,,,,,,,,,,,,,,,,,,,,,,,,,,,,,,,,
Aeschi / Aeschiried,Aeschi BE – Bern Region,0.0/12.0 ,no info,0/4,https://snow.myswitzerland.com//snow_reports/aeschi-aeschiried-101/#piste,–,–,26.02.2023,26.02.2023,–,–,4,10 km,8,0.00 km²,–,closed,–,Closed,–,,–,,,0/0 km,–,0/200 m,+41 (0)33 654 14 10,0/0.0 km,0/4.0 km,–,–,,,,,,,,,,,,,,,,,,,,,,,,,,,,,,,,,,,,,,,,,,,,,,,,,,,,,,,,,,,,,,,,,,,,,,,,,,,,,,,,,,,,,,,,,–,–,,,,,,,,,,,,,,,,,,,,,,,,,,,,,,,,,,,,,,,,,,,,,,,,,,,,,,,,,,,,,,,,,,,,,,,,,,,,,,,,,,,,,
Beatenberg - Hohwald,Beatenberg – Bern Region,0.0/5.0 ,no info,0/1,https://snow.myswitzerland.com//snow_reports/beatenberg-hohwald-383/#piste,–,–,22.01.2023,22.01.2023,–,–,3,30 km,3,–,,,,,,,,,,,,,,,,,,,,,,,,–,,,,–,,,,,,,,,,,,,,,,,,,,,,,,,,,,,,,,,,,,,,,,,,,,,,,,,,,,,,,,,,,,,,,,,,,,,,,,,,,,,,,,,,,,,,,,,,,,,,,,,,,,,,,,,,,,,,,,,,,,,,,,,,,,,,,,,,,,,,,,,,,,,,,,,,,,,,,,,,,,,,,,,,,,
Sainte-Croix / Les Rasses,Sainte-Croix Les Rasses – Canton of Vaud,0.0/22.0 ,no info,0/9,https://snow.myswitzerland.com//snow_reports/sainte-croix-les-rasses-146/#piste,–,–,n/a,n/a,–,–,2,20 km,9,20.00 km²,–,closed,–,End of season,–,,–,+41 (0)24 436 15 24,,0/0 km,,0/0 m,+41 (0)24 454 29 10,0/8.0 km,0/4.0 km,–,1100-1300 m (altitude),,,,,,,–,,,,,,,,,,,,,,,,,,,,,,,,,,,,,,,,,,,,,,,,,,,,,,,,,,,,,,,,,,,,,,,,,,,,,,,,,,,,,,,,,,,,–,,,,,,,,,,,,,,,,,,,,,,,,,,,,,,,,,,,,,,,,,,,,,,,,,,,,,,,,,,,,,,,,,,,,,,,,,,,,,,,,,,,,
Brienz - Axalp,Axalp – Bern Region,0.0/15.0 ,no info,0/6,https://snow.myswitzerland.com//snow_reports/brienz-axalp-100/#piste,–,–,02.11.2023,02.11.2023,–,–,–,–,15,0.00 km²,–,closed,0,End of season,1400 m (altitude),,–,+41 (0)33 951 26 32,,0/0 km,–,0/0 m,+41 (0)33 951 26 32,0/0.0 km,0/0.0 km,–,–,,,,,,,,,,,,,,,,,,,,,,–,,,–,,,,,,,,,,,,,,,,,,,,,,,,,,,,,,,,,,,,,,,,,,,,,,,,,,,,,,,,,,,,,,,,,,,,,,,,,,,,,,,,,,,,,,,,,,,,,,,,,,,,,,,,,,,,,,,,,,,,,,,,,,,,,,,,,,,,,,,,,,,,,,,,,,,,,,
Schwellbrunn - Appenzell,Schwellbrunn – Eastern Switzerland / Liechtenstein,0.0/1.0 ,no info,0/1,https://snow.myswitzerland.com//snow_reports/schwellbrunn-appenzell-37/#piste,–,–,05.02.2023,22.01.2023,–,–,1,1 km,1,0.10 km²,–,no info,,,,,–,,,0/0 km,–,0/34 m,,,,,,,,,,,,,,,,,,,,,,,,,,,,,,,,,,,,,,,,,,,,,,,,,,,,,,,,,,,,,,,,,,,,,,,,,,,,,,,,,,,,,,,,,,,,,,,,,–,–,,,,,,,,,,,,,,,,,,,,,,,,,,,,,,,,,,,,,,,,,,,,,,,,,,,,,,,,,,,,,,,,,,,,,,,,,,,,,,,,,,
Rüschegg / Eywald,Rüschegg Eywald – Bern Region,0.0/13.0 ,end of season,0/2,https://snow.myswitzerland.com//snow_reports/rueschegg-eywald-236/#piste,–,–,18.01.2023,18.01.2023,–,–,9,20 km,6,0.00 km²,–,no info,,,,,,,,,,,,,,,,,,,,,–,,,,,,,,,,,,,,,,,,,,,,,,,–,,,,,,,,,,,,,,,,,,,,,,,,,,,,,,,,,,,,,,,,,,,,,,,,,,,,,,,,,,,,,,,,,,,,,,,,,,,,,,,,,,,,,,,,,,,,,,,,,,,,,,,,,,,,,,,,,,,,,,,,,,,,,,,,,,,,,,,,,,,,,,,,
Nara / Leontica,Leontica / Nara – Ticino,0.0/30.0 ,no info,0/6,https://snow.myswitzerland.com//snow_reports/nara-leontica-298/#piste,–,–,17.01.2023,17.01.2023,–,–,7,30 km,9,10.00 km²,–,no info,2,No notification,–,,–,+41 (0)91 871 11 11,,0/0 km,–,0/1000 m,,,,,,-,,no info,–,,,,,,,,,,,,,,,,,,,,,,,,,,,,,,,,,,,,,,,,,,,,,,,,,,,,,,,,,,,,,,,,,,,,,,,,,,,,,,,,,,,,,,,,,,–,–,,,,,,,,,,,,,,,,,,,,,,,,,,,,,,,,,,,,,,,,,,,,,,,,,,,,,,,,,,,,,,,,,,,,,,,,,,,,,,,,
Jeizinen,Gampel-Jeizinen – Valais,0.0/9.9 ,no info,0/5,https://snow.myswitzerland.com//snow_reports/jeizinen-267/#piste,–,–,11.03.2023,11.03.2023,–,–,5,10 km,7,0.25 km²,–,no info,0,End of season,–,,–,+41 (0)27 932 28 39,,0/0 km,,0/300 m,,,,,,,,,,,,,,,,,,,,,,,,,,,,,,,,,–,,,,,,,,,,,,,,,,,,,,,,,,,,,,,,,,,,,,,,,,,,,,,,,,,,,,,,,,,,,,,,,,,,,,–,,,,,,,,,,,,,,,,,,,,,,,,,,,,,,,,,,,,,,,,,,,,,,,,,,,,,,,,,,,,,,,,,,,,,,,,,,,,,,,
Bergün Filisur,Bergün / Bravuogn – Graubünden,0.0/25.0 ,no info,0/5,https://snow.myswitzerland.com//snow_reports/berguen-filisur-299/#piste,–,–,11.03.2023,11.03.2023,–,–,5,25 km,6,0.50 km²,–,closed,0,End of season,–,,–,+41 (0)81 407 12 56,,0/6.0 km,,0/950 m,,0/0.0 km,0/1.0 km,–,957-1440 m (altitude),,,,,,,,,,,,,,,,,,,,,,,,,,,,,,,,,,,,,,,,,,,,,,,,,,,,,,,,,,,,,,,,,,,,,,,,,,,,,,,,,,,,,,,,,,,,,,,,,–,–,,,,,,,,,,,,,,,,,,,,,,,,,,,,,,,,,,,,,,,,,,,,,,,,,,,,,,,,,,,,,,,,,,,,,,,,,,,,,
Balmberg,Balmberg – Aargau – Solothurn Region,0.0/5.0 ,no info,0/3,https://snow.myswitzerland.com//snow_reports/balmberg-240/#piste,–,–,30.01.2023,30.01.2023,–,–,3,5 km,5,0.00 km²,,,,,,,,,,,,,,,,,,,,,,,,,–,,,,,,,,,,,,,,,,,,,,,,,,,,,–,,,,,,,,,,,,,,,,,,,,,,,,,,,,,,,,,,,,,,,,,,,,,,,,,,,,,,,,,,,,,,,,,,,,,,,,,,,,,,,,,,,,,,,,,,,,,,,,,,,,,,,,,,,,,,,,,,,,,,,,,,,,,,,,,,,,,,,,,,,,
Degersheim,Degersheim – Eastern Switzerland / Liechtenstein,0.0/3.0 ,no info,0/3,https://snow.myswitzerland.com//snow_reports/degersheim-51/#piste,–,–,22.01.2023,22.01.2023,–,–,0,0 km,5,0.00 km²,–,closed,,,,,,,,,,,+41 (0)71 371 10 20,0/0.0 km,0/2.0 km,–,–,,,,,,,,,,,,,,,,,,,–,,,,,,,,,,,,,,,,,,,,,,,,,,,,,,,,,,,,,,,,,,,,,,,,,,,,,,,,,,,,,,,,,,,,,,,,,,,,,,,,–,,,,,,,,,,,,,,,,,,,,,,,,,,,,,,,,,,,,,,,,,,,,,,,,,,,,,,,,,,,,,,,,,,,,,,,,,,,,
Wasserngrat Gstaad,Gstaad – Bern Region,0.0/9.0 ,no info,0/1,https://snow.myswitzerland.com//snow_reports/wasserngrat-gstaad-359/#piste,–,–,18.01.2023,18.01.2023,–,–,47,200 km,3,0.00 km²,,,,,,,,,,,,,,,,,,,,,,,–,,,,,,,,,,,,,,,,,,,,,,,,,,,,,,,,,,,,,,,,,,,,,,,,,,,,,,,,,,,,,,,,,,,,,,,,,,,,,,,,,,,,,,,,,,,,,,–,,,,,,,,,,,,,,,,,,,,,,,,,,,,,,,,,,,,,,,,,,,,,,,,,,,,,,,,,,,,,,,,,,,,,,,,,,,
Urnäsch AR,Urnäsch – Eastern Switzerland / Liechtenstein,0.0/2.0 ,no info,0/2,https://snow.myswitzerland.com//snow_reports/urnaesch-ar-331/#piste,–,–,11.03.2023,11.03.2023,–,–,–,700 km,1,0.00 km²,–,closed,,,,,,,,,,,+41 (0)71 364 26 40,0/0.0 km,0/1.0 km,–,830-900 m (altitude),,,,,,,,,,,,,,,,,,,,,,,,,,,,,,,,,,,,,,,,,,,,,,,,,,,,,,,,,,,,,,,,,,,,,,,,,,,,,,,,,,,,,,–,,,,,,,,,,,,,,,–,,,,,,,,,,,,,,,,,,,,,,,,,,,,,,,,,,,,,,,,,,,,,,,,,,,,,,,,,,,,,,,,,,,,,,,,,,
St-Cergue,St-Cergue – Canton of Vaud,0.0/2.0 ,no info,0/3,https://snow.myswitzerland.com//snow_reports/st-cergue-14/#piste,–,–,06.02.2023,06.02.2023,–,–,29,44 km,3,0.00 km²,–,closed,0,End of season,–,,,,,,,,+41 (0)22 360 10 83,0/0.0 km,0/0.0 km,–,1208-1350 m (altitude),,,,,,,,,,,,,,,,,,,,,,,,,,,,,,,,,,,,,,,,,,,,,,,,,,,,,,,,,,,,,,,,,,–,,,,,,,,,,,,,,,,,,,,,,,,,,,,,,,,,,,,–,,,,,,,,,,,,,,,,,,,,,,,,,,,,,,,,,,,,,,,,,,,,,,,,,,,,,,,,,,,,,,,,,,,,,,,,,
Rigi,Rigi – Lucerne - Lake Lucerne Region,0.0/10.4 ,end of season,0/10,https://snow.myswitzerland.com//snow_reports/rigi-21/#piste,–,–,26.02.2023,26.02.2023,–,–,0,20 km,13,–,,,0,No notification,–,,–,+41 (0)41 399 87 87,,0/0 km,,0/1400 m,+41 (0)41 399 87 87,0/0.0 km,0/0.0 km,–,1440-1660 m (altitude),,,,,,,,,,,,,,,,,,,,,,,,,,,,,,,,,,,,,,,,,,,,,,,,,,,,,,,,,,,,,,,,,,,,–,,,,,,,,,,,,,,,–,,,,,,,,,,,,,,,,,,,,,,,,,,,,,,,,,,,,,,,,,,,,,,,,,,,,,,,,,,,,,,,,,,,,,,,,,,,,,,,,,,,,,,,,,,,,
Les Paccots,Les Paccots – Region of Fribourg,0.0/20.0 ,no info,0/11,https://snow.myswitzerland.com//snow_reports/les-paccots-151/#piste,–,–,18.01.2023,18.01.2023,–,–,0,20 km,11,0.00 km²,–,no info,0,Closed,–,,,,,,,,+41 (0)21 948 84 56,0/0.0 km,0/2.0 km,–,876-1300 m (altitude),,,,,,,,,,,,,,,,,,,,,,,,,,,,,,,,,,,,,,,,,,,,,,,,,,,,,,,,,,,,,,,,,,,,,–,–,,,,,,,,,,,,,,,,,,,,,,,,,,,,,,,,,,,,,,,,,,,,,,,,,,,,,,,,,,,,,,,,,,,,,,,,,,,,,,,,,,,,,,,,,,,,,,,,,,,,,,,,,
Carì,Carì – Ticino,0.0/20.0 ,no info,0/4,https://snow.myswitzerland.com//snow_reports/cari-364/#piste,–,–,25.02.2023,25.02.2023,–,–,0,20 km,0,0.00 km²,–,closed,4,Passable,–,,–,+41 (0)91 866 18 80,,0/0 km,–,0/400 m,,,,,,,,,,,,,,,,,,,,–,,,,,,,,,,,,,,,,,,,,,,,,,,,,,,,,,,,,,,,,,,,,,,,,,,,,,,,,–,,,,,,,,,,,,,,,,,,,,,,,,,,,,,,,,,,,,,,,,,,,,,,,,,,,,,,,,,,,,,,,,,,,,,,,,,,,,,,,,,,,,,,,,,,,,,,,,,,,,,,,,
Küssnacht - Seebodenalp,Küssnacht am Rigi – Lucerne - Lake Lucerne Region,0.0/5.0 ,no info,0/2,https://snow.myswitzerland.com//snow_reports/kuessnacht-seebodenalp-301/#piste,–,–,11.03.2023,11.03.2023,–,–,3,5 km,3,0.00 km²,,,,,,,,,,,,,,0/0.0 km,0/0.0 km,–,1030-1050 m (altitude),,,,,,,,,,,,,,,,,,,,,,,–,,,,,,,,,,,,,,,,,,,,,,,,,,,,,,,,,,,,,,,,,,,,,,,,,–,,,,,,,,,,,,,,,,,,,,,,,,,,,,,,,,,,,,,,,,,,,,,,,,,,,,,,,,,,,,,,,,,,,,,,,,,,,,,,,,,,,,,,,,,,,,,,,,,,,,,,,
Gantrisch - Riffenmatt,Riffenmatt – Bern Region,0.0/1.0 ,no info,0/1,https://snow.myswitzerland.com//snow_reports/gantrisch-riffenmatt-237/#piste,–,–,05.02.2023,05.02.2023,–,–,–,–,0,0.00 km²,–,no info,0,No notification,–,,,,,,,,+41 (0)31 735 55 55,0/0.0 km,0/0.0 km,–,1050-1150 m (altitude),,,,,,–,,,,,,,,,,,,,,,,,,,,,,,,,,,,,,,,,,,,,,,,,,,,,,,,,,,,,,,,,,,,,,,,,,,–,,,,,,,,,,,,,,,,,,,,,,,,,,,,,,,,,,,,,,,,,,,,,,,,,,,,,,,,,,,,,,,,,,,,,,,,,,,,,,,,,,,,,,,,,,,,,,,,,,,,,,
Gantrisch Gurnigel,Gurnigel – Bern Region,0.0/6.0 ,no info,0/3,https://snow.myswitzerland.com//snow_reports/gantrisch-gurnigel-239/#piste,–,–,17.01.2023,17.01.2023,–,–,0,45 km,2,0.00 km²,–,no info,,,,,,,,,,,,,,,,,,,,,,,,,,,,,,,,,,,,,,,,,,,,,,,,,,,–,,,,,,,,,,,,,,,,,,,,,,,,,,,,,,,,,,,,,,–,,,,,,,,,,,,,,,,,,,,,,,,,,,,,,,,,,,,,,,,,,,,,,,,,,,,,,,,,,,,,,,,,,,,,,,,,,,,,,,,,,,,,,,,,,,,,,,,,,,,,
Eriz,Eriz – Bern Region,0.0/6.0 ,no info,0/3,https://snow.myswitzerland.com//snow_reports/eriz-80/#piste,–,–,05.02.2023,05.02.2023,–,–,8,0 km,3,0.00 km²,–,closed,0,End of season,–,,–,+41 (0)33 453 24 00,,0/0 km,–,0/0 m,+41 (0)33 453 24 00,0/0.0 km,0/0.0 km,–,980-1040 m (altitude),,,,,,,,–,,,,,,,,,,,,,,,,,,,,,,,,,,,,,,,,,,,,,,,,,,,,,,,,,,,,,,,,,,,,,,,,,,,–,,,,,,,,,,,,,,,,,,,,,,,,,,,,,,,,,,,,,,,,,,,,,,,,,,,,,,,,,,,,,,,,,,,,,,,,,,,,,,,,,,,,,,,,,,,,,,,,,,,,
Eischoll,Eischoll – Valais,0.0/15.0 ,no info,0/3,https://snow.myswitzerland.com//snow_reports/eischoll-163/#piste,–,–,18.01.2023,18.01.2023,–,–,28,60 km,5,0.00 km²,–,no info,1,No notification,–,,–,,,0/0 km,,0/300 m,,,,,,,,,,,,,,,,,,,,,,,,,,,,,,,,,–,,,,,,,,,,,,,,,,,,,,,,,,,,,,,,,,,,,,,,,,,,,,,,,,–,,,,,,,,,,,,,,,,,,,,,,,,,,,,,,,,,,,,,,,,,,,,,,,,,,,,,,,,,,,,,,,,,,,,,,,,,,,,,,,,,,,,,,,,,,,,,,,,,,,
Eggiwil,Eggiwil – Bern Region,0.0/3.0 ,no info,0/1,https://snow.myswitzerland.com//snow_reports/eggiwil-283/#piste,–,–,11.12.2021,11.12.2021,–,–,–,–,3,0.00 km²,,,,,,,,,,,,,,,,,,,,,,,,,,,,,,,,,,,,,,–,,,,,,,,,,,,,,,,,,,,,,,,,,,,,,,,,,,,,,,,,,,,,,,,,,,,,,,,–,,,,,,,,,,,,,,,,,,,,,,,,,,,,,,,,,,,,,,,,,,,,,,,,,,,,,,,,,,,,,,,,,,,,,,,,,,,,,,,,,,,,,,,,,,,,,,,,,,
Ebnat-Kappel - Toggenburg,Ebnat-Kappel – Eastern Switzerland / Liechtenstein,0.0/5.0 ,no info,0/2,https://snow.myswitzerland.com//snow_reports/ebnat-kappel-toggenburg-114/#piste,–,–,26.02.2023,26.02.2023,–,–,–,–,3,0.00 km²,,,,,,,–,,,0/1.5 km,,0/300 m,+41 (0)71 993 29 11,0.0/0.0 km,0/0.0 km,–,640-650 m (altitude),-,+41 (0)71 993 12 77,closed,–,,,,,,,,,,,,,,,,,,,,,,,,,,,,,,,,,,,,,,,,,,,,,,,,,,,,,,,,,,,,,,,,,,,,,,,,,,–,–,,,,,,,,,,,,,,,,,,,,,,,,,,,,,,,,,,,,,,,,,,,,,,,,,,,,,,,,,,,,,,,,,,,,,,,,,,,,,,,,,,,,,,,,,,,,,,,,
Dent-de-Vaulion,Vaulion (Dent-de-Vaulion) – Canton of Vaud,0.0/8.0 ,no info,0/2,https://snow.myswitzerland.com//snow_reports/dent-de-vaulion-184/#piste,–,–,14.01.2021,14.01.2021,–,–,11,25 km,4,0.03 km²,–,no info,,,,,,,,,,,,,,,,,,,,,,,,,,,,,,,,,,,,,,,,,,,,,,,,,,,,,,,,,,,,,,,,,,,,,,,,,,,,,,,,,,,,,,,,,,,,,,,–,–,,,,,,,,,,,,,,,,,,,,,,,,,,,,,,,,,,,,,,,,,,,,,,,,,,,,,,,,,,,,,,,,,,,,,,,,,,,,,,,,,,,,,,,,,,,,,,
Atzmännig,Goldingen Atzmännig – Zurich Region,0.0/8.0 ,no info,0/5,https://snow.myswitzerland.com//snow_reports/atzmaennig-52/#piste,–,–,n/a,n/a,–,–,4,8 km,4,0.38 km²,–,closed,0,End of season,–,,–,055 284 64 44,,0/0 km,–,0/360 m,,,,,,,,,,,,,,,,,,,,,,,,,–,,,,,,,,,,,,,,,,,,,,,,,,,,,,,,,,,,,,,,,,,,,,,,,,,,,,,,,,,,,,,,–,,,,,,,,,,,,,,,,,,,,,,,,,,,,,,,,,,,,,,,,,,,,,,,,,,,,,,,,,,,,,,,,,,,,,,,,,,,,,,,,,,,,,,,,,,,,,
Reichenbach - Faltschen,Faltschen (Reichenbach) – Bern Region,,There are no current reports available,Day ticketAdult: CHF 32.–Children: CHF 21.–,https://snow.myswitzerland.com//snow_reports/reichenbach-faltschen-219/,,,,,,,,,,,,,,,,,,,,,,,,,,,,,,,,,,,,,,,,,,,,,,,,,,,,,,,,,,,,,,,,,,,,,,,,,,,,,,,,,,,,,,,,,,,,,,,,,,,,,,,,,,,,,,,,,,,,,,,,,,,,,,,,,,,,,,,,,,,,,,,,,,,,,,,,,,,,,,,,,,,,,,,,,,,,,,,,,,,,,,,,,,,,,,,,,,,,,,,,,,
Bumbach / Schangnau,Schangnau Bumbach – Bern Region,,There are no current reports available,Day ticketAdult: CHF 35.–Children: CHF 25.–,https://snow.myswitzerland.com//snow_reports/bumbach-schangnau-234/,,,,,,,,,,,,,,,,,,,,,,,,,,,,,,,,,,,,,,,,,,,,,,,,,,,,,,,,,,,,,,,,,,,,,,,,,,,,,,,,,,,,,,,,,,,,,,,,,,,,,,,,,,,,,,,,,,,,,,,,,,,,,,,,,,,,,,,,,,,,,,,,,,,,,,,,,,,,,,,,,,,,,,,,,,,,,,,,,,,,,,,,,,,,,,,,,,,,,,,,,,
Wolzenalp,Krummenau – Eastern Switzerland / Liechtenstein,,There are no current reports available,Day ticketAdult: CHF 38.–Children: CHF 25.–,https://snow.myswitzerland.com//snow_reports/wolzenalp-42/,,,,,,,,,,,,,,,,,,,,,,,,,,,,,,,,,,,,,,,,,,,,,,,,,,,,,,,,,,,,,,,,,,,,,,,,,,,,,,,,,,,,,,,,,,,,,,,,,,,,,,,,,,,,,,,,,,,,,,,,,,,,,,,,,,,,,,,,,,,,,,,,,,,,,,,,,,,,,,,,,,,,,,,,,,,,,,,,,,,,,,,,,,,,,,,,,,,,,,,,,,
Rathvel s/Châtel-St-Denis,Rathvel s/Châtel-St-Denis – Region of Fribourg,0.0/8.0 ,no info,0/4,https://snow.myswitzerland.com//snow_reports/rathvel-schatel-st-denis-215/#piste,–,–,05.02.2023,05.02.2023,–,–,4,0 km,4,0.00 km²,–,closed,,,,,,,,,,,,,,,,,,,,,,,,,,,,,,,,,,,,,,,,,,,,,,,,,,,,,,,,,,,,,,,,,,,,,,,,,,,,,,,,,,,,,,,,,,,,,,,,,,,,,,,,,,,,,,,,,,,,,,,,,,,,,,,,,,,,,,,,,,,,,,,,,,,,,,,,,,,,,,,,,,,,,,,,,,,,,,,,,,,,,,–,,,,,,,,–
Gantrisch - Ottenleue,Ottenleuebad – Bern Region,,There are no current reports available,Day ticketAdult: CHF 26.–Children: CHF 18.–,https://snow.myswitzerland.com//snow_reports/gantrisch-ottenleue-238/,,,,,,,,,,,,,,,,,,,,,,,,,,,,,,,,,,,,,,,,,,,,,,,,,,,,,,,,,,,,,,,,,,,,,,,,,,,,,,,,,,,,,,,,,,,,,,,,,,,,,,,,,,,,,,,,,,,,,,,,,,,,,,,,,,,,,,,,,,,,,,,,,,,,,,,,,,,,,,,,,,,,,,,,,,,,,,,,,,,,,,,,,,,,,,,,,,,,,,,,,,
Torgon-Portes du Soleil,Torgon – Valais,,There are no current reports available,Day ticketAdult: CHF 0.–Children: CHF 0.–,https://snow.myswitzerland.com//snow_reports/torgon-portes-du-soleil-137/,,,,,,,,,,,,,,,,,,,,,,,,,,,,,,,,,,,,,,,,,,,,,,,,,,,,,,,,,,,,,,,,,,,,,,,,,,,,,,,,,,,,,,,,,,,,,,,,,,,,,,,,,,,,,,,,,,,,,,,,,,,,,,,,,,,,,,,,,,,,,,,,,,,,,,,,,,,,,,,,,,,,,,,,,,,,,,,,,,,,,,,,,,,,,,,,,,,,,,,,,,
Flüelen-Eggberge,Altdorf – Lucerne - Lake Lucerne Region,,There are no current reports available,Day ticketAdult: CHF 32.–Children: CHF 21.–,https://snow.myswitzerland.com//snow_reports/flueelen-eggberge-333/,,,,,,,,,,,,,,,,,,,,,,,,,,,,,,,,,,,,,,,,,,,,,,,,,,,,,,,,,,,,,,,,,,,,,,,,,,,,,,,,,,,,,,,,,,,,,,,,,,,,,,,,,,,,,,,,,,,,,,,,,,,,,,,,,,,,,,,,,,,,,,,,,,,,,,,,,,,,,,,,,,,,,,,,,,,,,,,,,,,,,,,,,,,,,,,,,,,,,,,,,,
Obermutten,Obermutten – Graubünden,,There are no current reports available,Day ticketAdult: CHF 22.–Children: CHF 14.–,https://snow.myswitzerland.com//snow_reports/obermutten-302/,,,,,,,,,,,,,,,,,,,,,,,,,,,,,,,,,,,,,,,,,,,,,,,,,,,,,,,,,,,,,,,,,,,,,,,,,,,,,,,,,,,,,,,,,,,,,,,,,,,,,,,,,,,,,,,,,,,,,,,,,,,,,,,,,,,,,,,,,,,,,,,,,,,,,,,,,,,,,,,,,,,,,,,,,,,,,,,,,,,,,,,,,,,,,,,,,,,,,,,,,,
