Les Marécottes ,2023-12-15,2023-12-16,Ski Exclusive,Highest Quality & innovative technology__Direct power transmission__Power for sporting descents__Type according to availability;,CHF 95.40
Les Marécottes ,2023-12-15,2023-12-16,Ski Premium,For sporty bargain hunters__A ton of fun on the slopes__Type according to availability;,CHF 95.40
Les Marécottes ,2023-12-15,2023-12-16,Ski Test,rent the newest models to test__Models can be changed as often as desired on the day of rental;,CHF 104.40
Les Marécottes ,2023-12-15,2023-12-16,Ski Economy,For the price-conscious__Type according to availability;,CHF 72.00
Les Marécottes ,2023-12-15,2023-12-16,Ski Budget,Type according to availability;,CHF 50.40
Les Marécottes ,2023-12-15,2023-12-16,Skiboots premium,Direct force transmission__High Comfort & perfect Footing__Better Performance__Type according to availability;,CHF 32.40
Les Marécottes ,2023-12-15,2023-12-16,Skiboots economy,Allround ski boot__Comfortable wearing__Excellent driving performance__Type according to availability;,CHF 27.00
Les Marécottes ,2023-12-15,2023-12-16,Touring Ski exklusiv,Type according to availability__incl. skins and poles;,CHF 95.40
Les Marécottes ,2023-12-15,2023-12-16,Cancellation option,With the cancellation option you can cancel your reservation until 12.00 the day before.__You will get the full rental amount back less the cancellation fee.;,CHF 5.00
Les Marécottes ,2023-12-15,2023-12-16,Snowboard Budget,Perfect for beginners__Tolerant for failures__Stable Board__Type according to availability;,CHF 54.00
Les Marécottes ,2023-12-15,2023-12-16,Snowboard boots economy,Easy entry & exit__Safe stand__Best processing__Type according to availability;,CHF 27.00
Les Marécottes ,2023-12-15,2023-12-16,Helmet,Perfect fitting comfort__Perfect protection__Checked for safety__Type according to availability;,CHF 14.40
Les Marécottes ,2023-12-15,2023-12-17,Ski Exclusive,Highest Quality & innovative technology__Direct power transmission__Power for sporting descents__Type according to availability;,CHF 121.50
Les Marécottes ,2023-12-15,2023-12-17,Ski Premium,For sporty bargain hunters__A ton of fun on the slopes__Type according to availability;,CHF 121.50
Les Marécottes ,2023-12-15,2023-12-17,Ski Test,rent the newest models to test__Models can be changed as often as desired on the day of rental;,CHF 133.20
Les Marécottes ,2023-12-15,2023-12-17,Ski Economy,For the price-conscious__Type according to availability;,CHF 90.00
Les Marécottes ,2023-12-15,2023-12-17,Ski Budget,Type according to availability;,CHF 63.90
Les Marécottes ,2023-12-15,2023-12-17,Skiboots premium,Direct force transmission__High Comfort & perfect Footing__Better Performance__Type according to availability;,CHF 42.30
Les Marécottes ,2023-12-15,2023-12-17,Skiboots economy,Allround ski boot__Comfortable wearing__Excellent driving performance__Type according to availability;,CHF 33.30
Les Marécottes ,2023-12-15,2023-12-17,Touring Ski exklusiv,Type according to availability__incl. skins and poles;,CHF 121.50
Les Marécottes ,2023-12-15,2023-12-17,Cancellation option,With the cancellation option you can cancel your reservation until 12.00 the day before.__You will get the full rental amount back less the cancellation fee.;,CHF 5.00
Les Marécottes ,2023-12-15,2023-12-17,Snowboard Budget,Perfect for beginners__Tolerant for failures__Stable Board__Type according to availability;,CHF 67.50
Les Marécottes ,2023-12-15,2023-12-17,Snowboard boots economy,Easy entry & exit__Safe stand__Best processing__Type according to availability;,CHF 33.30
Les Marécottes ,2023-12-15,2023-12-17,Helmet,Perfect fitting comfort__Perfect protection__Checked for safety__Type according to availability;,CHF 18.00
Aletsch Arena ,2023-12-15,2023-12-15,Ski Superior,For skiers who want something special__High end skis from this season__Free ski-model exchange__Free daily service;,€36.90
Aletsch Arena ,2023-12-15,2023-12-15,Ski Premium,For beginners to sporty ones__Novelties of the season__Free ski-model exchange;,€31.50
Aletsch Arena ,2023-12-15,2023-12-15,Ski Economy,For the price-conscious__Brand skis;,€27.90
Aletsch Arena ,2023-12-15,2023-12-15,Skiboots premium,Direct force transmission__High Comfort & perfect Footing__Better Performance;,€18.90
Aletsch Arena ,2023-12-15,2023-12-15,Skiboots economy,Allround ski boot__Comfortable wearing__Excellent driving performance;,€15.30
Aletsch Arena ,2023-12-15,2023-12-15,Alpine touring Premium,Incl. skins and poles__With the best skiservice__For your adventure in the alps;,€26.10
Aletsch Arena ,2023-12-15,2023-12-15,Ski jacket and ski pants,Best fit & extremely comfortable__Wonderfully warming & super light__Windproof/waterproof & breathable__High-end ski suit for all weather conditions;,€45.00
Aletsch Arena ,2023-12-15,2023-12-15,Alpine touring ski boots,perfect fitting touring boots__the newest models of the season__different brands;,€18.90
Aletsch Arena ,2023-12-15,2023-12-15,Ski helmet,Optimal wearing comfort__Perfect protection__Verified material;,€9.90
Aletsch Arena ,2023-12-15,2023-12-15,Snowboard Premium,Top Performance__Supporting swing release__Perfect for powder;,€31.50
Aletsch Arena ,2023-12-15,2023-12-15,Snowboard Economy,Lightweight and stable board__Tolerance for failures__Stable Board;,€27.90
Aletsch Arena ,2023-12-15,2023-12-15,Snowboard boots economy,Easy entry & exit__Safe stand__Best processing;,€15.30
Aletsch Arena ,2023-12-15,2023-12-15,Snow shoes incl. poles,Great natural experience__Easy going on snow__Highest comfort;,€13.50
Aletsch Arena ,2023-12-15,2023-12-16,Ski Superior,For skiers who want something special__High end skis from this season__Free ski-model exchange__Free daily service;,€71.10
Aletsch Arena ,2023-12-15,2023-12-16,Ski Premium,For beginners to sporty ones__Novelties of the season__Free ski-model exchange;,€60.30
Aletsch Arena ,2023-12-15,2023-12-16,Ski Economy,For the price-conscious__Brand skis;,€53.10
Aletsch Arena ,2023-12-15,2023-12-16,Skiboots premium,Direct force transmission__High Comfort & perfect Footing__Better Performance;,€36.00
Aletsch Arena ,2023-12-15,2023-12-16,Skiboots economy,Allround ski boot__Comfortable wearing__Excellent driving performance;,€28.80
Aletsch Arena ,2023-12-15,2023-12-16,Alpine touring Premium,Incl. skins and poles__With the best skiservice__For your adventure in the alps;,€50.40
Aletsch Arena ,2023-12-15,2023-12-16,Ski jacket and ski pants,Best fit & extremely comfortable__Wonderfully warming & super light__Windproof/waterproof & breathable__High-end ski suit for all weather conditions;,€79.00
Aletsch Arena ,2023-12-15,2023-12-16,Alpine touring ski boots,perfect fitting touring boots__the newest models of the season__different brands;,€36.00
Aletsch Arena ,2023-12-15,2023-12-16,Ski helmet,Optimal wearing comfort__Perfect protection__Verified material;,€18.00
Aletsch Arena ,2023-12-15,2023-12-16,Snowboard Premium,Top Performance__Supporting swing release__Perfect for powder;,€60.30
Aletsch Arena ,2023-12-15,2023-12-16,Snowboard Economy,Lightweight and stable board__Tolerance for failures__Stable Board;,€53.10
Aletsch Arena ,2023-12-15,2023-12-16,Snowboard boots economy,Easy entry & exit__Safe stand__Best processing;,€28.80
Aletsch Arena ,2023-12-15,2023-12-16,Snow shoes incl. poles,Great natural experience__Easy going on snow__Highest comfort;,€25.20
Aletsch Arena ,2023-12-15,2023-12-17,Ski Superior,For skiers who want something special__High end skis from this season__Free ski-model exchange__Free daily service;,€101.70
Aletsch Arena ,2023-12-15,2023-12-17,Ski Premium,For beginners to sporty ones__Novelties of the season__Free ski-model exchange;,€86.40
Aletsch Arena ,2023-12-15,2023-12-17,Ski Economy,For the price-conscious__Brand skis;,€75.60
Aletsch Arena ,2023-12-15,2023-12-17,Skiboots premium,Direct force transmission__High Comfort & perfect Footing__Better Performance;,€51.30
Aletsch Arena ,2023-12-15,2023-12-17,Skiboots economy,Allround ski boot__Comfortable wearing__Excellent driving performance;,€40.50
Aletsch Arena ,2023-12-15,2023-12-17,Alpine touring Premium,Incl. skins and poles__With the best skiservice__For your adventure in the alps;,€72.90
Aletsch Arena ,2023-12-15,2023-12-17,Ski jacket and ski pants,Best fit & extremely comfortable__Wonderfully warming & super light__Windproof/waterproof & breathable__High-end ski suit for all weather conditions;,€109.00
Aletsch Arena ,2023-12-15,2023-12-17,Alpine touring ski boots,perfect fitting touring boots__the newest models of the season__different brands;,€51.30
Aletsch Arena ,2023-12-15,2023-12-17,Ski helmet,Optimal wearing comfort__Perfect protection__Verified material;,€24.30
Aletsch Arena ,2023-12-15,2023-12-17,Snowboard Premium,Top Performance__Supporting swing release__Perfect for powder;,€86.40
Aletsch Arena ,2023-12-15,2023-12-17,Snowboard Economy,Lightweight and stable board__Tolerance for failures__Stable Board;,€75.60
Aletsch Arena ,2023-12-15,2023-12-17,Snowboard boots economy,Easy entry & exit__Safe stand__Best processing;,€40.50
Aletsch Arena ,2023-12-15,2023-12-17,Snow shoes incl. poles,Great natural experience__Easy going on snow__Highest comfort;,€35.10
Samnaun ,2023-12-15,2023-12-15,Ski Exclusive,Highest Quality & innovative technology__Direct power transmission__Power for sporting descents__Type according to availability;,CHF 54.00
Samnaun ,2023-12-15,2023-12-15,Ski Premium,For sporty bargain hunters__A ton of fun on the slopes__Type according to availability;,CHF 45.00
Samnaun ,2023-12-15,2023-12-15,Ski Economy,For the price-conscious__Type according to availability;,CHF 34.20
Samnaun ,2023-12-15,2023-12-15,Ski Budget,Type according to availability;,CHF 25.20
Samnaun ,2023-12-15,2023-12-15,Skiboots premium,Direct force transmission__High Comfort & perfect Footing__Better Performance__Type according to availability;,CHF 17.10
Samnaun ,2023-12-15,2023-12-15,Alpine touring ski boots,Type according to availability;,CHF 17.10
Samnaun ,2023-12-15,2023-12-15,Touring Ski Premium,Type according to availability__incl. skins and poles;,CHF 45.00
Samnaun ,2023-12-15,2023-12-15,Cancellation option,With the cancellation option you can cancel your reservation until 12.00 the day before.__You will get the full rental amount back less the cancellation fee.;,CHF 5.00
Samnaun ,2023-12-15,2023-12-15,Snowboard premium,Top Performance__Supporting swing release__Perfect for powder__Type according to availability;,CHF 45.00
Samnaun ,2023-12-15,2023-12-15,Snowboard Economy,Perfect for all levels__Tolerance for failures__Stable Board__Type according to availability;,CHF 34.20
Samnaun ,2023-12-15,2023-12-15,Snowboard Budget,Perfect for beginners__Tolerant for failures__Stable Board__Type according to availability;,CHF 25.20
Samnaun ,2023-12-15,2023-12-15,Snowboardboots premium,Direct Power Transmission__Safe stand & warm feet__Maximum heel stability__Type according to availability;,CHF 17.10
Samnaun ,2023-12-15,2023-12-15,Snowshoes,Great natural experience__Easy going on snow__Highest Comfort;,CHF 17.10
Samnaun ,2023-12-15,2023-12-15,Toboggan,Comfortable Seating__Easy steering;,CHF 7.20
Samnaun ,2023-12-15,2023-12-16,Ski Exclusive,Highest Quality & innovative technology__Direct power transmission__Power for sporting descents__Type according to availability;,CHF 94.50
Samnaun ,2023-12-15,2023-12-16,Ski Premium,For sporty bargain hunters__A ton of fun on the slopes__Type according to availability;,CHF 81.00
Samnaun ,2023-12-15,2023-12-16,Ski Economy,For the price-conscious__Type according to availability;,CHF 64.80
Samnaun ,2023-12-15,2023-12-16,Ski Budget,Type according to availability;,CHF 47.70
Samnaun ,2023-12-15,2023-12-16,Skiboots premium,Direct force transmission__High Comfort & perfect Footing__Better Performance__Type according to availability;,CHF 32.40
Samnaun ,2023-12-15,2023-12-16,Alpine touring ski boots,Type according to availability;,CHF 32.40
Samnaun ,2023-12-15,2023-12-16,Touring Ski Premium,Type according to availability__incl. skins and poles;,CHF 81.00
Samnaun ,2023-12-15,2023-12-16,Cancellation option,With the cancellation option you can cancel your reservation until 12.00 the day before.__You will get the full rental amount back less the cancellation fee.;,CHF 5.00
Samnaun ,2023-12-15,2023-12-16,Snowboard premium,Top Performance__Supporting swing release__Perfect for powder__Type according to availability;,CHF 81.00
Samnaun ,2023-12-15,2023-12-16,Snowboard Economy,Perfect for all levels__Tolerance for failures__Stable Board__Type according to availability;,CHF 64.80
Samnaun ,2023-12-15,2023-12-16,Snowboard Budget,Perfect for beginners__Tolerant for failures__Stable Board__Type according to availability;,CHF 47.70
Samnaun ,2023-12-15,2023-12-16,Snowboardboots premium,Direct Power Transmission__Safe stand & warm feet__Maximum heel stability__Type according to availability;,CHF 32.40
Samnaun ,2023-12-15,2023-12-16,Snowshoes,Great natural experience__Easy going on snow__Highest Comfort;,CHF 32.40
Samnaun ,2023-12-15,2023-12-16,Toboggan,Comfortable Seating__Easy steering;,CHF 12.60
Samnaun ,2023-12-15,2023-12-17,Ski Exclusive,Highest Quality & innovative technology__Direct power transmission__Power for sporting descents__Type according to availability;,CHF 130.50
Samnaun ,2023-12-15,2023-12-17,Ski Premium,For sporty bargain hunters__A ton of fun on the slopes__Type according to availability;,CHF 103.50
Samnaun ,2023-12-15,2023-12-17,Ski Economy,For the price-conscious__Type according to availability;,CHF 80.10
Samnaun ,2023-12-15,2023-12-17,Ski Budget,Type according to availability;,CHF 60.30
Samnaun ,2023-12-15,2023-12-17,Skiboots premium,Direct force transmission__High Comfort & perfect Footing__Better Performance__Type according to availability;,CHF 42.30
Samnaun ,2023-12-15,2023-12-17,Alpine touring ski boots,Type according to availability;,CHF 42.30
Samnaun ,2023-12-15,2023-12-17,Touring Ski Premium,Type according to availability__incl. skins and poles;,CHF 103.50
Samnaun ,2023-12-15,2023-12-17,Cancellation option,With the cancellation option you can cancel your reservation until 12.00 the day before.__You will get the full rental amount back less the cancellation fee.;,CHF 5.00
Samnaun ,2023-12-15,2023-12-17,Snowboard premium,Top Performance__Supporting swing release__Perfect for powder__Type according to availability;,CHF 103.50
Samnaun ,2023-12-15,2023-12-17,Snowboard Economy,Perfect for all levels__Tolerance for failures__Stable Board__Type according to availability;,CHF 80.10
Samnaun ,2023-12-15,2023-12-17,Snowboard Budget,Perfect for beginners__Tolerant for failures__Stable Board__Type according to availability;,CHF 60.30
Samnaun ,2023-12-15,2023-12-17,Snowboardboots premium,Direct Power Transmission__Safe stand & warm feet__Maximum heel stability__Type according to availability;,CHF 42.30
Samnaun ,2023-12-15,2023-12-17,Snowshoes,Great natural experience__Easy going on snow__Highest Comfort;,CHF 42.30
Samnaun ,2023-12-15,2023-12-17,Toboggan,Comfortable Seating__Easy steering;,CHF 16.20
Münster (Goms) ,2023-12-15,2023-12-15,Ski Exclusive,Highest Quality & innovative technology__Direct power transmission__Power for sporting descents__Type according to availability;,CHF 50.00
Münster (Goms) ,2023-12-15,2023-12-15,Ski Economy,For the price-conscious__Type according to availability;,CHF 39.00
Münster (Goms) ,2023-12-15,2023-12-15,Ski Budget,Type according to availability;,CHF 29.00
Münster (Goms) ,2023-12-15,2023-12-15,Skiboots economy,Allround ski boot__Comfortable wearing__Excellent driving performance__Type according to availability;,CHF 19.00
Münster (Goms) ,2023-12-15,2023-12-15,Alpine touring ski boots,Type according to availability;,CHF 30.00
Münster (Goms) ,2023-12-15,2023-12-15,Alpine economy touring ski,incl. skins and poles__with the best skiservice__for your adventure in the alps__Type according to availability;,CHF 50.00
Münster (Goms) ,2023-12-15,2023-12-15,Split Board,Top Performance__Type according to availability;,CHF 70.00
Münster (Goms) ,2023-12-15,2023-12-15,Cancellation option,With the cancellation option you can cancel your reservation until 12.00 the day before.__You will get the full rental amount back less the cancellation fee.;,CHF 5.00
Münster (Goms) ,2023-12-15,2023-12-15,Snowboard Economy,Perfect for all levels__Tolerance for failures__Stable Board__Type according to availability;,CHF 39.00
Münster (Goms) ,2023-12-15,2023-12-15,Snowboard boots economy,Easy entry & exit__Safe stand__Best processing__Type according to availability;,CHF 19.00
Münster (Goms) ,2023-12-15,2023-12-15,Back protection (shield),Protection of the lumbar vertebrae__Perfect fit__No friction;,CHF 15.00
Münster (Goms) ,2023-12-15,2023-12-15,Snowshoes,Great natural experience__Easy going on snow__Highest Comfort;,CHF 19.00
Münster (Goms) ,2023-12-15,2023-12-15,Helmet,Perfect fitting comfort__Perfect protection__Checked for safety__Type according to availability;,CHF 15.00
Münster (Goms) ,2023-12-15,2023-12-16,Ski Exclusive,Highest Quality & innovative technology__Direct power transmission__Power for sporting descents__Type according to availability;,CHF 90.00
Münster (Goms) ,2023-12-15,2023-12-16,Ski Economy,For the price-conscious__Type according to availability;,CHF 65.00
Münster (Goms) ,2023-12-15,2023-12-16,Ski Budget,Type according to availability;,CHF 49.00
Münster (Goms) ,2023-12-15,2023-12-16,Skiboots economy,Allround ski boot__Comfortable wearing__Excellent driving performance__Type according to availability;,CHF 33.00
Münster (Goms) ,2023-12-15,2023-12-16,Alpine touring ski boots,Type according to availability;,CHF 40.00
Münster (Goms) ,2023-12-15,2023-12-16,Alpine economy touring ski,incl. skins and poles__with the best skiservice__for your adventure in the alps__Type according to availability;,CHF 80.00
Münster (Goms) ,2023-12-15,2023-12-16,Split Board,Top Performance__Type according to availability;,CHF 120.00
Münster (Goms) ,2023-12-15,2023-12-16,Cancellation option,With the cancellation option you can cancel your reservation until 12.00 the day before.__You will get the full rental amount back less the cancellation fee.;,CHF 5.00
Münster (Goms) ,2023-12-15,2023-12-16,Snowboard Economy,Perfect for all levels__Tolerance for failures__Stable Board__Type according to availability;,CHF 65.00
Münster (Goms) ,2023-12-15,2023-12-16,Snowboard boots economy,Easy entry & exit__Safe stand__Best processing__Type according to availability;,CHF 33.00
Münster (Goms) ,2023-12-15,2023-12-16,Back protection (shield),Protection of the lumbar vertebrae__Perfect fit__No friction;,CHF 25.00
Münster (Goms) ,2023-12-15,2023-12-16,Snowshoes,Great natural experience__Easy going on snow__Highest Comfort;,CHF 28.00
Münster (Goms) ,2023-12-15,2023-12-16,Helmet,Perfect fitting comfort__Perfect protection__Checked for safety__Type according to availability;,CHF 29.00
Les Breuleux ,2023-12-15,2023-12-15,Ski Exclusive,Highest Quality & innovative technology__Direct power transmission__Power for sporting descents__Type according to availability;,CHF 53.10
Les Breuleux ,2023-12-15,2023-12-15,Ski Test,rent the newest models to test__Models can be changed as often as desired on the day of rental;,CHF 57.60
Les Breuleux ,2023-12-15,2023-12-15,Ski Premium,For sporty bargain hunters__A ton of fun on the slopes__Type according to availability;,CHF 53.10
Les Breuleux ,2023-12-15,2023-12-15,Ski Economy,For the price-conscious__Type according to availability;,CHF 37.80
Les Breuleux ,2023-12-15,2023-12-15,Ski Budget,Type according to availability;,CHF 27.00
Les Breuleux ,2023-12-15,2023-12-15,Skiboots premium,Direct force transmission__High Comfort & perfect Footing__Better Performance__Type according to availability;,CHF 17.10
Les Breuleux ,2023-12-15,2023-12-15,Skiboots economy,Allround ski boot__Comfortable wearing__Excellent driving performance__Type according to availability;,CHF 14.40
Les Breuleux ,2023-12-15,2023-12-15,Touring Ski exklusiv,Type according to availability__incl. skins and poles;,CHF 53.10
Les Breuleux ,2023-12-15,2023-12-15,Cancellation option,With the cancellation option you can cancel your reservation until 12.00 the day before.__You will get the full rental amount back less the cancellation fee.;,CHF 5.00
Les Breuleux ,2023-12-15,2023-12-15,Snowboard Budget,Perfect for beginners__Tolerant for failures__Stable Board__Type according to availability;,CHF 27.90
Les Breuleux ,2023-12-15,2023-12-15,Snowboard boots economy,Easy entry & exit__Safe stand__Best processing__Type according to availability;,CHF 14.40
Les Breuleux ,2023-12-15,2023-12-15,Helmet,Perfect fitting comfort__Perfect protection__Checked for safety__Type according to availability;,CHF 8.10
Les Breuleux ,2023-12-15,2023-12-16,Ski Exclusive,Highest Quality & innovative technology__Direct power transmission__Power for sporting descents__Type according to availability;,CHF 95.40
Les Breuleux ,2023-12-15,2023-12-16,Ski Test,rent the newest models to test__Models can be changed as often as desired on the day of rental;,CHF 104.40
Les Breuleux ,2023-12-15,2023-12-16,Ski Premium,For sporty bargain hunters__A ton of fun on the slopes__Type according to availability;,CHF 95.40
Les Breuleux ,2023-12-15,2023-12-16,Ski Economy,For the price-conscious__Type according to availability;,CHF 72.00
Les Breuleux ,2023-12-15,2023-12-16,Ski Budget,Type according to availability;,CHF 50.40
Les Breuleux ,2023-12-15,2023-12-16,Skiboots premium,Direct force transmission__High Comfort & perfect Footing__Better Performance__Type according to availability;,CHF 32.40
Les Breuleux ,2023-12-15,2023-12-16,Skiboots economy,Allround ski boot__Comfortable wearing__Excellent driving performance__Type according to availability;,CHF 27.00
Les Breuleux ,2023-12-15,2023-12-16,Touring Ski exklusiv,Type according to availability__incl. skins and poles;,CHF 95.40
Les Breuleux ,2023-12-15,2023-12-16,Cancellation option,With the cancellation option you can cancel your reservation until 12.00 the day before.__You will get the full rental amount back less the cancellation fee.;,CHF 5.00
Les Breuleux ,2023-12-15,2023-12-16,Snowboard Budget,Perfect for beginners__Tolerant for failures__Stable Board__Type according to availability;,CHF 54.00
Les Breuleux ,2023-12-15,2023-12-16,Snowboard boots economy,Easy entry & exit__Safe stand__Best processing__Type according to availability;,CHF 27.00
Les Breuleux ,2023-12-15,2023-12-16,Helmet,Perfect fitting comfort__Perfect protection__Checked for safety__Type according to availability;,CHF 14.40
Les Breuleux ,2023-12-15,2023-12-17,Ski Exclusive,Highest Quality & innovative technology__Direct power transmission__Power for sporting descents__Type according to availability;,CHF 121.50
Les Breuleux ,2023-12-15,2023-12-17,Ski Premium,For sporty bargain hunters__A ton of fun on the slopes__Type according to availability;,CHF 121.50
Les Breuleux ,2023-12-15,2023-12-17,Ski Test,rent the newest models to test__Models can be changed as often as desired on the day of rental;,CHF 133.20
Les Breuleux ,2023-12-15,2023-12-17,Ski Economy,For the price-conscious__Type according to availability;,CHF 90.00
Les Breuleux ,2023-12-15,2023-12-17,Ski Budget,Type according to availability;,CHF 63.90
Les Breuleux ,2023-12-15,2023-12-17,Skiboots premium,Direct force transmission__High Comfort & perfect Footing__Better Performance__Type according to availability;,CHF 42.30
Les Breuleux ,2023-12-15,2023-12-17,Skiboots economy,Allround ski boot__Comfortable wearing__Excellent driving performance__Type according to availability;,CHF 33.30
Les Breuleux ,2023-12-15,2023-12-17,Touring Ski exklusiv,Type according to availability__incl. skins and poles;,CHF 121.50
Les Breuleux ,2023-12-15,2023-12-17,Cancellation option,With the cancellation option you can cancel your reservation until 12.00 the day before.__You will get the full rental amount back less the cancellation fee.;,CHF 5.00
Les Breuleux ,2023-12-15,2023-12-17,Snowboard Budget,Perfect for beginners__Tolerant for failures__Stable Board__Type according to availability;,CHF 67.50
Les Breuleux ,2023-12-15,2023-12-17,Snowboard boots economy,Easy entry & exit__Safe stand__Best processing__Type according to availability;,CHF 33.30
Les Breuleux ,2023-12-15,2023-12-17,Helmet,Perfect fitting comfort__Perfect protection__Checked for safety__Type according to availability;,CHF 18.00
Les Prés d'Orvin ,2023-12-15,2023-12-15,Ski Exclusive,Highest Quality & innovative technology__Direct power transmission__Power for sporting descents__Type according to availability;,CHF 53.10
Les Prés d'Orvin ,2023-12-15,2023-12-15,Ski Test,rent the newest models to test__Models can be changed as often as desired on the day of rental;,CHF 57.60
Les Prés d'Orvin ,2023-12-15,2023-12-15,Ski Premium,For sporty bargain hunters__A ton of fun on the slopes__Type according to availability;,CHF 53.10
Les Prés d'Orvin ,2023-12-15,2023-12-15,Ski Economy,For the price-conscious__Type according to availability;,CHF 37.80
Les Prés d'Orvin ,2023-12-15,2023-12-15,Ski Budget,Type according to availability;,CHF 27.00
Les Prés d'Orvin ,2023-12-15,2023-12-15,Skiboots premium,Direct force transmission__High Comfort & perfect Footing__Better Performance__Type according to availability;,CHF 17.10
Les Prés d'Orvin ,2023-12-15,2023-12-15,Skiboots economy,Allround ski boot__Comfortable wearing__Excellent driving performance__Type according to availability;,CHF 14.40
Les Prés d'Orvin ,2023-12-15,2023-12-15,Touring Ski exklusiv,Type according to availability__incl. skins and poles;,CHF 53.10
Les Prés d'Orvin ,2023-12-15,2023-12-15,Cancellation option,With the cancellation option you can cancel your reservation until 12.00 the day before.__You will get the full rental amount back less the cancellation fee.;,CHF 5.00
Les Prés d'Orvin ,2023-12-15,2023-12-15,Snowboard Budget,Perfect for beginners__Tolerant for failures__Stable Board__Type according to availability;,CHF 27.90
Les Prés d'Orvin ,2023-12-15,2023-12-15,Snowboard boots economy,Easy entry & exit__Safe stand__Best processing__Type according to availability;,CHF 14.40
Les Prés d'Orvin ,2023-12-15,2023-12-15,Helmet,Perfect fitting comfort__Perfect protection__Checked for safety__Type according to availability;,CHF 8.10
Les Prés d'Orvin ,2023-12-15,2023-12-16,Ski Exclusive,Highest Quality & innovative technology__Direct power transmission__Power for sporting descents__Type according to availability;,CHF 95.40
Les Prés d'Orvin ,2023-12-15,2023-12-16,Ski Test,rent the newest models to test__Models can be changed as often as desired on the day of rental;,CHF 104.40
Les Prés d'Orvin ,2023-12-15,2023-12-16,Ski Premium,For sporty bargain hunters__A ton of fun on the slopes__Type according to availability;,CHF 95.40
Les Prés d'Orvin ,2023-12-15,2023-12-16,Ski Economy,For the price-conscious__Type according to availability;,CHF 72.00
Les Prés d'Orvin ,2023-12-15,2023-12-16,Ski Budget,Type according to availability;,CHF 50.40
Les Prés d'Orvin ,2023-12-15,2023-12-16,Skiboots premium,Direct force transmission__High Comfort & perfect Footing__Better Performance__Type according to availability;,CHF 32.40
Les Prés d'Orvin ,2023-12-15,2023-12-16,Skiboots economy,Allround ski boot__Comfortable wearing__Excellent driving performance__Type according to availability;,CHF 27.00
Les Prés d'Orvin ,2023-12-15,2023-12-16,Touring Ski exklusiv,Type according to availability__incl. skins and poles;,CHF 95.40
Les Prés d'Orvin ,2023-12-15,2023-12-16,Cancellation option,With the cancellation option you can cancel your reservation until 12.00 the day before.__You will get the full rental amount back less the cancellation fee.;,CHF 5.00
Les Prés d'Orvin ,2023-12-15,2023-12-16,Snowboard Budget,Perfect for beginners__Tolerant for failures__Stable Board__Type according to availability;,CHF 54.00
Les Prés d'Orvin ,2023-12-15,2023-12-16,Snowboard boots economy,Easy entry & exit__Safe stand__Best processing__Type according to availability;,CHF 27.00
Les Prés d'Orvin ,2023-12-15,2023-12-16,Helmet,Perfect fitting comfort__Perfect protection__Checked for safety__Type according to availability;,CHF 14.40
Les Prés d'Orvin ,2023-12-15,2023-12-17,Ski Exclusive,Highest Quality & innovative technology__Direct power transmission__Power for sporting descents__Type according to availability;,CHF 121.50
Les Prés d'Orvin ,2023-12-15,2023-12-17,Ski Test,rent the newest models to test__Models can be changed as often as desired on the day of rental;,CHF 133.20
Les Prés d'Orvin ,2023-12-15,2023-12-17,Ski Premium,For sporty bargain hunters__A ton of fun on the slopes__Type according to availability;,CHF 121.50
Les Prés d'Orvin ,2023-12-15,2023-12-17,Ski Economy,For the price-conscious__Type according to availability;,CHF 90.00
Les Prés d'Orvin ,2023-12-15,2023-12-17,Ski Budget,Type according to availability;,CHF 63.90
Les Prés d'Orvin ,2023-12-15,2023-12-17,Skiboots premium,Direct force transmission__High Comfort & perfect Footing__Better Performance__Type according to availability;,CHF 42.30
Les Prés d'Orvin ,2023-12-15,2023-12-17,Skiboots economy,Allround ski boot__Comfortable wearing__Excellent driving performance__Type according to availability;,CHF 33.30
Les Prés d'Orvin ,2023-12-15,2023-12-17,Touring Ski exklusiv,Type according to availability__incl. skins and poles;,CHF 121.50
Les Prés d'Orvin ,2023-12-15,2023-12-17,Cancellation option,With the cancellation option you can cancel your reservation until 12.00 the day before.__You will get the full rental amount back less the cancellation fee.;,CHF 5.00
Les Prés d'Orvin ,2023-12-15,2023-12-17,Snowboard Budget,Perfect for beginners__Tolerant for failures__Stable Board__Type according to availability;,CHF 67.50
Les Prés d'Orvin ,2023-12-15,2023-12-17,Snowboard boots economy,Easy entry & exit__Safe stand__Best processing__Type according to availability;,CHF 33.30
Les Prés d'Orvin ,2023-12-15,2023-12-17,Helmet,Perfect fitting comfort__Perfect protection__Checked for safety__Type according to availability;,CHF 18.00
Schwyz ,2023-12-15,2023-12-15,Ski Exclusive,Highest Quality & innovative technology__Direct power transmission__Power for sporting descents__Type according to availability;,CHF 45.00
Schwyz ,2023-12-15,2023-12-15,Ski Economy,For the price-conscious__Type according to availability;,CHF 40.00
Schwyz ,2023-12-15,2023-12-15,Skiboots economy,Allround ski boot__Comfortable wearing__Excellent driving performance__Type according to availability;,CHF 15.00
Schwyz ,2023-12-15,2023-12-15,Alpine touring ski boots,Type according to availability;,CHF 20.00
Schwyz ,2023-12-15,2023-12-15,Touring Ski exklusiv,Type according to availability__incl. skins and poles;,CHF 45.00
Schwyz ,2023-12-15,2023-12-15,Split Board,Top Performance__Type according to availability;,CHF 75.00
Schwyz ,2023-12-15,2023-12-15,Cancellation option,With the cancellation option you can cancel your reservation until 12.00 the day before.__You will get the full rental amount back less the cancellation fee.;,CHF 5.00
Schwyz ,2023-12-15,2023-12-15,Snowboard Economy,Perfect for all levels__Tolerance for failures__Stable Board__Type according to availability;,CHF 30.00
Schwyz ,2023-12-15,2023-12-15,Snowboard boots economy,Easy entry & exit__Safe stand__Best processing__Type according to availability;,CHF 15.00
Schwyz ,2023-12-15,2023-12-15,Snowshoes,Great natural experience__Easy going on snow__Highest Comfort;,CHF 20.00
Schwyz ,2023-12-15,2023-12-15,Helmet,Perfect fitting comfort__Perfect protection__Checked for safety__Type according to availability;,CHF 10.00
Schwyz ,2023-12-15,2023-12-16,Ski Exclusive,Highest Quality & innovative technology__Direct power transmission__Power for sporting descents__Type according to availability;,CHF 67.00
Schwyz ,2023-12-15,2023-12-16,Ski Economy,For the price-conscious__Type according to availability;,CHF 57.00
Schwyz ,2023-12-15,2023-12-16,Skiboots economy,Allround ski boot__Comfortable wearing__Excellent driving performance__Type according to availability;,CHF 25.00
Schwyz ,2023-12-15,2023-12-16,Alpine touring ski boots,Type according to availability;,CHF 30.00
Schwyz ,2023-12-15,2023-12-16,Touring Ski exklusiv,Type according to availability__incl. skins and poles;,CHF 67.00
Schwyz ,2023-12-15,2023-12-16,Split Board,Top Performance__Type according to availability;,CHF 127.00
Schwyz ,2023-12-15,2023-12-16,Cancellation option,With the cancellation option you can cancel your reservation until 12.00 the day before.__You will get the full rental amount back less the cancellation fee.;,CHF 5.00
Schwyz ,2023-12-15,2023-12-16,Snowboard Economy,Perfect for all levels__Tolerance for failures__Stable Board__Type according to availability;,CHF 50.00
Schwyz ,2023-12-15,2023-12-16,Snowboard boots economy,Easy entry & exit__Safe stand__Best processing__Type according to availability;,CHF 25.00
Schwyz ,2023-12-15,2023-12-16,Snowshoes,Great natural experience__Easy going on snow__Highest Comfort;,CHF 30.00
Schwyz ,2023-12-15,2023-12-16,Helmet,Perfect fitting comfort__Perfect protection__Checked for safety__Type according to availability;,CHF 15.00
Andermatt ,2023-12-15,2023-12-15,Telemark Ski Premium,Type according to availability;,CHF 45.00
Andermatt ,2023-12-15,2023-12-15,Ski Premium,For sporty bargain hunters__A ton of fun on the slopes__Type according to availability;,CHF 45.00
Andermatt ,2023-12-15,2023-12-15,Ski Economy,For the price-conscious__Type according to availability;,CHF 36.00
Andermatt ,2023-12-15,2023-12-15,Ski Budget,Type according to availability;,CHF 27.00
Andermatt ,2023-12-15,2023-12-15,Skiboots economy,Allround ski boot__Comfortable wearing__Excellent driving performance__Type according to availability;,CHF 18.00
Andermatt ,2023-12-15,2023-12-15,Alpine touring ski boots,Type according to availability;,CHF 18.00
Andermatt ,2023-12-15,2023-12-15,Telemark skiboots,Type according to availability;,CHF 18.00
Andermatt ,2023-12-15,2023-12-15,Touring Ski Premium,Type according to availability__incl. skins and poles;,CHF 54.00
Andermatt ,2023-12-15,2023-12-15,Cancellation option,With the cancellation option you can cancel your reservation until 12.00 the day before.__You will get the full rental amount back less the cancellation fee.;,CHF 5.00
Andermatt ,2023-12-15,2023-12-15,Snowshoes,Great natural experience__Easy going on snow__Highest Comfort;,CHF 18.00
Andermatt ,2023-12-15,2023-12-15,Helmet,Perfect fitting comfort__Perfect protection__Checked for safety__Type according to availability;,CHF 13.50
Andermatt ,2023-12-15,2023-12-15,Sledges,Comfortable Seating__Rubber bearing for dumping__Easy steering;,CHF 13.50
Andermatt ,2023-12-15,2023-12-16,Telemark Ski Premium,Type according to availability;,CHF 72.00
Andermatt ,2023-12-15,2023-12-16,Ski Premium,For sporty bargain hunters__A ton of fun on the slopes__Type according to availability;,CHF 72.00
Andermatt ,2023-12-15,2023-12-16,Ski Economy,For the price-conscious__Type according to availability;,CHF 63.00
Andermatt ,2023-12-15,2023-12-16,Ski Budget,Type according to availability;,CHF 49.50
Andermatt ,2023-12-15,2023-12-16,Skiboots economy,Allround ski boot__Comfortable wearing__Excellent driving performance__Type according to availability;,CHF 31.50
Andermatt ,2023-12-15,2023-12-16,Alpine touring ski boots,Type according to availability;,CHF 31.50
Andermatt ,2023-12-15,2023-12-16,Telemark skiboots,Type according to availability;,CHF 31.50
Andermatt ,2023-12-15,2023-12-16,Touring Ski Premium,Type according to availability__incl. skins and poles;,CHF 90.00
Andermatt ,2023-12-15,2023-12-16,Cancellation option,With the cancellation option you can cancel your reservation until 12.00 the day before.__You will get the full rental amount back less the cancellation fee.;,CHF 5.00
Andermatt ,2023-12-15,2023-12-16,Snowshoes,Great natural experience__Easy going on snow__Highest Comfort;,CHF 31.50
Andermatt ,2023-12-15,2023-12-16,Helmet,Perfect fitting comfort__Perfect protection__Checked for safety__Type according to availability;,CHF 18.00
Andermatt ,2023-12-15,2023-12-16,Sledges,Comfortable Seating__Rubber bearing for dumping__Easy steering;,CHF 22.50
Andermatt ,2023-12-15,2023-12-17,Telemark Ski Premium,Type according to availability;,CHF 99.00
Andermatt ,2023-12-15,2023-12-17,Ski Premium,For sporty bargain hunters__A ton of fun on the slopes__Type according to availability;,CHF 99.00
Andermatt ,2023-12-15,2023-12-17,Ski Economy,For the price-conscious__Type according to availability;,CHF 81.00
Andermatt ,2023-12-15,2023-12-17,Ski Budget,Type according to availability;,CHF 63.00
Andermatt ,2023-12-15,2023-12-17,Skiboots economy,Allround ski boot__Comfortable wearing__Excellent driving performance__Type according to availability;,CHF 45.00
Andermatt ,2023-12-15,2023-12-17,Alpine touring ski boots,Type according to availability;,CHF 45.00
Andermatt ,2023-12-15,2023-12-17,Telemark skiboots,Type according to availability;,CHF 45.00
Andermatt ,2023-12-15,2023-12-17,Touring Ski Premium,Type according to availability__incl. skins and poles;,CHF 112.50
Andermatt ,2023-12-15,2023-12-17,Cancellation option,With the cancellation option you can cancel your reservation until 12.00 the day before.__You will get the full rental amount back less the cancellation fee.;,CHF 5.00
Andermatt ,2023-12-15,2023-12-17,Snowshoes,Great natural experience__Easy going on snow__Highest Comfort;,CHF 45.00
Andermatt ,2023-12-15,2023-12-17,Helmet,Perfect fitting comfort__Perfect protection__Checked for safety__Type according to availability;,CHF 22.50
Andermatt ,2023-12-15,2023-12-17,Sledges,Comfortable Seating__Rubber bearing for dumping__Easy steering;,CHF 27.00
Vals ,2023-12-15,2023-12-15,Carving Ski Superior,Highest Quality & innovative technology__Direct power transmission__Power for sporting descents__Incl. Poles;,€31.00
Vals ,2023-12-15,2023-12-15,Ski set Premium,"Skiset (ski, boots, poles)__Perfect run at high speed__Optimal power transmission;",€34.00
Vals ,2023-12-15,2023-12-15,Carving Ski Premium,Perfect for beginners & intermediate skiers__Less effort & fast driving__Ideal for icy slopes__Incl. Poles;,€27.00
Vals ,2023-12-15,2023-12-15,Ski Set Economy,"Skiset (ski, boots, poles)__Comfort with little effort__Run with high fault tolerance;",€29.00
Vals ,2023-12-15,2023-12-15,Carving Ski Economy,For the price-conscious__A ton of fun on the slopes__For sporty bargain hunters__Incl Poles;,€23.00
Vals ,2023-12-15,2023-12-15,Skating set,Latest binding technology__For long lasting scating sessions__Perfect fitting boots__Lot of different brands available;,€17.00
Vals ,2023-12-15,2023-12-15,Ski Carving Boots Premium,Direct force transmission__High Comfort & perfect Footing__Better Performance;,€15.00
Vals ,2023-12-15,2023-12-15,Ski Carving Boots Economy,Allround ski boot__Comfortable wearing__Excellent driving performance;,€12.00
Vals ,2023-12-15,2023-12-15,Ski Helmet,Perfect fitting comfort__Perfect protection__Checked for safety;,€6.50
Vals ,2023-12-15,2023-12-15,Snowboard Premium,Top Performance__Supporting swing release__Perfect for powder;,€27.00
Vals ,2023-12-15,2023-12-15,Snowboard Economy,Lightweight and stable board__Tolerance for failures__Stable Board;,€21.00
Vals ,2023-12-15,2023-12-15,Economy Snowboard Boots,Easy entry & exit__Safe stand__Best processing;,€12.00
Vals ,2023-12-15,2023-12-15,Back Protector,Protection of the lumbar vertebrae__Perfect fit__No friction;,€11.00
Vals ,2023-12-15,2023-12-15,Carefree Package Ski,No retention cost__Optimal protection for your rental__No Risk - No worries;,€6.00
Vals ,2023-12-15,2023-12-15,Carefree Package Snowboard,No retention cost__Optimal protection for your rental__No risk - no worries;,€6.00
Vals ,2023-12-15,2023-12-15,Snowshoes with Poles,Great natural experience__Easy going on snow__Highest comfort;,€11.00
Vals ,2023-12-15,2023-12-16,Carving Ski Superior,Highest Quality & innovative technology__Direct power transmission__Power for sporting descents__Incl. Poles;,€58.00
Vals ,2023-12-15,2023-12-16,Ski set Premium,"Skiset (ski, boots, poles)__Perfect run at high speed__Optimal power transmission;",€68.00
Vals ,2023-12-15,2023-12-16,Carving Ski Premium,Perfect for beginners & intermediate skiers__Less effort & fast driving__Ideal for icy slopes__Incl. Poles;,€48.00
Vals ,2023-12-15,2023-12-16,Ski Set Economy,"Skiset (ski, boots, poles)__Comfort with little effort__Run with high fault tolerance;",€50.00
Vals ,2023-12-15,2023-12-16,Carving Ski Economy,For the price-conscious__A ton of fun on the slopes__For sporty bargain hunters__Incl Poles;,€41.00
Vals ,2023-12-15,2023-12-16,Skating set,Latest binding technology__For long lasting scating sessions__Perfect fitting boots__Lot of different brands available;,€30.00
Vals ,2023-12-15,2023-12-16,Ski Carving Boots Premium,Direct force transmission__High Comfort & perfect Footing__Better Performance;,€25.00
Vals ,2023-12-15,2023-12-16,Ski Carving Boots Economy,Allround ski boot__Comfortable wearing__Excellent driving performance;,€22.00
Vals ,2023-12-15,2023-12-16,Ski Helmet,Perfect fitting comfort__Perfect protection__Checked for safety;,€10.00
Vals ,2023-12-15,2023-12-16,Snowboard Premium,Top Performance__Supporting swing release__Perfect for powder;,€51.00
Vals ,2023-12-15,2023-12-16,Snowboard Economy,Lightweight and stable board__Tolerance for failures__Stable Board;,€40.00
Vals ,2023-12-15,2023-12-16,Economy Snowboard Boots,Easy entry & exit__Safe stand__Best processing;,€22.00
Vals ,2023-12-15,2023-12-16,Back Protector,Protection of the lumbar vertebrae__Perfect fit__No friction;,€21.00
Vals ,2023-12-15,2023-12-16,Carefree Package Ski,No retention cost__Optimal protection for your rental__No Risk - No worries;,€10.00
Vals ,2023-12-15,2023-12-16,Carefree Package Snowboard,No retention cost__Optimal protection for your rental__No risk - no worries;,€10.00
Vals ,2023-12-15,2023-12-16,Snowshoes with Poles,Great natural experience__Easy going on snow__Highest comfort;,€19.00
Vals ,2023-12-15,2023-12-17,Carving Ski Superior,Highest Quality & innovative technology__Direct power transmission__Power for sporting descents__Incl. Poles;,€81.00
Vals ,2023-12-15,2023-12-17,Ski set Premium,"Skiset (ski, boots, poles)__Perfect run at high speed__Optimal power transmission;",€79.00
Vals ,2023-12-15,2023-12-17,Carving Ski Premium,Perfect for beginners & intermediate skiers__Less effort & fast driving__Ideal for icy slopes__Incl. Poles;,€66.00
Vals ,2023-12-15,2023-12-17,Ski Set Economy,"Skiset (ski, boots, poles)__Comfort with little effort__Run with high fault tolerance;",€67.00
Vals ,2023-12-15,2023-12-17,Carving Ski Economy,For the price-conscious__A ton of fun on the slopes__For sporty bargain hunters__Incl Poles;,€58.00
Vals ,2023-12-15,2023-12-17,Skating set,Latest binding technology__For long lasting scating sessions__Perfect fitting boots__Lot of different brands available;,€44.00
Vals ,2023-12-15,2023-12-17,Ski Carving Boots Premium,Direct force transmission__High Comfort & perfect Footing__Better Performance;,€34.00
Vals ,2023-12-15,2023-12-17,Ski Carving Boots Economy,Allround ski boot__Comfortable wearing__Excellent driving performance;,€31.50
Vals ,2023-12-15,2023-12-17,Ski Helmet,Perfect fitting comfort__Perfect protection__Checked for safety;,€14.00
Vals ,2023-12-15,2023-12-17,Snowboard Premium,Top Performance__Supporting swing release__Perfect for powder;,€71.00
Vals ,2023-12-15,2023-12-17,Snowboard Economy,Lightweight and stable board__Tolerance for failures__Stable Board;,€55.00
Vals ,2023-12-15,2023-12-17,Economy Snowboard Boots,Easy entry & exit__Safe stand__Best processing;,€31.50
Vals ,2023-12-15,2023-12-17,Back Protector,Protection of the lumbar vertebrae__Perfect fit__No friction;,€27.00
Vals ,2023-12-15,2023-12-17,Carefree Package Ski,No retention cost__Optimal protection for your rental__No Risk - No worries;,€20.00
Vals ,2023-12-15,2023-12-17,Carefree Package Snowboard,No retention cost__Optimal protection for your rental__No risk - no worries;,€20.00
Vals ,2023-12-15,2023-12-17,Snowshoes with Poles,Great natural experience__Easy going on snow__Highest comfort;,€27.00
Oberwil i.S. ,2023-12-15,2023-12-15,Ski Superior,For skiers who want something special__High end skis from this season__Free ski-model exchange__Free daily service;,€52.20
Oberwil i.S. ,2023-12-15,2023-12-15,Ski Premium,For beginners to sporty ones__Novelties of the season__Free ski-model exchange;,€36.90
Oberwil i.S. ,2023-12-15,2023-12-15,Ski Economy,For the price-conscious__Brand skis;,€26.10
Oberwil i.S. ,2023-12-15,2023-12-15,Ski boot,Direct Force transmission__High Comfort__Better Performance__Perfect footing;,€18.00
Oberwil i.S. ,2023-12-15,2023-12-15,Ski jacket and ski pants,Best fit & extremely comfortable__Wonderfully warming & super light__Windproof/waterproof & breathable__High-end ski suit for all weather conditions;,€45.00
Oberwil i.S. ,2023-12-15,2023-12-15,Freerideski Superior,Extra wide skis for off-pistes__Best for fresh snow conditions__Perfect for ambitious skiiers;,€52.20
Oberwil i.S. ,2023-12-15,2023-12-15,Ski helmet,Optimal wearing comfort__Perfect protection__Verified material;,€9.90
Oberwil i.S. ,2023-12-15,2023-12-15,Avalanche tranceiver,Modern technology__Easy to use__For more safety__Perfect for alpine touring;,€10.80
Oberwil i.S. ,2023-12-15,2023-12-15,Safety Set,"Set includes avalanche backpack, tranceiver, probe & shovel__For more safety__Easy to use__Perfect for winter sports in open terrain;",€24.30
Oberwil i.S. ,2023-12-15,2023-12-15,Snowboard Premium,Top Performance__Supporting swing release__Perfect for powder;,€36.90
Oberwil i.S. ,2023-12-15,2023-12-15,Snowboard Economy,Lightweight and stable board__Tolerance for failures__Stable Board;,€26.10
Oberwil i.S. ,2023-12-15,2023-12-15,Snowboard boots,Lightweight__Absolute Comfort__Safe stand;,€18.00
Oberwil i.S. ,2023-12-15,2023-12-15,Shortcarver,Extreme sidecut__Bended on both sides__For turning and reversing;,€26.10
Oberwil i.S. ,2023-12-15,2023-12-16,Ski Superior,For skiers who want something special__High end skis from this season__Free ski-model exchange__Free daily service;,€99.00
Oberwil i.S. ,2023-12-15,2023-12-16,Ski Premium,For beginners to sporty ones__Novelties of the season__Free ski-model exchange;,€72.00
Oberwil i.S. ,2023-12-15,2023-12-16,Ski Economy,For the price-conscious__Brand skis;,€50.40
Oberwil i.S. ,2023-12-15,2023-12-16,Ski boot,Direct Force transmission__High Comfort__Better Performance__Perfect footing;,€34.20
Oberwil i.S. ,2023-12-15,2023-12-16,Ski jacket and ski pants,Best fit & extremely comfortable__Wonderfully warming & super light__Windproof/waterproof & breathable__High-end ski suit for all weather conditions;,€79.00
Oberwil i.S. ,2023-12-15,2023-12-16,Freerideski Superior,Extra wide skis for off-pistes__Best for fresh snow conditions__Perfect for ambitious skiiers;,€99.00
Oberwil i.S. ,2023-12-15,2023-12-16,Ski helmet,Optimal wearing comfort__Perfect protection__Verified material;,€18.00
Oberwil i.S. ,2023-12-15,2023-12-16,Avalanche tranceiver,Modern technology__Easy to use__For more safety__Perfect for alpine touring;,€21.60
Oberwil i.S. ,2023-12-15,2023-12-16,Safety Set,"Set includes avalanche backpack, tranceiver, probe & shovel__For more safety__Easy to use__Perfect for winter sports in open terrain;",€44.10
Oberwil i.S. ,2023-12-15,2023-12-16,Snowboard Premium,Top Performance__Supporting swing release__Perfect for powder;,€72.00
Oberwil i.S. ,2023-12-15,2023-12-16,Snowboard Economy,Lightweight and stable board__Tolerance for failures__Stable Board;,€50.40
Oberwil i.S. ,2023-12-15,2023-12-16,Snowboard boots,Lightweight__Absolute Comfort__Safe stand;,€34.20
Oberwil i.S. ,2023-12-15,2023-12-16,Shortcarver,Extreme sidecut__Bended on both sides__For turning and reversing;,€50.40
Oberwil i.S. ,2023-12-15,2023-12-17,Ski Superior,For skiers who want something special__High end skis from this season__Free ski-model exchange__Free daily service;,€139.50
Oberwil i.S. ,2023-12-15,2023-12-17,Ski Premium,For beginners to sporty ones__Novelties of the season__Free ski-model exchange;,€104.40
Oberwil i.S. ,2023-12-15,2023-12-17,Ski Economy,For the price-conscious__Brand skis;,€72.90
Oberwil i.S. ,2023-12-15,2023-12-17,Ski boot,Direct Force transmission__High Comfort__Better Performance__Perfect footing;,€45.90
Oberwil i.S. ,2023-12-15,2023-12-17,Ski jacket and ski pants,Best fit & extremely comfortable__Wonderfully warming & super light__Windproof/waterproof & breathable__High-end ski suit for all weather conditions;,€109.00
Oberwil i.S. ,2023-12-15,2023-12-17,Freerideski Superior,Extra wide skis for off-pistes__Best for fresh snow conditions__Perfect for ambitious skiiers;,€139.50
Oberwil i.S. ,2023-12-15,2023-12-17,Ski helmet,Optimal wearing comfort__Perfect protection__Verified material;,€26.10
Oberwil i.S. ,2023-12-15,2023-12-17,Avalanche tranceiver,Modern technology__Easy to use__For more safety__Perfect for alpine touring;,€31.50
Oberwil i.S. ,2023-12-15,2023-12-17,Safety Set,"Set includes avalanche backpack, tranceiver, probe & shovel__For more safety__Easy to use__Perfect for winter sports in open terrain;",€63.00
Oberwil i.S. ,2023-12-15,2023-12-17,Snowboard Premium,Top Performance__Supporting swing release__Perfect for powder;,€104.40
Oberwil i.S. ,2023-12-15,2023-12-17,Snowboard Economy,Lightweight and stable board__Tolerance for failures__Stable Board;,€72.90
Oberwil i.S. ,2023-12-15,2023-12-17,Snowboard boots,Lightweight__Absolute Comfort__Safe stand;,€45.90
Oberwil i.S. ,2023-12-15,2023-12-17,Shortcarver,Extreme sidecut__Bended on both sides__For turning and reversing;,€72.90
Sörenberg ,2023-12-15,2023-12-15,Ski Economy,For the price-conscious__Type according to availability;,CHF 37.80
Sörenberg ,2023-12-15,2023-12-15,Skiboots economy,Allround ski boot__Comfortable wearing__Excellent driving performance__Type according to availability;,CHF 19.80
Sörenberg ,2023-12-15,2023-12-15,Cancellation option,With the cancellation option you can cancel your reservation until 12.00 the day before.__You will get the full rental amount back less the cancellation fee.;,CHF 5.00
Sörenberg ,2023-12-15,2023-12-15,Snowboard Economy,Perfect for all levels__Tolerance for failures__Stable Board__Type according to availability;,CHF 36.00
Sörenberg ,2023-12-15,2023-12-15,Snowboard boots economy,Easy entry & exit__Safe stand__Best processing__Type according to availability;,CHF 19.80
Sörenberg ,2023-12-15,2023-12-15,Nordic Set Skating,Type according to availability;,CHF 43.20
Sörenberg ,2023-12-15,2023-12-15,Nordic Set Classic,Type according to availability;,CHF 37.80
Sörenberg ,2023-12-15,2023-12-15,Snowshoes,Great natural experience__Easy going on snow__Highest Comfort;,CHF 18.00
Sörenberg ,2023-12-15,2023-12-15,Helmet,Perfect fitting comfort__Perfect protection__Checked for safety__Type according to availability;,CHF 9.00
Sörenberg ,2023-12-15,2023-12-15,Back protection (shield),Protection of the lumbar vertebrae__Perfect fit__No friction;,CHF 9.00
Sörenberg ,2023-12-15,2023-12-16,Ski Economy,For the price-conscious__Type according to availability;,CHF 67.50
Sörenberg ,2023-12-15,2023-12-16,Skiboots economy,Allround ski boot__Comfortable wearing__Excellent driving performance__Type according to availability;,CHF 32.40
Sörenberg ,2023-12-15,2023-12-16,Cancellation option,With the cancellation option you can cancel your reservation until 12.00 the day before.__You will get the full rental amount back less the cancellation fee.;,CHF 5.00
Sörenberg ,2023-12-15,2023-12-16,Snowboard Economy,Perfect for all levels__Tolerance for failures__Stable Board__Type according to availability;,CHF 63.00
Sörenberg ,2023-12-15,2023-12-16,Snowboard boots economy,Easy entry & exit__Safe stand__Best processing__Type according to availability;,CHF 32.40
Sörenberg ,2023-12-15,2023-12-16,Nordic Set Skating,Type according to availability;,CHF 72.00
Sörenberg ,2023-12-15,2023-12-16,Nordic Set Classic,Type according to availability;,CHF 58.50
Sörenberg ,2023-12-15,2023-12-16,Snowshoes,Great natural experience__Easy going on snow__Highest Comfort;,CHF 26.10
Sörenberg ,2023-12-15,2023-12-16,Helmet,Perfect fitting comfort__Perfect protection__Checked for safety__Type according to availability;,CHF 13.50
Sörenberg ,2023-12-15,2023-12-16,Back protection (shield),Protection of the lumbar vertebrae__Perfect fit__No friction;,CHF 13.50
Sörenberg ,2023-12-15,2023-12-17,Ski Economy,For the price-conscious__Type according to availability;,CHF 83.70
Sörenberg ,2023-12-15,2023-12-17,Skiboots economy,Allround ski boot__Comfortable wearing__Excellent driving performance__Type according to availability;,CHF 42.30
Sörenberg ,2023-12-15,2023-12-17,Cancellation option,With the cancellation option you can cancel your reservation until 12.00 the day before.__You will get the full rental amount back less the cancellation fee.;,CHF 5.00
Sörenberg ,2023-12-15,2023-12-17,Snowboard Economy,Perfect for all levels__Tolerance for failures__Stable Board__Type according to availability;,CHF 80.10
Sörenberg ,2023-12-15,2023-12-17,Snowboard boots economy,Easy entry & exit__Safe stand__Best processing__Type according to availability;,CHF 42.30
Sörenberg ,2023-12-15,2023-12-17,Nordic Set Skating,Type according to availability;,CHF 89.10
Sörenberg ,2023-12-15,2023-12-17,Nordic Set Classic,Type according to availability;,CHF 72.00
Sörenberg ,2023-12-15,2023-12-17,Snowshoes,Great natural experience__Easy going on snow__Highest Comfort;,CHF 32.40
Sörenberg ,2023-12-15,2023-12-17,Helmet,Perfect fitting comfort__Perfect protection__Checked for safety__Type according to availability;,CHF 13.50
Sörenberg ,2023-12-15,2023-12-17,Back protection (shield),Protection of the lumbar vertebrae__Perfect fit__No friction;,CHF 13.50
Le Sentier ,2023-12-15,2023-12-15,Ski Superior,For skiers who want something special__High end skis from this season__Free ski-model exchange__Free daily service;,€43.20
Le Sentier ,2023-12-15,2023-12-15,Ski Premium,For beginners to sporty ones__Novelties of the season__Free ski-model exchange;,€33.30
Le Sentier ,2023-12-15,2023-12-15,Ski Economy,For the price-conscious__Brand skis;,€26.10
Le Sentier ,2023-12-15,2023-12-15,Skiboots economy,Allround ski boot__Comfortable wearing__Excellent driving performance;,€14.40
Le Sentier ,2023-12-15,2023-12-15,Ski jacket and ski pants,Best fit & extremely comfortable__Wonderfully warming & super light__Windproof/waterproof & breathable__High-end ski suit for all weather conditions;,€45.00
Le Sentier ,2023-12-15,2023-12-15,Ski helmet,Optimal wearing comfort__Perfect protection__Verified material;,€10.80
Le Sentier ,2023-12-15,2023-12-15,Avalanche tranceiver,Modern technology__Easy to use__For more safety__Perfect for alpine touring;,€22.50
Le Sentier ,2023-12-15,2023-12-15,Safety Set,"Set includes avalanche backpack, tranceiver, probe & shovel__For more safety__Easy to use__Perfect for winter sports in open terrain;",€22.50
Le Sentier ,2023-12-15,2023-12-15,Snowboard Economy,Lightweight and stable board__Tolerance for failures__Stable Board;,€26.10
Le Sentier ,2023-12-15,2023-12-15,Snowboard Superior,Unbelieveable edge stability__Extreme Performance__Control in all situations;,€43.20
Le Sentier ,2023-12-15,2023-12-15,Snowboard boots,Lightweight__Absolute Comfort__Safe stand;,€14.40
Le Sentier ,2023-12-15,2023-12-15,Snow shoes incl. poles,Great natural experience__Easy going on snow__Highest Comfort;,€17.10
Le Sentier ,2023-12-15,2023-12-15,Shortcarver,Extreme sidecut__Bended on both sides__For turning and reversing;,€22.50
Le Sentier ,2023-12-15,2023-12-15,Sledge,Comfortable Seating__Rubber bearing for dumping__Easy steering;,€17.10
Le Sentier ,2023-12-15,2023-12-16,Ski Superior,For skiers who want something special__High end skis from this season__Free ski-model exchange__Free daily service;,€82.80
Le Sentier ,2023-12-15,2023-12-16,Ski Premium,For beginners to sporty ones__Novelties of the season__Free ski-model exchange;,€63.00
Le Sentier ,2023-12-15,2023-12-16,Ski Economy,For the price-conscious__Brand skis;,€47.70
Le Sentier ,2023-12-15,2023-12-16,Skiboots economy,Allround ski boot__Comfortable wearing__Excellent driving performance;,€26.10
Le Sentier ,2023-12-15,2023-12-16,Ski jacket and ski pants,Best fit & extremely comfortable__Wonderfully warming & super light__Windproof/waterproof & breathable__High-end ski suit for all weather conditions;,€79.00
Le Sentier ,2023-12-15,2023-12-16,Ski helmet,Optimal wearing comfort__Perfect protection__Verified material;,€20.70
Le Sentier ,2023-12-15,2023-12-16,Avalanche tranceiver,Modern technology__Easy to use__For more safety__Perfect for alpine touring;,€42.30
Le Sentier ,2023-12-15,2023-12-16,Safety Set,"Set includes avalanche backpack, tranceiver, probe & shovel__For more safety__Easy to use__Perfect for winter sports in open terrain;",€42.30
Le Sentier ,2023-12-15,2023-12-16,Snowboard Economy,Lightweight and stable board__Tolerance for failures__Stable Board;,€47.70
Le Sentier ,2023-12-15,2023-12-16,Snowboard Superior,Unbelieveable edge stability__Extreme Performance__Control in all situations;,€82.80
Le Sentier ,2023-12-15,2023-12-16,Snowboard boots,Lightweight__Absolute Comfort__Safe stand;,€26.10
Le Sentier ,2023-12-15,2023-12-16,Snow shoes incl. poles,Great natural experience__Easy going on snow__Highest Comfort;,€29.70
Le Sentier ,2023-12-15,2023-12-16,Shortcarver,Extreme sidecut__Bended on both sides__For turning and reversing;,€42.30
Le Sentier ,2023-12-15,2023-12-16,Sledge,Comfortable Seating__Rubber bearing for dumping__Easy steering;,€26.10
Le Sentier ,2023-12-15,2023-12-17,Ski Superior,For skiers who want something special__High end skis from this season__Free ski-model exchange__Free daily service;,€118.80
Le Sentier ,2023-12-15,2023-12-17,Ski Premium,For beginners to sporty ones__Novelties of the season__Free ski-model exchange;,€92.70
Le Sentier ,2023-12-15,2023-12-17,Ski Economy,For the price-conscious__Brand skis;,€68.40
Le Sentier ,2023-12-15,2023-12-17,Skiboots economy,Allround ski boot__Comfortable wearing__Excellent driving performance;,€35.10
Le Sentier ,2023-12-15,2023-12-17,Ski jacket and ski pants,Best fit & extremely comfortable__Wonderfully warming & super light__Windproof/waterproof & breathable__High-end ski suit for all weather conditions;,€109.00
Le Sentier ,2023-12-15,2023-12-17,Ski helmet,Optimal wearing comfort__Perfect protection__Verified material;,€29.70
Le Sentier ,2023-12-15,2023-12-17,Avalanche tranceiver,Modern technology__Easy to use__For more safety__Perfect for alpine touring;,€62.10
Le Sentier ,2023-12-15,2023-12-17,Safety Set,"Set includes avalanche backpack, tranceiver, probe & shovel__For more safety__Easy to use__Perfect for winter sports in open terrain;",€62.10
Le Sentier ,2023-12-15,2023-12-17,Snowboard Economy,Lightweight and stable board__Tolerance for failures__Stable Board;,€68.40
Le Sentier ,2023-12-15,2023-12-17,Snowboard Superior,Unbelieveable edge stability__Extreme Performance__Control in all situations;,€118.80
Le Sentier ,2023-12-15,2023-12-17,Snowboard boots,Lightweight__Absolute Comfort__Safe stand;,€35.10
Le Sentier ,2023-12-15,2023-12-17,Snow shoes incl. poles,Great natural experience__Easy going on snow__Highest Comfort;,€42.30
Le Sentier ,2023-12-15,2023-12-17,Shortcarver,Extreme sidecut__Bended on both sides__For turning and reversing;,€62.10
Le Sentier ,2023-12-15,2023-12-17,Sledge,Comfortable Seating__Rubber bearing for dumping__Easy steering;,€35.10
Buttes La Robella ,2023-12-15,2023-12-15,Ski Superior,For skiers who want something special__High end skis from this season__Free ski-model exchange__Free daily service;,€32.40
Buttes La Robella ,2023-12-15,2023-12-15,Ski Premium,For beginners to sporty ones__Novelties of the season__Free ski-model exchange;,€26.10
Buttes La Robella ,2023-12-15,2023-12-15,Ski Economy,For the price-conscious__Brand skis;,€23.40
Buttes La Robella ,2023-12-15,2023-12-15,Skiboots economy,Allround ski boot__Comfortable wearing__Excellent driving performance;,€10.80
Buttes La Robella ,2023-12-15,2023-12-15,Alpine touring ski,With skins and poles__With the best skiservice__For your adventure in the alps;,€32.40
Buttes La Robella ,2023-12-15,2023-12-15,Ski jacket and ski pants,Best fit & extremely comfortable__Wonderfully warming & super light__Windproof/waterproof & breathable__High-end ski suit for all weather conditions;,€45.00
Buttes La Robella ,2023-12-15,2023-12-15,Alpine touring ski boots,perfect fitting touring boots__the newest models of the season__different brands;,€10.80
Buttes La Robella ,2023-12-15,2023-12-15,Ski helmet,Optimal wearing comfort__Perfect protection__Verified material;,€6.30
Buttes La Robella ,2023-12-15,2023-12-15,Snowboard Economy,Lightweight and stable board__Tolerance for failures__Stable Board;,€23.40
Buttes La Robella ,2023-12-15,2023-12-15,Snowboard boots Premium,Direct Power Transmission__Safe stand & warm feet__Maximum heel stability;,€10.80
Buttes La Robella ,2023-12-15,2023-12-15,Snow shoes incl. poles,Great natural experience__Easy going on snow__Highest comfort;,€10.80
Buttes La Robella ,2023-12-15,2023-12-15,Snowblades,Extreme sidecut__For turning and reversing__Max. length 90cm__Very narrow radius;,€13.50
Buttes La Robella ,2023-12-15,2023-12-15,Skating shoes,Suitable for skating rinks & natural ice.__For beginners and pro's__Perfect fitting;,€5.40
Buttes La Robella ,2023-12-15,2023-12-16,Ski Superior,For skiers who want something special__High end skis from this season__Free ski-model exchange__Free daily service;,€59.40
Buttes La Robella ,2023-12-15,2023-12-16,Ski Premium,For beginners to sporty ones__Novelties of the season__Free ski-model exchange;,€51.30
Buttes La Robella ,2023-12-15,2023-12-16,Ski Economy,For the price-conscious__Brand skis;,€42.30
Buttes La Robella ,2023-12-15,2023-12-16,Skiboots economy,Allround ski boot__Comfortable wearing__Excellent driving performance;,€20.70
Buttes La Robella ,2023-12-15,2023-12-16,Alpine touring ski,With skins and poles__With the best skiservice__For your adventure in the alps;,€59.40
Buttes La Robella ,2023-12-15,2023-12-16,Ski jacket and ski pants,Best fit & extremely comfortable__Wonderfully warming & super light__Windproof/waterproof & breathable__High-end ski suit for all weather conditions;,€79.00
Buttes La Robella ,2023-12-15,2023-12-16,Alpine touring ski boots,perfect fitting touring boots__the newest models of the season__different brands;,€20.70
Buttes La Robella ,2023-12-15,2023-12-16,Ski helmet,Optimal wearing comfort__Perfect protection__Verified material;,€10.80
Buttes La Robella ,2023-12-15,2023-12-16,Snowboard Economy,Lightweight and stable board__Tolerance for failures__Stable Board;,€42.30
Buttes La Robella ,2023-12-15,2023-12-16,Snowboard boots Premium,Direct Power Transmission__Safe stand & warm feet__Maximum heel stability;,€20.70
Buttes La Robella ,2023-12-15,2023-12-16,Snowblades,Extreme sidecut__For turning and reversing__Max. length 90cm__Very narrow radius;,€26.10
Buttes La Robella ,2023-12-15,2023-12-16,Snow shoes incl. poles,Great natural experience__Easy going on snow__Highest comfort;,€20.70
Buttes La Robella ,2023-12-15,2023-12-16,Skating shoes,Suitable for skating rinks & natural ice.__For beginners and pro's__Perfect fitting;,€8.10
Buttes La Robella ,2023-12-15,2023-12-17,Ski Superior,For skiers who want something special__High end skis from this season__Free ski-model exchange__Free daily service;,€83.70
Buttes La Robella ,2023-12-15,2023-12-17,Ski Premium,For beginners to sporty ones__Novelties of the season__Free ski-model exchange;,€74.70
Buttes La Robella ,2023-12-15,2023-12-17,Ski Economy,For the price-conscious__Brand skis;,€61.20
Buttes La Robella ,2023-12-15,2023-12-17,Skiboots economy,Allround ski boot__Comfortable wearing__Excellent driving performance;,€26.10
Buttes La Robella ,2023-12-15,2023-12-17,Alpine touring ski,With skins and poles__With the best skiservice__For your adventure in the alps;,€83.70
Buttes La Robella ,2023-12-15,2023-12-17,Ski jacket and ski pants,Best fit & extremely comfortable__Wonderfully warming & super light__Windproof/waterproof & breathable__High-end ski suit for all weather conditions;,€109.00
Buttes La Robella ,2023-12-15,2023-12-17,Alpine touring ski boots,perfect fitting touring boots__the newest models of the season__different brands;,€26.10
Buttes La Robella ,2023-12-15,2023-12-17,Ski helmet,Optimal wearing comfort__Perfect protection__Verified material;,€14.40
Buttes La Robella ,2023-12-15,2023-12-17,Snowboard Economy,Lightweight and stable board__Tolerance for failures__Stable Board;,€61.20
Buttes La Robella ,2023-12-15,2023-12-17,Snowboard boots Premium,Direct Power Transmission__Safe stand & warm feet__Maximum heel stability;,€26.10
Buttes La Robella ,2023-12-15,2023-12-17,Snowblades,Extreme sidecut__For turning and reversing__Max. length 90cm__Very narrow radius;,€35.10
Buttes La Robella ,2023-12-15,2023-12-17,Snow shoes incl. poles,Great natural experience__Easy going on snow__Highest comfort;,€26.10
Buttes La Robella ,2023-12-15,2023-12-17,Skating shoes,Suitable for skating rinks & natural ice.__For beginners and pro's__Perfect fitting;,€10.80
St. Peter ,2023-12-15,2023-12-15,Ski Superior,For skiers who want something special__High end skis from this season__Free ski-model exchange__Free daily service;,€52.20
St. Peter ,2023-12-15,2023-12-15,Ski Premium,For beginners to sporty ones__Novelties of the season__Free ski-model exchange;,€36.90
St. Peter ,2023-12-15,2023-12-15,Ski Economy,For the price-conscious__Brand skis;,€26.10
St. Peter ,2023-12-15,2023-12-15,Ski boot,Direct Force transmission__High Comfort__Better Performance__Perfect footing;,€18.00
St. Peter ,2023-12-15,2023-12-15,Alpine touring skis Superior + crampons,"High end alpine touring skis__Including bindings, skins and crampons__Endless fun off-pistes__Perfect for ambitious skiiers;",€52.20
St. Peter ,2023-12-15,2023-12-15,Ski jacket and ski pants,Best fit & extremely comfortable__Wonderfully warming & super light__Windproof/waterproof & breathable__High-end ski suit for all weather conditions;,€45.00
St. Peter ,2023-12-15,2023-12-15,Freerideski Superior,Extra wide skis for off-pistes__Best for fresh snow conditions__Perfect for ambitious skiiers;,€52.20
St. Peter ,2023-12-15,2023-12-15,Ski helmet,Optimal wearing comfort__Perfect protection__Verified material;,€9.90
St. Peter ,2023-12-15,2023-12-15,Avalanche tranceiver,Modern technology__Easy to use__For more safety__Perfect for alpine touring;,€10.80
St. Peter ,2023-12-15,2023-12-15,Safety Set,"Set includes avalanche backpack, tranceiver, probe & shovel__For more safety__Easy to use__Perfect for winter sports in open terrain;",€24.30
St. Peter ,2023-12-15,2023-12-15,Snowboard Premium,Top Performance__Supporting swing release__Perfect for powder;,€36.90
St. Peter ,2023-12-15,2023-12-15,Snowboard Economy,Lightweight and stable board__Tolerance for failures__Stable Board;,€26.10
St. Peter ,2023-12-15,2023-12-15,Snowboard boots,Lightweight__Absolute Comfort__Safe stand;,€18.00
St. Peter ,2023-12-15,2023-12-15,Snow shoes incl. poles,Great natural experience__Easy going on snow__Highest comfort;,€18.00
St. Peter ,2023-12-15,2023-12-15,Shortcarver,Extreme sidecut__Bended on both sides__For turning and reversing;,€26.10
St. Peter ,2023-12-15,2023-12-16,Ski Superior,For skiers who want something special__High end skis from this season__Free ski-model exchange__Free daily service;,€99.00
St. Peter ,2023-12-15,2023-12-16,Ski Premium,For beginners to sporty ones__Novelties of the season__Free ski-model exchange;,€72.00
St. Peter ,2023-12-15,2023-12-16,Ski Economy,For the price-conscious__Brand skis;,€50.40
St. Peter ,2023-12-15,2023-12-16,Ski boot,Direct Force transmission__High Comfort__Better Performance__Perfect footing;,€34.20
St. Peter ,2023-12-15,2023-12-16,Alpine touring skis Superior + crampons,"High end alpine touring skis__Including bindings, skins and crampons__Endless fun off-pistes__Perfect for ambitious skiiers;",€99.00
St. Peter ,2023-12-15,2023-12-16,Ski jacket and ski pants,Best fit & extremely comfortable__Wonderfully warming & super light__Windproof/waterproof & breathable__High-end ski suit for all weather conditions;,€79.00
St. Peter ,2023-12-15,2023-12-16,Freerideski Superior,Extra wide skis for off-pistes__Best for fresh snow conditions__Perfect for ambitious skiiers;,€99.00
St. Peter ,2023-12-15,2023-12-16,Ski helmet,Optimal wearing comfort__Perfect protection__Verified material;,€18.00
St. Peter ,2023-12-15,2023-12-16,Avalanche tranceiver,Modern technology__Easy to use__For more safety__Perfect for alpine touring;,€21.60
St. Peter ,2023-12-15,2023-12-16,Safety Set,"Set includes avalanche backpack, tranceiver, probe & shovel__For more safety__Easy to use__Perfect for winter sports in open terrain;",€44.10
St. Peter ,2023-12-15,2023-12-16,Snowboard Premium,Top Performance__Supporting swing release__Perfect for powder;,€72.00
St. Peter ,2023-12-15,2023-12-16,Snowboard Economy,Lightweight and stable board__Tolerance for failures__Stable Board;,€50.40
St. Peter ,2023-12-15,2023-12-16,Snowboard boots,Lightweight__Absolute Comfort__Safe stand;,€34.20
St. Peter ,2023-12-15,2023-12-16,Shortcarver,Extreme sidecut__Bended on both sides__For turning and reversing;,€50.40
St. Peter ,2023-12-15,2023-12-16,Snow shoes incl. poles,Great natural experience__Easy going on snow__Highest comfort;,€34.20
St. Peter ,2023-12-15,2023-12-17,Ski Superior,For skiers who want something special__High end skis from this season__Free ski-model exchange__Free daily service;,€139.50
St. Peter ,2023-12-15,2023-12-17,Ski Premium,For beginners to sporty ones__Novelties of the season__Free ski-model exchange;,€104.40
St. Peter ,2023-12-15,2023-12-17,Ski Economy,For the price-conscious__Brand skis;,€72.90
St. Peter ,2023-12-15,2023-12-17,Ski boot,Direct Force transmission__High Comfort__Better Performance__Perfect footing;,€45.90
St. Peter ,2023-12-15,2023-12-17,Alpine touring skis Superior + crampons,"High end alpine touring skis__Including bindings, skins and crampons__Endless fun off-pistes__Perfect for ambitious skiiers;",€139.50
St. Peter ,2023-12-15,2023-12-17,Ski jacket and ski pants,Best fit & extremely comfortable__Wonderfully warming & super light__Windproof/waterproof & breathable__High-end ski suit for all weather conditions;,€109.00
St. Peter ,2023-12-15,2023-12-17,Freerideski Superior,Extra wide skis for off-pistes__Best for fresh snow conditions__Perfect for ambitious skiiers;,€139.50
St. Peter ,2023-12-15,2023-12-17,Ski helmet,Optimal wearing comfort__Perfect protection__Verified material;,€26.10
St. Peter ,2023-12-15,2023-12-17,Avalanche tranceiver,Modern technology__Easy to use__For more safety__Perfect for alpine touring;,€31.50
St. Peter ,2023-12-15,2023-12-17,Safety Set,"Set includes avalanche backpack, tranceiver, probe & shovel__For more safety__Easy to use__Perfect for winter sports in open terrain;",€63.00
St. Peter ,2023-12-15,2023-12-17,Snowboard Premium,Top Performance__Supporting swing release__Perfect for powder;,€104.40
St. Peter ,2023-12-15,2023-12-17,Snowboard Economy,Lightweight and stable board__Tolerance for failures__Stable Board;,€72.90
St. Peter ,2023-12-15,2023-12-17,Snowboard boots,Lightweight__Absolute Comfort__Safe stand;,€45.90
St. Peter ,2023-12-15,2023-12-17,Shortcarver,Extreme sidecut__Bended on both sides__For turning and reversing;,€72.90
St. Peter ,2023-12-15,2023-12-17,Snow shoes incl. poles,Great natural experience__Easy going on snow__Highest comfort;,€45.90
Schwanden ob Sigriswil ,2023-12-15,2023-12-15,Ski jacket and ski pants,Best fit & extremely comfortable__Wonderfully warming & super light__Windproof/waterproof & breathable__High-end ski suit for all weather conditions;,€45.00
Schwanden ob Sigriswil ,2023-12-15,2023-12-15,Snow shoes incl. poles,Great natural experience__Easy going on snow__Highest comfort;,€8.10
Schwanden ob Sigriswil ,2023-12-15,2023-12-15,Sledge,Comfortable seating__Rubber bearing for dumping__Easy steering;,€8.10
Schwanden ob Sigriswil ,2023-12-15,2023-12-16,Ski jacket and ski pants,Best fit & extremely comfortable__Wonderfully warming & super light__Windproof/waterproof & breathable__High-end ski suit for all weather conditions;,€79.00
Schwanden ob Sigriswil ,2023-12-15,2023-12-16,Sledge,Comfortable seating__Rubber bearing for dumping__Easy steering;,€15.30
Schwanden ob Sigriswil ,2023-12-15,2023-12-16,Snow shoes incl. poles,Great natural experience__Easy going on snow__Highest comfort;,€15.30
Schwanden ob Sigriswil ,2023-12-15,2023-12-17,Ski jacket and ski pants,Best fit & extremely comfortable__Wonderfully warming & super light__Windproof/waterproof & breathable__High-end ski suit for all weather conditions;,€109.00
Schwanden ob Sigriswil ,2023-12-15,2023-12-17,Sledge,Comfortable seating__Rubber bearing for dumping__Easy steering;,€22.50
Schwanden ob Sigriswil ,2023-12-15,2023-12-17,Snow shoes incl. poles,Great natural experience__Easy going on snow__Highest comfort;,€22.50
Homberg b. Thun ,2023-12-15,2023-12-15,Skiboots premium,Direct force transmission__High Comfort & perfect Footing__Better Performance__Type according to availability;,CHF 30.00
Homberg b. Thun ,2023-12-15,2023-12-15,Skiboots economy,Allround ski boot__Comfortable wearing__Excellent driving performance__Type according to availability;,CHF 20.00
Homberg b. Thun ,2023-12-15,2023-12-15,Touring Set Standard,"Set includes alpine touring skis, poles, skins and touring ski boots__Suitable for piste tours or ski tours in open terrain;",CHF 115.00
Homberg b. Thun ,2023-12-15,2023-12-15,Cancellation option,With the cancellation option you can cancel your reservation until 12.00 the day before.__You will get the full rental amount back less the cancellation fee.;,CHF 5.00
Homberg b. Thun ,2023-12-15,2023-12-15,Snowboard premium,Top Performance__Supporting swing release__Perfect for powder__Type according to availability;,CHF 50.00
Homberg b. Thun ,2023-12-15,2023-12-15,Snowboard Economy,Perfect for all levels__Tolerance for failures__Stable Board__Type according to availability;,CHF 40.00
Homberg b. Thun ,2023-12-15,2023-12-15,Snowboardboots premium,Direct Power Transmission__Safe stand & warm feet__Maximum heel stability__Type according to availability;,CHF 30.00
Homberg b. Thun ,2023-12-15,2023-12-15,Snowboard boots economy,Easy entry & exit__Safe stand__Best processing__Type according to availability;,CHF 20.00
Homberg b. Thun ,2023-12-15,2023-12-15,Nordic Set Skating,Type according to availability;,CHF 50.00
Homberg b. Thun ,2023-12-15,2023-12-15,Nordic Set Classic,Type according to availability;,CHF 40.00
Homberg b. Thun ,2023-12-15,2023-12-15,Helmet,Perfect fitting comfort__Perfect protection__Checked for safety__Type according to availability;,CHF 10.00
Homberg b. Thun ,2023-12-15,2023-12-15,Snowshoes,Great natural experience__Easy going on snow__Highest Comfort;,CHF 20.00
Homberg b. Thun ,2023-12-15,2023-12-16,Skiboots premium,Direct force transmission__High Comfort & perfect Footing__Better Performance__Type according to availability;,CHF 45.00
Homberg b. Thun ,2023-12-15,2023-12-16,Skiboots economy,Allround ski boot__Comfortable wearing__Excellent driving performance__Type according to availability;,CHF 32.00
Homberg b. Thun ,2023-12-15,2023-12-16,Touring Set Standard,"Set includes alpine touring skis, poles, skins and touring ski boots__Suitable for piste tours or ski tours in open terrain;",CHF 160.00
Homberg b. Thun ,2023-12-15,2023-12-16,Cancellation option,With the cancellation option you can cancel your reservation until 12.00 the day before.__You will get the full rental amount back less the cancellation fee.;,CHF 5.00
Homberg b. Thun ,2023-12-15,2023-12-16,Snowboard premium,Top Performance__Supporting swing release__Perfect for powder__Type according to availability;,CHF 80.00
Homberg b. Thun ,2023-12-15,2023-12-16,Snowboard Economy,Perfect for all levels__Tolerance for failures__Stable Board__Type according to availability;,CHF 68.00
Homberg b. Thun ,2023-12-15,2023-12-16,Snowboardboots premium,Direct Power Transmission__Safe stand & warm feet__Maximum heel stability__Type according to availability;,CHF 45.00
Homberg b. Thun ,2023-12-15,2023-12-16,Snowboard boots economy,Easy entry & exit__Safe stand__Best processing__Type according to availability;,CHF 32.00
Homberg b. Thun ,2023-12-15,2023-12-16,Nordic Set Classic,Type according to availability;,CHF 65.00
Homberg b. Thun ,2023-12-15,2023-12-16,Nordic Set Skating,Type according to availability;,CHF 80.00
Homberg b. Thun ,2023-12-15,2023-12-16,Helmet,Perfect fitting comfort__Perfect protection__Checked for safety__Type according to availability;,CHF 15.00
Homberg b. Thun ,2023-12-15,2023-12-16,Snowshoes,Great natural experience__Easy going on snow__Highest Comfort;,CHF 38.00
Aeschi BE ,2023-12-15,2023-12-15,Ski Superior,For skiers who want something special__High end skis from this season__Free ski-model exchange__Free daily service;,€52.20
Aeschi BE ,2023-12-15,2023-12-15,Ski Premium,For beginners to sporty ones__Novelties of the season__Free ski-model exchange;,€36.90
Aeschi BE ,2023-12-15,2023-12-15,Ski Economy,For the price-conscious__Brand skis;,€26.10
Aeschi BE ,2023-12-15,2023-12-15,Ski boot,Direct Force transmission__High Comfort__Better Performance__Perfect footing;,€18.00
Aeschi BE ,2023-12-15,2023-12-15,Ski jacket and ski pants,Best fit & extremely comfortable__Wonderfully warming & super light__Windproof/waterproof & breathable__High-end ski suit for all weather conditions;,€45.00
Aeschi BE ,2023-12-15,2023-12-15,Freerideski Superior,Extra wide skis for off-pistes__Best for fresh snow conditions__Perfect for ambitious skiiers;,€52.20
Aeschi BE ,2023-12-15,2023-12-15,Ski helmet,Optimal wearing comfort__Perfect protection__Verified material;,€9.90
Aeschi BE ,2023-12-15,2023-12-15,Avalanche tranceiver,Modern technology__Easy to use__For more safety__Perfect for alpine touring;,€10.80
Aeschi BE ,2023-12-15,2023-12-15,Safety Set,"Set includes avalanche backpack, tranceiver, probe & shovel__For more safety__Easy to use__Perfect for winter sports in open terrain;",€24.30
Aeschi BE ,2023-12-15,2023-12-15,Snowboard Premium,Top Performance__Supporting swing release__Perfect for powder;,€36.90
Aeschi BE ,2023-12-15,2023-12-15,Snowboard Economy,Lightweight and stable board__Tolerance for failures__Stable Board;,€26.10
Aeschi BE ,2023-12-15,2023-12-15,Snowboard boots,Lightweight__Absolute Comfort__Safe stand;,€18.00
Aeschi BE ,2023-12-15,2023-12-15,Shortcarver,Extreme sidecut__Bended on both sides__For turning and reversing;,€26.10
Aeschi BE ,2023-12-15,2023-12-16,Ski Superior,For skiers who want something special__High end skis from this season__Free ski-model exchange__Free daily service;,€99.00
Aeschi BE ,2023-12-15,2023-12-16,Ski Premium,For beginners to sporty ones__Novelties of the season__Free ski-model exchange;,€72.00
Aeschi BE ,2023-12-15,2023-12-16,Ski Economy,For the price-conscious__Brand skis;,€50.40
Aeschi BE ,2023-12-15,2023-12-16,Ski boot,Direct Force transmission__High Comfort__Better Performance__Perfect footing;,€34.20
Aeschi BE ,2023-12-15,2023-12-16,Ski jacket and ski pants,Best fit & extremely comfortable__Wonderfully warming & super light__Windproof/waterproof & breathable__High-end ski suit for all weather conditions;,€79.00
Aeschi BE ,2023-12-15,2023-12-16,Freerideski Superior,Extra wide skis for off-pistes__Best for fresh snow conditions__Perfect for ambitious skiiers;,€99.00
Aeschi BE ,2023-12-15,2023-12-16,Ski helmet,Optimal wearing comfort__Perfect protection__Verified material;,€18.00
Aeschi BE ,2023-12-15,2023-12-16,Safety Set,"Set includes avalanche backpack, tranceiver, probe & shovel__For more safety__Easy to use__Perfect for winter sports in open terrain;",€44.10
Aeschi BE ,2023-12-15,2023-12-16,Avalanche tranceiver,Modern technology__Easy to use__For more safety__Perfect for alpine touring;,€21.60
Aeschi BE ,2023-12-15,2023-12-16,Snowboard Premium,Top Performance__Supporting swing release__Perfect for powder;,€72.00
Aeschi BE ,2023-12-15,2023-12-16,Snowboard Economy,Lightweight and stable board__Tolerance for failures__Stable Board;,€50.40
Aeschi BE ,2023-12-15,2023-12-16,Snowboard boots,Lightweight__Absolute Comfort__Safe stand;,€34.20
Aeschi BE ,2023-12-15,2023-12-16,Shortcarver,Extreme sidecut__Bended on both sides__For turning and reversing;,€50.40
Aeschi BE ,2023-12-15,2023-12-17,Ski Superior,For skiers who want something special__High end skis from this season__Free ski-model exchange__Free daily service;,€139.50
Aeschi BE ,2023-12-15,2023-12-17,Ski Premium,For beginners to sporty ones__Novelties of the season__Free ski-model exchange;,€104.40
Aeschi BE ,2023-12-15,2023-12-17,Ski Economy,For the price-conscious__Brand skis;,€72.90
Aeschi BE ,2023-12-15,2023-12-17,Ski boot,Direct Force transmission__High Comfort__Better Performance__Perfect footing;,€45.90
Aeschi BE ,2023-12-15,2023-12-17,Ski jacket and ski pants,Best fit & extremely comfortable__Wonderfully warming & super light__Windproof/waterproof & breathable__High-end ski suit for all weather conditions;,€109.00
Aeschi BE ,2023-12-15,2023-12-17,Freerideski Superior,Extra wide skis for off-pistes__Best for fresh snow conditions__Perfect for ambitious skiiers;,€139.50
Aeschi BE ,2023-12-15,2023-12-17,Ski helmet,Optimal wearing comfort__Perfect protection__Verified material;,€26.10
Aeschi BE ,2023-12-15,2023-12-17,Avalanche tranceiver,Modern technology__Easy to use__For more safety__Perfect for alpine touring;,€31.50
Aeschi BE ,2023-12-15,2023-12-17,Safety Set,"Set includes avalanche backpack, tranceiver, probe & shovel__For more safety__Easy to use__Perfect for winter sports in open terrain;",€63.00
Aeschi BE ,2023-12-15,2023-12-17,Snowboard Premium,Top Performance__Supporting swing release__Perfect for powder;,€104.40
Aeschi BE ,2023-12-15,2023-12-17,Snowboard Economy,Lightweight and stable board__Tolerance for failures__Stable Board;,€72.90
Aeschi BE ,2023-12-15,2023-12-17,Snowboard boots,Lightweight__Absolute Comfort__Safe stand;,€45.90
Aeschi BE ,2023-12-15,2023-12-17,Shortcarver,Extreme sidecut__Bended on both sides__For turning and reversing;,€72.90
Sainte-Croix Les Rasses ,2023-12-15,2023-12-15,Ski Exclusive,Highest Quality & innovative technology__Direct power transmission__Power for sporting descents__Type according to availability;,CHF 53.10
Sainte-Croix Les Rasses ,2023-12-15,2023-12-15,Ski Premium,For sporty bargain hunters__A ton of fun on the slopes__Type according to availability;,CHF 53.10
Sainte-Croix Les Rasses ,2023-12-15,2023-12-15,Ski Test,rent the newest models to test__Models can be changed as often as desired on the day of rental;,CHF 57.60
Sainte-Croix Les Rasses ,2023-12-15,2023-12-15,Ski Economy,For the price-conscious__Type according to availability;,CHF 37.80
Sainte-Croix Les Rasses ,2023-12-15,2023-12-15,Ski Budget,Type according to availability;,CHF 27.00
Sainte-Croix Les Rasses ,2023-12-15,2023-12-15,Skiboots premium,Direct force transmission__High Comfort & perfect Footing__Better Performance__Type according to availability;,CHF 17.10
Sainte-Croix Les Rasses ,2023-12-15,2023-12-15,Skiboots economy,Allround ski boot__Comfortable wearing__Excellent driving performance__Type according to availability;,CHF 14.40
Sainte-Croix Les Rasses ,2023-12-15,2023-12-15,Touring Ski exklusiv,Type according to availability__incl. skins and poles;,CHF 53.10
Sainte-Croix Les Rasses ,2023-12-15,2023-12-15,Cancellation option,With the cancellation option you can cancel your reservation until 12.00 the day before.__You will get the full rental amount back less the cancellation fee.;,CHF 5.00
Sainte-Croix Les Rasses ,2023-12-15,2023-12-15,Snowboard Budget,Perfect for beginners__Tolerant for failures__Stable Board__Type according to availability;,CHF 27.90
Sainte-Croix Les Rasses ,2023-12-15,2023-12-15,Snowboard boots economy,Easy entry & exit__Safe stand__Best processing__Type according to availability;,CHF 14.40
Sainte-Croix Les Rasses ,2023-12-15,2023-12-15,Helmet,Perfect fitting comfort__Perfect protection__Checked for safety__Type according to availability;,CHF 8.10
Sainte-Croix Les Rasses ,2023-12-15,2023-12-16,Ski Exclusive,Highest Quality & innovative technology__Direct power transmission__Power for sporting descents__Type according to availability;,CHF 95.40
Sainte-Croix Les Rasses ,2023-12-15,2023-12-16,Ski Premium,For sporty bargain hunters__A ton of fun on the slopes__Type according to availability;,CHF 95.40
Sainte-Croix Les Rasses ,2023-12-15,2023-12-16,Ski Test,rent the newest models to test__Models can be changed as often as desired on the day of rental;,CHF 104.40
Sainte-Croix Les Rasses ,2023-12-15,2023-12-16,Ski Economy,For the price-conscious__Type according to availability;,CHF 72.00
Sainte-Croix Les Rasses ,2023-12-15,2023-12-16,Ski Budget,Type according to availability;,CHF 50.40
Sainte-Croix Les Rasses ,2023-12-15,2023-12-16,Skiboots premium,Direct force transmission__High Comfort & perfect Footing__Better Performance__Type according to availability;,CHF 32.40
Sainte-Croix Les Rasses ,2023-12-15,2023-12-16,Skiboots economy,Allround ski boot__Comfortable wearing__Excellent driving performance__Type according to availability;,CHF 27.00
Sainte-Croix Les Rasses ,2023-12-15,2023-12-16,Touring Ski exklusiv,Type according to availability__incl. skins and poles;,CHF 95.40
Sainte-Croix Les Rasses ,2023-12-15,2023-12-16,Cancellation option,With the cancellation option you can cancel your reservation until 12.00 the day before.__You will get the full rental amount back less the cancellation fee.;,CHF 5.00
Sainte-Croix Les Rasses ,2023-12-15,2023-12-16,Snowboard Budget,Perfect for beginners__Tolerant for failures__Stable Board__Type according to availability;,CHF 54.00
Sainte-Croix Les Rasses ,2023-12-15,2023-12-16,Snowboard boots economy,Easy entry & exit__Safe stand__Best processing__Type according to availability;,CHF 27.00
Sainte-Croix Les Rasses ,2023-12-15,2023-12-16,Helmet,Perfect fitting comfort__Perfect protection__Checked for safety__Type according to availability;,CHF 14.40
Sainte-Croix Les Rasses ,2023-12-15,2023-12-17,Ski Exclusive,Highest Quality & innovative technology__Direct power transmission__Power for sporting descents__Type according to availability;,CHF 121.50
Sainte-Croix Les Rasses ,2023-12-15,2023-12-17,Ski Premium,For sporty bargain hunters__A ton of fun on the slopes__Type according to availability;,CHF 121.50
Sainte-Croix Les Rasses ,2023-12-15,2023-12-17,Ski Test,rent the newest models to test__Models can be changed as often as desired on the day of rental;,CHF 133.20
Sainte-Croix Les Rasses ,2023-12-15,2023-12-17,Ski Economy,For the price-conscious__Type according to availability;,CHF 90.00
Sainte-Croix Les Rasses ,2023-12-15,2023-12-17,Ski Budget,Type according to availability;,CHF 63.90
Sainte-Croix Les Rasses ,2023-12-15,2023-12-17,Skiboots premium,Direct force transmission__High Comfort & perfect Footing__Better Performance__Type according to availability;,CHF 42.30
Sainte-Croix Les Rasses ,2023-12-15,2023-12-17,Skiboots economy,Allround ski boot__Comfortable wearing__Excellent driving performance__Type according to availability;,CHF 33.30
Sainte-Croix Les Rasses ,2023-12-15,2023-12-17,Touring Ski exklusiv,Type according to availability__incl. skins and poles;,CHF 121.50
Sainte-Croix Les Rasses ,2023-12-15,2023-12-17,Cancellation option,With the cancellation option you can cancel your reservation until 12.00 the day before.__You will get the full rental amount back less the cancellation fee.;,CHF 5.00
Sainte-Croix Les Rasses ,2023-12-15,2023-12-17,Snowboard Budget,Perfect for beginners__Tolerant for failures__Stable Board__Type according to availability;,CHF 67.50
Sainte-Croix Les Rasses ,2023-12-15,2023-12-17,Snowboard boots economy,Easy entry & exit__Safe stand__Best processing__Type according to availability;,CHF 33.30
Sainte-Croix Les Rasses ,2023-12-15,2023-12-17,Helmet,Perfect fitting comfort__Perfect protection__Checked for safety__Type according to availability;,CHF 18.00
Gstaad ,2023-12-15,2023-12-15,Ski Exclusive,Highest Quality & innovative technology__Direct power transmission__Power for sporting descents__Type according to availability;,CHF 59.40
Gstaad ,2023-12-15,2023-12-15,Ski Premium,For sporty bargain hunters__A ton of fun on the slopes__Type according to availability;,CHF 50.40
Gstaad ,2023-12-15,2023-12-15,Ski Economy,For the price-conscious__Type according to availability;,CHF 41.40
Gstaad ,2023-12-15,2023-12-15,Skiboots premium,Direct force transmission__High Comfort & perfect Footing__Better Performance__Type according to availability;,CHF 23.40
Gstaad ,2023-12-15,2023-12-15,Skiboots economy,Allround ski boot__Comfortable wearing__Excellent driving performance__Type according to availability;,CHF 20.70
Gstaad ,2023-12-15,2023-12-15,Cancellation option,With the cancellation option you can cancel your reservation until 12.00 the day before.__You will get the full rental amount back less the cancellation fee.;,CHF 5.00
Gstaad ,2023-12-15,2023-12-15,Nordic Set Skating,Type according to availability;,CHF 40.50
Gstaad ,2023-12-15,2023-12-15,Nordic Set Classic,Type according to availability;,CHF 40.50
Gstaad ,2023-12-15,2023-12-15,Snowshoes,Great natural experience__Easy going on snow__Highest Comfort;,CHF 20.70
Gstaad ,2023-12-15,2023-12-15,Helmet,Perfect fitting comfort__Perfect protection__Checked for safety__Type according to availability;,CHF 9.00
Gstaad ,2023-12-15,2023-12-16,Ski Exclusive,Highest Quality & innovative technology__Direct power transmission__Power for sporting descents__Type according to availability;,CHF 107.10
Gstaad ,2023-12-15,2023-12-16,Ski Premium,For sporty bargain hunters__A ton of fun on the slopes__Type according to availability;,CHF 90.90
Gstaad ,2023-12-15,2023-12-16,Ski Economy,For the price-conscious__Type according to availability;,CHF 74.70
Gstaad ,2023-12-15,2023-12-16,Skiboots premium,Direct force transmission__High Comfort & perfect Footing__Better Performance__Type according to availability;,CHF 42.30
Gstaad ,2023-12-15,2023-12-16,Skiboots economy,Allround ski boot__Comfortable wearing__Excellent driving performance__Type according to availability;,CHF 36.90
Gstaad ,2023-12-15,2023-12-16,Cancellation option,With the cancellation option you can cancel your reservation until 12.00 the day before.__You will get the full rental amount back less the cancellation fee.;,CHF 5.00
Gstaad ,2023-12-15,2023-12-16,Nordic Set Skating,Type according to availability;,CHF 72.90
Gstaad ,2023-12-15,2023-12-16,Nordic Set Classic,Type according to availability;,CHF 72.90
Gstaad ,2023-12-15,2023-12-16,Helmet,Perfect fitting comfort__Perfect protection__Checked for safety__Type according to availability;,CHF 13.50
Gstaad ,2023-12-15,2023-12-16,Snowshoes,Great natural experience__Easy going on snow__Highest Comfort;,CHF 31.50
Gstaad ,2023-12-15,2023-12-17,Ski Exclusive,Highest Quality & innovative technology__Direct power transmission__Power for sporting descents__Type according to availability;,CHF 142.20
Gstaad ,2023-12-15,2023-12-17,Ski Premium,For sporty bargain hunters__A ton of fun on the slopes__Type according to availability;,CHF 120.60
Gstaad ,2023-12-15,2023-12-17,Ski Economy,For the price-conscious__Type according to availability;,CHF 99.00
Gstaad ,2023-12-15,2023-12-17,Skiboots premium,Direct force transmission__High Comfort & perfect Footing__Better Performance__Type according to availability;,CHF 55.80
Gstaad ,2023-12-15,2023-12-17,Skiboots economy,Allround ski boot__Comfortable wearing__Excellent driving performance__Type according to availability;,CHF 49.50
Gstaad ,2023-12-15,2023-12-17,Cancellation option,With the cancellation option you can cancel your reservation until 12.00 the day before.__You will get the full rental amount back less the cancellation fee.;,CHF 5.00
Gstaad ,2023-12-15,2023-12-17,Nordic Set Skating,Type according to availability;,CHF 97.20
Gstaad ,2023-12-15,2023-12-17,Nordic Set Classic,Type according to availability;,CHF 97.20
Gstaad ,2023-12-15,2023-12-17,Snowshoes,Great natural experience__Easy going on snow__Highest Comfort;,CHF 41.40
Gstaad ,2023-12-15,2023-12-17,Helmet,Perfect fitting comfort__Perfect protection__Checked for safety__Type according to availability;,CHF 18.00
