Resort,Location,Link,Open Pistes km,Slope Condition,Open Lifts,Last snowfall in resort,Last snowfall in ski area,New snow in resort (past 24h) - cm,New snow in ski area (past 24h) - cm,Runs down to resort (open today / total),Runs down to (altitude),Condition of runs down to resort,Surface area of pistes km^2,Number of local pistes,Pistes covered by lift pass (regional) - km,Number of lifts in ski area,Runs floodlit today until,Length of floodlit runs,Altitude of cross-country runs,Cross-country ski trail floodlit today until,Floodlit cross-country trails (km open / total),"Cross-country trails, dogs permitted (open / total)",Vertical difference of all runs (today / total),Fully open,Floodlit today (open / total),Winter walking paths from (altitude),Number of snow shoe trails open today,Conditions/events on the trails,Depth of snow on upper runs - cm,Depth of snow in resort - cm,Installations open from,Installations open until,Start of season:,End of season:,City,Canton,Depth of snow on upper runs - inches,Depth of snow in resort - inches,adult - CHF,young person - CHF,senior - CHF,children - CHF
Samnaun/Ischgl,Samnaun – Graubünden,https://snow.myswitzerland.com/snow_reports/samnaunischgl-157/#piste,204.0/239.0 ,good,39/46,2023-12-07,2023-12-07,0 ,35 ,4/6,Not Available,fair,0.00 ,85.0,239 ,45,Not Available,Not Available,1800-1840 m (altitude),Not Available,0/0.0 km,0.0/0.0 km,100/330 m,30%,0/0 km,Not Available,0,Closed,100.0,50.0,08:30 hr,16:00 hr,23.11.2023,01.05.2024,Samnaun , Graubünden,39.37,19.69,72.0,,72.0,45.0
Zermatt - Matterhorn,Zermatt – Valais,https://snow.myswitzerland.com/snow_reports/zermatt-matterhorn-170/#piste,175.3/360.0 ,good,35/54,2023-12-12,2023-12-11,0 ,0 ,1/4,1617 m (altitude),no info,1.05 ,145.0,360 ,55,Not Available,Not Available,,,,,,,,,,,30.0,15.0,08:30 hr,17:00 hr,01.11.2023,30.04.2024,Zermatt , Valais,11.81,5.91,92.0,78.0,,46.0
Verbier,Verbier – Valais,https://snow.myswitzerland.com/snow_reports/verbier-132/#piste,145.3/358.0 ,good,33/73,2023-12-12,2023-12-12,9 ,9 ,6/18,Not Available,good,0.35 ,101.0,412 ,82,Not Available,0.0 km,2200-2260 m (altitude),Not Available,0.0/0 km,0.0/0 km,,,,2200 m (altitude),1,Good,94.0,50.0,08:45 hr,16:15 hr,04.11.2023,21.04.2024,Verbier , Valais,37.01,19.69,83.0,70.0,,41.0
Thyon - 4 Vallées,Les Collons Thyon – Valais,https://snow.myswitzerland.com/snow_reports/thyon-4-vallees-143/#piste,145.3/358.0 ,good,33/73,2023-12-12,2023-12-12,0 ,0 ,6/18,1500 m (altitude),good,0.00 ,101.0,220 ,84,Not Available,0.0 km,2200-2260 m (altitude),Not Available,0.0/0.0 km,0.0/0.0 km,,,,2200 m (altitude),10,Good,100.0,60.0,08:30 hr,16:30 hr,17.11.2023,14.04.2024,Les Collons Thyon , Valais,39.37,23.62,73.0,62.0,,37.0
Klosters,Klosters – Graubünden,https://snow.myswitzerland.com/snow_reports/klosters-121/#piste,133.1/258.9 ,good,27/46,2023-12-09,2023-12-09,0 ,0 ,11/16,1560 m (altitude),good,6.64 ,83.0,320 ,58,Not Available,Not Available,1291-1373 m (altitude),Not Available,2.5/2.5 km,18.5/18.5 km,779/1987 m,100%,0/0 km,1191 m (altitude),0,Closed,135.0,55.0,08:15 hr,16:00 hr,25.11.2023,07.04.2024,Klosters , Graubünden,53.15,21.65,77.0,54.0,,31.0
Davos,Davos – Graubünden,https://snow.myswitzerland.com/snow_reports/davos-69/#piste,133.1/258.9 ,good,27/46,2023-12-12,2023-12-09,4 ,0 ,11/16,1250 m (altitude),good,6.64 ,83.0,320 ,85,Not Available,Not Available,1560-1700 m (altitude),21:00 hr,2.5/2.5 km,18.5/18.5 km,321/917 m,100%,2.86.5 km,1560 m (altitude),5,Good,135.0,54.0,08:15 hr,16:00 hr,10.11.2023,14.04.2024,Davos , Graubünden,53.15,21.26,77.0,54.0,77.0,31.0
Engadin & St. Moritz,St. Moritz – Graubünden,https://snow.myswitzerland.com/snow_reports/engadin-st-moritz-65/#piste,126.5/330.3 ,good,26/59,2023-12-10,2023-12-10,0 ,0 ,6/15,Not Available,no info,Not Available,92.0,350 ,56,Not Available,11.7 km,1710-1850 m (altitude),Not Available,11.6/19.7 km,25.5/25.6 km,230/2569 m,5%,0/0 km,Not Available,2,No notification,137.0,55.0,,,21.10.2023,05.05.2024,St. Moritz , Graubünden,53.94,21.65,45.0,,,15.0
Grindelwald – Jungfrau Ski Region,Grindelwald – Bern Region,https://snow.myswitzerland.com/snow_reports/grindelwald-jungfrau-ski-region-228/#piste,87.2/207.5 ,good,48/67,2023-12-10,2023-12-10,10 ,30 ,0/9,1200 m (altitude),closed,0.00 ,106.0,213 ,44,Not Available,0.0 km,940-990 m (altitude),Not Available,0.0/0.0 km,0.0/0.0 km,0/1737 m,100%,0/3.0 km,1000 m (altitude),8,Good,40.0,15.0,09:00 hr,16:30 hr,03.12.2023,01.04.2024,Grindelwald , Bern Region,15.75,5.91,75.0,45.0,68.0,38.0
Arosa Lenzerheide,Lenzerheide – Graubünden,https://snow.myswitzerland.com/snow_reports/arosa-lenzerheide-66/#piste,84.2/220.7 ,good,22/43,2023-12-10,2023-12-12,0 ,6 ,9/31,Not Available,no info,Not Available,134.0,225 ,43,Not Available,0.0 km,Not Available,21:00 hr,13.0/13.0 km,0/0 km,0/994 m,0%,0/6.0 km,Not Available,4,Good,136.0,60.0,08:45 hr,16:00 hr,02.12.2023,14.04.2024,Lenzerheide , Graubünden,53.54,23.62,30.0,17.0,30.0,14.0
Arosa Lenzerheide,Arosa – Graubünden,https://snow.myswitzerland.com/snow_reports/arosa-lenzerheide-123/#piste,84.2/220.7 ,good,22/43,2023-12-12,2023-12-12,5 ,5 ,9/31,Not Available,good,Not Available,134.0,225 ,43,Not Available,0.0 km,Not Available,Not Available,4.0/4.0 km,0.0/0 km,1112/1312 m,59%,1.02.5 km,Not Available,2,Good,70.0,60.0,,,02.12.2023,14.04.2024,Arosa , Graubünden,27.56,23.62,30.0,17.0,30.0,14.0
Davos Klosters Parsenn,Davos – Graubünden,https://snow.myswitzerland.com/snow_reports/davos-klosters-parsenn-379/#piste,83.8/109.1 ,good,16/18,2023-12-12,2023-12-09,4 ,0 ,7/8,1560 m (altitude),good,3.22 ,36.0,320 ,85,Not Available,0.0 km,,,,,579/579 m,100%,0/0 km,,,,135.0,54.0,08:15 hr,16:00 hr,10.11.2023,14.04.2024,Davos , Graubünden,53.15,21.26,77.0,54.0,77.0,31.0
St. Moritz,St. Moritz – Graubünden,https://snow.myswitzerland.com/snow_reports/st-moritz-77/#piste,81.0/163.8 ,good,19/24,2023-12-10,2023-12-10,0 ,0 ,4/5,Not Available,no info,Not Available,37.0,350 ,56,Not Available,0.0 km,Not Available,Not Available,8.3/16.4 km,0.0/28.0 km,,,,Not Available,1,No notification,90.0,50.0,07:45 hr,17:00 hr,25.11.2023,07.04.2024,St. Moritz , Graubünden,35.43,19.69,45.0,,,15.0
Celerina/Engadin,Celerina – Graubünden,https://snow.myswitzerland.com/snow_reports/celerinaengadin-119/#piste,81.0/163.8 ,end of season,19/24,2023-12-07,2023-12-07,0 ,0 ,4/5,1730 m (altitude),no info,Not Available,37.0,350 ,56,Not Available,0.0 km,Not Available,Not Available,8.3/16.4 km,0.0/28.0 km,,,,Not Available,1,No notification,90.0,50.0,,,25.11.2023,07.04.2024,Celerina , Graubünden,35.43,19.69,45.0,,,15.0
Grimentz-Zinal /Anniviers,Grimentz – Valais,https://snow.myswitzerland.com/snow_reports/grimentz-zinal-anniviers-140/#piste,59.5/115.0 ,good,17/21,2023-12-12,2023-12-12,10 ,12 ,1/5,Not Available,closed,Not Available,40.0,220 ,43,Not Available,0.0 km,Not Available,Not Available,0.0/0 km,0.0/0.0 km,0/540 m,0%,0/0 km,1325 m (altitude),2,Good,90.0,30.0,09:00 hr,16:30 hr,08.12.2023,14.04.2024,Grimentz , Valais,35.43,11.81,71.0,60.0,64.0,43.0
Saas-Fee,Saas-Fee – Valais,https://snow.myswitzerland.com/snow_reports/saas-fee-176/#piste,57.3/100.0 ,good,14/23,2023-12-10,2023-12-10,0 ,0 ,1/4,1800 m (altitude),fair,3.29 ,35.0,100 ,35,Not Available,0.0 km,,,,,0/550 m,0%,0/5.0 km,1800 m (altitude),3,Good,210.0,40.0,08:30 hr,16:15 hr,15.07.2023,21.04.2024,Saas-Fee , Valais,82.68,15.75,75.0,64.0,,37.0
Wengen – Jungfrau Ski Region,Wengen – Bern Region,https://snow.myswitzerland.com/snow_reports/wengen-jungfrau-ski-region-91/#piste,56.7/207.5 ,good,48/67,2023-12-10,2023-12-12,0 ,11 ,3/9,950 m (altitude),good,0.00 ,106.0,214 ,15,Not Available,0.0 km,,,,,0/1737 m,100%,0/3.0 km,1300 m (altitude),8,Good,71.0,30.0,08:00 hr,16:00 hr,02.12.2023,28.04.2024,Wengen , Bern Region,27.95,11.81,75.0,45.0,68.0,38.0
Flumserberg,Flumserberg – Eastern Switzerland / Liechtenstein,https://snow.myswitzerland.com/snow_reports/flumserberg-113/#piste,50.6/64.7 ,good,15/17,2023-12-12,2023-12-12,5 ,10 ,3/4,Not Available,good,Not Available,48.0,65 ,18,Not Available,3.7 km,1400-1803 m (altitude),Not Available,0.0/0 km,0.0/0.0 km,356/356 m,100%,3.03.0 km,1400 m (altitude),0,Good,95.0,75.0,08:00 hr,17:00 hr,29.11.2023,01.04.2024,Flumserberg , Eastern Switzerland / Liechtenstein,37.4,29.53,68.0,44.0,,34.0
LAAX,Laax – Graubünden,https://snow.myswitzerland.com/snow_reports/laax-67/#piste,50.5/204.8 ,good,14/26,2023-12-10,2023-12-12,0 ,3 ,0/5,1100 m (altitude),closed,4.64 ,155.0,235 ,29,Not Available,5.2 km,760-1630 m (altitude),Not Available,5.5/5.5 km,2.0/2.0 km,258/740 m,27%,0/2.9 km,1108 m (altitude),3,Good,148.0,45.0,08:30 hr,17:00 hr,01.12.2023,14.04.2024,Laax , Graubünden,58.27,17.72,59.0,,,
Davos Jakobshorn,Davos – Graubünden,https://snow.myswitzerland.com/snow_reports/davos-jakobshorn-376/#piste,49.3/53.3 ,good,10/10,2023-12-12,2023-12-09,4 ,0 ,4/4,1560 m (altitude),good,1.32 ,13.0,320 ,85,Not Available,Not Available,,,,,,,,2590 m (altitude),1,Good,135.0,54.0,08:15 hr,16:00 hr,25.11.2023,07.04.2024,Davos , Graubünden,53.15,21.26,73.0,51.0,73.0,29.0
Veysonnaz - 4 Vallées,Veysonnaz – Valais,https://snow.myswitzerland.com/snow_reports/veysonnaz-4-vallees-5/#piste,49.1/144.3 ,good-fair,12/40,2023-12-12,2023-12-12,0 ,0 ,6/18,1350 m (altitude),fair,0.00 ,41.0,400 ,82,Not Available,0.0 km,,,,,,,,2200 m (altitude),6,Passable,120.0,40.0,08:45 hr,16:30 hr,18.11.2023,14.04.2024,Veysonnaz , Valais,47.24,15.75,66.0,56.0,,33.0
Engelberg - Titlis,Engelberg – Lucerne - Lake Lucerne Region,https://snow.myswitzerland.com/snow_reports/engelberg-titlis-73/#piste,47.5/73.0 ,good,21/29,2023-12-10,2023-12-12,0 ,6 ,0/1,1050 m (altitude),closed,1.00 ,29.0,82 ,28,Not Available,0.0 km,1000-1200 m (altitude),Not Available,0.0/1.0 km,0.0/0.0 km,200/800 m,100%,0/3.5 km,1050 m (altitude),2,Good,118.0,24.0,08:30 hr,17:00 hr,18.11.2023,05.05.2024,Engelberg , Lucerne - Lake Lucerne Region,46.46,9.45,,,,
Adelboden,Adelboden – Bern Region,https://snow.myswitzerland.com/snow_reports/adelboden-102/#piste,45.6/101.8 ,good,18/38,2023-12-12,2023-12-12,2 ,12 ,4/10,Not Available,no info,6.80 ,66.0,210 ,70,Not Available,Not Available,1290-1964 m (altitude),Not Available,0/2.0 km,0.0/0.0 km,1665/4368 m,43%,0/2.2 km,Not Available,2,Passable,90.0,36.0,,,02.12.2023,05.05.2024,Adelboden , Bern Region,35.43,14.17,50.0,35.0,,20.0
Silvaplana  Corvatsch,Silvaplana – Graubünden,https://snow.myswitzerland.com/snow_reports/silvaplana-corvatsch-59/#piste,45.5/120.0 ,good,7/13,2023-12-07,2023-12-07,0 ,0 ,2/4,Not Available,no info,Not Available,26.0,350 ,56,Not Available,11.7 km,Not Available,Not Available,8.3/16.4 km,0.0/28.0 km,0/0 m,Not Available,0/0 km,Not Available,1,No notification,96.0,40.0,,,25.11.2023,29.04.2024,Silvaplana , Graubünden,37.8,15.75,45.0,30.0,,15.0
Sils/Engadin,Sils i.E. – Graubünden,https://snow.myswitzerland.com/snow_reports/silsengadin-117/#piste,45.5/120.0 ,no info,7/13,2023-12-07,2023-12-07,0 ,0 ,2/4,Not Available,no info,Not Available,26.0,350 ,56,Not Available,11.7 km,Not Available,Not Available,8.3/16.4 km,0.0/28.0 km,0/150 m,0%,0/0 km,Not Available,1,No notification,Not Available,Not Available,08:15 hr,16:15 hr,20.12.2023,07.04.2024,Sils i.E. , Graubünden,Not Available,Not Available,45.0,30.0,,15.0
Sedrun-Oberalp-Andermatt,Sedrun – Graubünden,https://snow.myswitzerland.com/snow_reports/sedrun-oberalp-andermatt-125/#piste,44.6/107.7 ,good,4/20,2023-12-12,2023-12-12,1 ,2 ,0/0,,,0.00 ,60.0,120 ,20,Not Available,0.0 km,1444-1453 m (altitude),Not Available,0.0/2.0 km,0.0/0.0 km,0/450 m,Not Available,0/3.5 km,,,,105.0,44.0,08:30 hr,16:00 hr,18.11.2023,14.04.2024,Sedrun , Graubünden,41.34,17.32,89.0,63.0,72.0,45.0
Andermatt-Oberalp-Sedrun,Andermatt – Lucerne - Lake Lucerne Region,https://snow.myswitzerland.com/snow_reports/andermatt-oberalp-sedrun-111/#piste,44.6/107.7 ,good,4/20,2023-12-12,2023-12-12,1 ,2 ,0/0,,,Not Available,60.0,70 ,20,Not Available,0.0 km,1444-1453 m (altitude),Not Available,0.0/2.0 km,0.0/0.0 km,0/800 m,Not Available,0/3.5 km,1444 m (altitude),3,Good,105.0,44.0,08:30 hr,16:00 hr,18.11.2023,14.04.2024,Andermatt , Lucerne - Lake Lucerne Region,41.34,17.32,89.0,63.0,72.0,45.0
Les Mosses-La Lécherette,Les Mosses – Canton of Vaud,https://snow.myswitzerland.com/snow_reports/les-mosses-la-lecherette-329/#piste,44.0/100.0 ,end of season,14/27,2023-12-10,2023-12-10,0 ,0 ,6/14,Not Available,closed,Not Available,45.0,40 ,13,Not Available,0.0 km,Not Available,Not Available,0.0/1.0 km,12.0/12.0 km,,,,Not Available,7,Passable,70.0,60.0,09:00 hr,16:30 hr,02.12.2023,31.03.2024,Les Mosses , Canton of Vaud,27.56,23.62,62.0,56.0,56.0,40.0
Toggenburg,Alt St. Johann – Eastern Switzerland / Liechtenstein,https://snow.myswitzerland.com/snow_reports/toggenburg-158/#piste,41.9/65.0 ,good,20/21,2023-12-09,2023-12-12,0 ,10 ,4/8,1020 m (altitude),no info,Not Available,39.0,50 ,17,Not Available,2.8 km,890-1560 m (altitude),Not Available,0.0/5.0 km,4.0/4.0 km,780/1040 m,67%,1.83.6 km,1230 m (altitude),2,Good,160.0,70.0,08:00 hr,16:30 hr,01.12.2023,10.04.2024,Alt St. Johann , Eastern Switzerland / Liechtenstein,62.99,27.56,45.0,,,
Aletsch Arena,Aletsch Arena – Valais,https://snow.myswitzerland.com/snow_reports/aletsch-arena-183/#piste,41.2/104.6 ,good,16/35,2023-12-10,2023-12-10,0 ,0 ,0/2,Not Available,closed,Not Available,105.0,104 ,36,Not Available,1.1 km,Not Available,Not Available,0.0/0 km,0.0/0 km,0/490 m,0%,0/0 km,Not Available,0,End of season,105.0,91.0,09:00 hr,16:30 hr,08.12.2023,06.04.2024,Aletsch Arena , Valais,41.34,35.83,53.0,45.0,,26.0
Lenk im Simmental,Lenk i.S. – Bern Region,https://snow.myswitzerland.com/snow_reports/lenk-im-simmental-94/#piste,39.6/120.2 ,good,15/39,2023-12-07,2023-12-07,0 ,0 ,4/10,Not Available,no info,0.00 ,66.0,210 ,69,Not Available,Not Available,1000-1900 m (altitude),Not Available,0/0.0 km,0.0/0.0 km,0/1103 m,0%,0/0 km,1946 m (altitude),3,Closed,80.0,31.0,08:30 hr,16:30 hr,02.12.2023,07.04.2024,Lenk i.S. , Bern Region,31.5,12.2,50.0,35.0,,20.0
Pizol - Bad Ragaz - Wangs,Bad Ragaz – Eastern Switzerland / Liechtenstein,https://snow.myswitzerland.com/snow_reports/pizol-bad-ragaz-wangs-41/#piste,35.3/50.1 ,good,12/12,2023-12-12,2023-12-09,5 ,5 ,0/2,509 m (altitude),closed,7.00 ,28.0,40 ,11,Not Available,0.0 km,,,,,477/1013 m,58%,0/3.5 km,2226 m (altitude),0,Good,100.0,65.0,08:15 hr,16:45 hr,06.12.2023,07.04.2024,Bad Ragaz , Eastern Switzerland / Liechtenstein,39.37,25.59,62.0,,54.0,31.0
Elm,Elm – Eastern Switzerland / Liechtenstein,https://snow.myswitzerland.com/snow_reports/elm-49/#piste,35.0/40.0 ,no info,6/6,2023-12-12,2023-12-12,0 ,0 ,0/3,Not Available,closed,0.51 ,16.0,40 ,6,Not Available,0.0 km,Not Available,Not Available,0.0/1.2 km,0.0/10.0 km,1000/1000 m,100%,4.04.0 km,Not Available,0,On request,Not Available,Not Available,08:30 hr,17:00 hr,16.12.2023,01.04.2024,Elm , Eastern Switzerland / Liechtenstein,Not Available,Not Available,51.0,38.0,43.0,26.0
Nendaz - 4 Vallées,Nendaz – Valais,https://snow.myswitzerland.com/snow_reports/nendaz-4-vallees-139/#piste,34.9/85.6 ,no info,10/24,2023-12-12,2023-12-12,0 ,0 ,6/18,1600 m (altitude),no info,0.00 ,26.0,410 ,80,00:00 hr,0.0 km,2200-2260 m (altitude),Not Available,0.0/0.0 km,0.0/0.0 km,0/1214 m,0%,0/0.5 km,2200 m (altitude),6,End of season,120.0,40.0,08:45 hr,16:30 hr,07.11.2023,14.04.2024,Nendaz , Valais,47.24,15.75,66.0,56.0,,33.0
Destination Gstaad,Gstaad – Bern Region,https://snow.myswitzerland.com/snow_reports/destination-gstaad-227/#piste,31.5/203.1 ,no info,11/43,2023-12-12,2023-12-12,7 ,10 ,2/16,1300 m (altitude),no info,0.96 ,86.0,200 ,47,Not Available,0.0 km,961-1012 m (altitude),Not Available,0.0/3.6 km,0.0/3.0 km,0/878 m,0%,0/2.5 km,1237 m (altitude),9,Good,65.0,25.0,09:00 hr,16:30 hr,01.12.2023,10.04.2024,Gstaad , Bern Region,25.59,9.84,49.0,40.0,45.0,28.0
Mythenregion,Schwyz – Lucerne - Lake Lucerne Region,https://snow.myswitzerland.com/snow_reports/mythenregion-22/#piste,30.1/47.4 ,good,17/17,2023-12-10,2023-12-09,3 ,15 ,0/6,Not Available,closed,0.00 ,38.0,28 ,15,Not Available,0.0 km,1000-1200 m (altitude),Not Available,0.0/2.0 km,0.0/0.0 km,0/1000 m,Not Available,0/1.3 km,1500 m (altitude),3,Good,130.0,60.0,08:30 hr,16:15 hr,03.11.2023,24.03.2024,Schwyz , Lucerne - Lake Lucerne Region,51.18,23.62,49.0,44.0,44.0,31.0
Bugnenets - Savagnières,Savagnières-Bugnenets – Jura & Three-Lakes,https://snow.myswitzerland.com/snow_reports/bugnenets-savagnieres-197/#piste,30.0/30.0 ,good-fair,8/8,2023-12-09,2023-12-09,10 ,10 ,8/16,Not Available,good,0.04 ,7.0,Not Available,7,Not Available,Not Available,1030-1450 m (altitude),Not Available,0/0.0 km,0.0/0.0 km,,,,,,,25.0,20.0,09:00 hr,16:30 hr,01.11.2023,30.04.2024,Savagnières-Bugnenets , Jura & Three-Lakes,9.84,7.87,40.0,32.0,34.0,23.0
St-Luc / Chandolin,St-Luc – Valais,https://snow.myswitzerland.com/snow_reports/st-luc-chandolin-167/#piste,28.4/60.4 ,no info,11/15,2023-12-12,2023-12-12,5 ,10 ,2/4,Not Available,good,Not Available,39.0,220 ,43,Not Available,0.0 km,,,,,477/477 m,100%,0/0 km,2138 m (altitude),0,On request,Not Available,Not Available,08:30 hr,16:30 hr,21.12.2023,14.04.2024,St-Luc , Valais,Not Available,Not Available,64.0,54.0,58.0,38.0
Savognin,Savognin – Graubünden,https://snow.myswitzerland.com/snow_reports/savognin-129/#piste,26.5/73.5 ,good,5/12,2023-11-18,2023-11-18,0 ,0 ,0/3,Not Available,fair,Not Available,25.0,80 ,12,Not Available,0.0 km,Not Available,Not Available,0.0/4.0 km,3.0/3.0 km,0/0 m,0%,0/0 km,Not Available,6,Closed,80.0,30.0,08:30 hr,16:00 hr,02.12.2023,01.04.2024,Savognin , Graubünden,31.5,11.81,52.0,47.0,,
Les Marécottes-Salvan,Les Marécottes – Valais,https://snow.myswitzerland.com/snow_reports/les-marecottes-salvan-10/#piste,26.5/26.5 ,good,4/4,2023-12-09,2023-12-12,0 ,8 ,1/1,Not Available,good,Not Available,9.0,150 ,1,Not Available,0.0 km,,,,,667/667 m,100%,0/0 km,Not Available,1,Good,182.0,30.0,09:00 hr,16:00 hr,01.11.2023,01.04.2024,Les Marécottes , Valais,71.65,11.81,49.0,39.0,39.0,27.0
Leukerbad,Leukerbad – Valais,https://snow.myswitzerland.com/snow_reports/leukerbad-83/#piste,26.3/57.9 ,Sat/Sun only,9/13,2023-12-09,2023-12-09,0 ,0 ,0/4,Not Available,closed,0.03 ,22.0,55 ,14,Not Available,Not Available,1400-2300 m (altitude),Not Available,0.0/0 km,0.0/0 km,0/436 m,0%,0/0 km,Not Available,0,End of season,205.0,45.0,08:30 hr,16:30 hr,08.12.2023,07.04.2024,Leukerbad , Valais,80.71,17.72,62.0,,,37.0
Anzère,Anzère – Valais,https://snow.myswitzerland.com/snow_reports/anzere-145/#piste,25.7/57.9 ,no info,7/13,2023-12-12,2023-12-12,2 ,5 ,1/2,Not Available,good,Not Available,28.0,58 ,0,Not Available,0.2 km,Not Available,Not Available,0.0/0 km,0.0/0 km,30/530 m,6%,0/0 km,Not Available,1,Passable,Not Available,Not Available,08:45 hr,16:00 hr,15.12.2023,07.04.2024,Anzère , Valais,Not Available,Not Available,63.0,41.0,55.0,38.0
Zernez/Engadin,Zernez – Graubünden,https://snow.myswitzerland.com/snow_reports/zernezengadin-56/#piste,24.0/70.0 ,end of season,9/12,2023-12-09,2023-12-10,0 ,0 ,1/3,Not Available,no info,2.40 ,26.0,70 ,11,Not Available,0.0 km,1450-2200 m (altitude),22:00 hr,3.3/3.3 km,0.0/0.0 km,230/230 m,100%,0/0 km,Not Available,0,No notification,75.0,36.0,08:40 hr,19:30 hr,09.12.2023,07.04.2024,Zernez , Graubünden,29.53,14.17,58.0,48.0,54.0,30.0
Engadin Scuol Zernez,Scuol – Graubünden,https://snow.myswitzerland.com/snow_reports/engadin-scuol-zernez-60/#piste,24.0/70.0 ,good,9/12,2023-12-09,2023-12-10,0 ,0 ,1/3,1250 m (altitude),closed / good,2.40 ,26.0,70 ,18,Not Available,0.0 km,1035-2142 m (altitude),Not Available,2.0/2.0 km,0.0/0.0 km,0/3878 m,82%,0/3.5 km,1035 m (altitude),0,Good,75.0,36.0,08:45 hr,16:00 hr,09.12.2023,07.04.2024,Scuol , Graubünden,29.53,14.17,69.0,57.0,64.0,32.0
Elsigen - Metsch,Frutigen – Bern Region,https://snow.myswitzerland.com/snow_reports/elsigen-metsch-98/#piste,22.3/31.9 ,good,7/10,2023-12-10,2023-12-10,0 ,0 ,3/3,Not Available,closed,Not Available,19.0,210 ,72,Not Available,0.0 km,Not Available,Not Available,0.0/0 km,0.0/0.0 km,550/550 m,100%,0/0 km,Not Available,2,Closed,90.0,50.0,08:30 hr,17:00 hr,02.12.2023,01.04.2024,Frutigen , Bern Region,35.43,19.69,59.0,47.0,56.0,25.0
Les Diablerets,Villars-sur-Ollon – Canton of Vaud,https://snow.myswitzerland.com/snow_reports/les-diablerets-3/,,There are no current reports available,,2023-12-12,2023-12-12,,,,,,,,,,,,,,,,,,,,,,Not Available,Not Available,13:30 hr,16:30 hr,03.12.2022,10.04.2023,Villars-sur-Ollon , Canton of Vaud,Not Available,Not Available,59.0,53.0,53.0,39.0
Villars-Gryon,Villars-sur-Ollon – Canton of Vaud,https://snow.myswitzerland.com/snow_reports/villars-gryon-147/,,There are no current reports available,,2023-12-12,2023-12-12,,,,,,,,,,,,,,,,,,,,,,Not Available,Not Available,08:30 hr,16:45 hr,03.12.2022,10.04.2023,Villars-sur-Ollon , Canton of Vaud,Not Available,Not Available,59.0,53.0,53.0,39.0
Lauchernalp-Lötschental,Lauchernalp – Valais,https://snow.myswitzerland.com/snow_reports/lauchernalp-loetschental-178/#piste,22.0/40.0 ,good,7/7,2023-12-12,2023-12-12,2 ,10 ,0/1,Not Available,closed,Not Available,12.0,Not Available,Not Available,Not Available,2.0 km,1358-1791 m (altitude),21:00 hr,2.0/2.0 km,0.0/0.0 km,0/566 m,0%,0/0 km,1380 m (altitude),0,Good,234.0,40.0,08:25 hr,16:35 hr,08.12.2023,07.04.2024,Lauchernalp , Valais,92.13,15.75,,,,
Chäserrugg - Toggenburg,Unterwasser – Eastern Switzerland / Liechtenstein,https://snow.myswitzerland.com/snow_reports/chaeserrugg-toggenburg-203/#piste,22.0/40.7 ,good,13/14,2023-12-09,2023-12-12,0 ,10 ,2/6,900 m (altitude),no info,0.25 ,23.0,50 ,17,Not Available,2.8 km,,,,,800/800 m,62%,0/0 km,2262 m (altitude),0,Good,160.0,70.0,08:00 hr,16:30 hr,25.11.2023,01.04.2024,Unterwasser , Eastern Switzerland / Liechtenstein,62.99,27.56,45.0,,,
Alt St. Johann-Toggenburg,Alt St. Johann – Eastern Switzerland / Liechtenstein,https://snow.myswitzerland.com/snow_reports/alt-st-johann-toggenburg-204/#piste,22.0/40.7 ,good,13/14,2023-12-09,2023-12-12,0 ,10 ,2/6,900 m (altitude),no info,0.25 ,23.0,50 ,17,Not Available,2.8 km,890-1560 m (altitude),Not Available,0.0/0.0 km,0.0/0.0 km,,,,2262 m (altitude),0,Good,160.0,70.0,08:00 hr,16:30 hr,25.11.2023,01.04.2024,Alt St. Johann , Eastern Switzerland / Liechtenstein,62.99,27.56,45.0,,,
Melchsee-Frutt,Melchsee-Frutt – Lucerne - Lake Lucerne Region,https://snow.myswitzerland.com/snow_reports/melchsee-frutt-24/#piste,21.7/36.0 ,no info,9/16,2023-12-12,2023-12-12,10 ,10 ,2/2,1080 m (altitude),good,0.83 ,10.0,36 ,0,Not Available,0.0 km,1900 m (altitude),Not Available,0.0/0.0 km,0.0/0.0 km,860/860 m,100%,7.97.9 km,1744 m (altitude),1,Good,Not Available,Not Available,,,16.12.2023,07.04.2024,Melchsee-Frutt , Lucerne - Lake Lucerne Region,Not Available,Not Available,55.0,42.0,42.0,20.0
Ovronnaz,Ovronnaz – Valais,https://snow.myswitzerland.com/snow_reports/ovronnaz-138/#piste,20.9/30.0 ,good,4/7,2023-12-12,2023-12-12,10 ,15 ,3/3,Not Available,good,Not Available,23.0,30 ,7,Not Available,0.0 km,,,,,,,,,,,160.0,60.0,09:00 hr,16:00 hr,02.11.2023,28.04.2024,Ovronnaz , Valais,62.99,23.62,58.0,49.0,52.0,35.0
Stoos,Stoos – Lucerne - Lake Lucerne Region,https://snow.myswitzerland.com/snow_reports/stoos-19/#piste,20.7/35.0 ,good,8/8,2023-12-10,2023-12-10,0 ,0 ,0/0,,,0.09 ,9.0,35 ,8,Not Available,0.0 km,1300-1400 m (altitude),Not Available,0.0/0.0 km,0.0/0.0 km,0/400 m,Not Available,0/0 km,1300 m (altitude),4,Good,80.0,60.0,08:30 hr,16:30 hr,02.12.2023,07.04.2024,Stoos , Lucerne - Lake Lucerne Region,31.5,23.62,54.0,41.0,48.0,28.0
La Tzoumaz - Savoleyres,Verbier – Valais,https://snow.myswitzerland.com/snow_reports/la-tzoumaz-savoleyres-332/#piste,20.6/48.8 ,good,3/8,2023-12-12,2023-12-12,9 ,9 ,1/4,Not Available,no info,Not Available,13.0,412 ,82,Not Available,0.0 km,,,,,0/854 m,0%,0/0 km,,,,94.0,50.0,08:40 hr,19:30 hr,09.12.2023,14.04.2024,Verbier , Valais,37.01,19.69,73.0,62.0,,37.0
Wildhaus - Toggenburg,Wildhaus – Eastern Switzerland / Liechtenstein,https://snow.myswitzerland.com/snow_reports/wildhaus-toggenburg-32/#piste,19.9/23.0 ,open from Sat,6/6,2023-12-09,2023-12-09,0 ,0 ,2/2,1020 m (altitude),good,Not Available,15.0,23 ,6,Not Available,0.0 km,1000 m (altitude),Not Available,0/0 km,4.0/4.0 km,0/210 m,0%,0/0 km,1230 m (altitude),0,Passable,100.0,70.0,08:15 hr,16:30 hr,09.12.2023,01.04.2024,Wildhaus , Eastern Switzerland / Liechtenstein,39.37,27.56,58.0,49.0,52.0,29.0
Charmey.ch,Charmey – Region of Fribourg,https://snow.myswitzerland.com/snow_reports/charmeych-4/#piste,19.9/30.0 ,good,6/6,2023-12-07,2023-12-07,0 ,0 ,1/2,Not Available,no info,13.00 ,14.0,80 ,0,Not Available,Not Available,920-1050 m (altitude),Not Available,0/4.0 km,0/0.0 km,0/450 m,Not Available,0/0 km,Not Available,3,Good,40.0,15.0,08:45 hr,16:45 hr,08.12.2023,24.03.2024,Charmey , Region of Fribourg,15.75,5.91,44.0,38.0,38.0,29.0
Vercorin,Vercorin – Valais,https://snow.myswitzerland.com/snow_reports/vercorin-7/#piste,19.1/35.9 ,good,6/9,2023-12-12,2023-12-12,2 ,6 ,2/3,1330 m (altitude),good,0.01 ,13.0,35 ,9,Not Available,0.0 km,,,,,500/510 m,99%,0/0 km,Not Available,0,Closed,110.0,50.0,09:00 hr,16:30 hr,08.12.2023,14.04.2024,Vercorin , Valais,43.31,19.69,59.0,50.0,53.0,35.0
Grüsch-Danusa,Grüsch – Graubünden,https://snow.myswitzerland.com/snow_reports/gruesch-danusa-122/#piste,18.9/34.0 ,good,10/10,2023-12-12,2023-12-12,0 ,0 ,1/2,Not Available,good / closed,1.50 ,19.0,34 ,0,Not Available,Not Available,1708-1771 m (altitude),Not Available,0/0.0 km,0/0.0 km,132/132 m,Not Available,0/0 km,1800 m (altitude),0,Closed,80.0,40.0,08:15 hr,16:45 hr,02.12.2023,01.04.2024,Grüsch , Graubünden,31.5,15.75,58.0,41.0,52.0,28.0
Bergbahnen Diemtigtal,Oey-Diemtigen – Bern Region,https://snow.myswitzerland.com/snow_reports/bergbahnen-diemtigtal-220/#piste,18.5/32.9 ,good,8/11,2023-12-10,2023-12-10,0 ,0 ,2/5,Not Available,good,0.16 ,23.0,36 ,13,Not Available,1.9 km,,,,,706/706 m,100%,0/0 km,Not Available,4,Good,80.0,30.0,08:30 hr,16:30 hr,27.11.2023,31.03.2024,Oey-Diemtigen , Bern Region,31.5,11.81,28.0,26.0,26.0,6.0
Champéry Region Dents du Midi,Champéry – Valais,https://snow.myswitzerland.com/snow_reports/champery-region-dents-du-midi-13/#piste,16.5/690.7 ,no info,8/217,2023-12-12,2023-12-12,5 ,8 ,1/4,Not Available,no info,Not Available,48.0,100 ,37,Not Available,1.3 km,,,,,,,,,,,83.0,53.0,08:30 hr,16:30 hr,02.12.2023,14.04.2024,Champéry , Valais,32.68,20.87,70.0,63.0,63.0,53.0
Rosswald,Rosswald – Valais,https://snow.myswitzerland.com/snow_reports/rosswald-86/#piste,16.0/19.0 ,no info,3/6,2023-12-12,2023-12-12,5 ,5 ,1/1,Not Available,good,Not Available,5.0,Not Available,Not Available,Not Available,0.0 km,,,,,850/850 m,56%,0/0 km,,,,Not Available,Not Available,09:00 hr,16:30 hr,23.12.2023,01.04.2024,Rosswald , Valais,Not Available,Not Available,41.0,35.0,,24.0
Klewenalp-Stockhütte,Klewenalp-Stockhütte – Lucerne - Lake Lucerne Region,https://snow.myswitzerland.com/snow_reports/klewenalp-stockhuette-110/#piste,15.1/25.2 ,no info,11/15,2023-12-07,2023-12-07,0 ,0 ,0/1,Not Available,closed,Not Available,16.0,40 ,Not Available,Not Available,2.1 km,,,,,500/800 m,100%,0/0 km,Not Available,5,Good,Not Available,Not Available,,,16.12.2023,19.03.2024,Klewenalp-Stockhütte , Lucerne - Lake Lucerne Region,Not Available,Not Available,54.0,43.0,54.0,25.0
Champex-Lac,Champex-Lac – Valais,https://snow.myswitzerland.com/snow_reports/champex-lac-168/#piste,15.0/15.0 ,no info,4/4,2023-12-08,2023-12-08,0 ,0 ,2/2,Not Available,no info,Not Available,10.0,15 ,14,Not Available,0.2 km,Not Available,Not Available,0.0/0 km,0.0/0 km,716/716 m,100%,0/0 km,,,,Not Available,Not Available,09:30 hr,16:30 hr,22.12.2023,07.04.2024,Champex-Lac , Valais,Not Available,Not Available,43.0,34.0,34.0,28.0
Hoch-Ybrig,Hoch-Ybrig – Lucerne - Lake Lucerne Region,https://snow.myswitzerland.com/snow_reports/hoch-ybrig-26/#piste,14.4/50.0 ,good,8/13,2023-12-10,2023-12-10,0 ,0 ,0/2,Not Available,closed,Not Available,22.0,50 ,12,Not Available,0.3 km,,,,,,,,,,,80.0,30.0,08:30 hr,16:30 hr,24.10.2023,28.04.2024,Hoch-Ybrig , Lucerne - Lake Lucerne Region,31.5,11.81,57.0,52.0,52.0,30.0
Amden,Amden – Eastern Switzerland / Liechtenstein,https://snow.myswitzerland.com/snow_reports/amden-53/#piste,14.3/17.0 ,good,5/6,2023-12-12,2023-12-12,0 ,10 ,,Not Available,fair,0.40 ,15.0,20 ,6,Not Available,Not Available,1230-1290 m (altitude),Not Available,0/0.0 km,0.0/0.0 km,,,,Not Available,5,Good,120.0,40.0,09:00 hr,16:15 hr,02.12.2023,10.03.2024,Amden , Eastern Switzerland / Liechtenstein,47.24,15.75,38.0,24.0,38.0,24.0
La Berra - La Roche,La Roche - La Berra – Region of Fribourg,https://snow.myswitzerland.com/snow_reports/la-berra-la-roche-218/#piste,14.0/20.0 ,good,3/6,2023-12-10,2023-12-10,0 ,0 ,1/2,Not Available,good,Not Available,10.0,20 ,20,Not Available,0.0 km,,,,,,,,Not Available,5,Good,50.0,31.0,09:00 hr,16:15 hr,24.11.2023,31.03.2024,La Roche - La Berra , Region of Fribourg,19.69,12.2,41.0,35.0,37.0,26.0
Meiringen - Hasliberg,Hasliberg – Bern Region,https://snow.myswitzerland.com/snow_reports/meiringen-hasliberg-225/#piste,13.4/60.0 ,no info,5/13,2023-12-12,2023-12-12,0 ,10 ,1/4,1000 m (altitude),good,0.11 ,23.0,60 ,22,Not Available,Not Available,1300-1400 m (altitude),Not Available,0/0.0 km,0/0.0 km,287/647 m,Not Available,0/2.4 km,1000 m (altitude),1,Good,Not Available,Not Available,08:00 hr,17:00 hr,16.12.2023,01.04.2024,Hasliberg , Bern Region,Not Available,Not Available,62.0,47.0,,31.0
Crans - Montana,Crans-Montana – Valais,https://snow.myswitzerland.com/snow_reports/crans-montana-142/#piste,13.3/136.0 ,good-fair,6/24,2023-12-07,2023-12-07,0 ,0 ,0/4,1500 m (altitude),closed,Not Available,75.0,140 ,27,Not Available,2.0 km,1495 m (altitude),Not Available,0.0/0 km,0.0/0 km,,,,Not Available,0,Closed,180.0,100.0,08:45 hr,16:15 hr,06.12.2023,14.04.2024,Crans-Montana , Valais,70.87,39.37,89.0,69.0,,50.0
Malbun - Steg (FL),Malbun-Steg – Eastern Switzerland / Liechtenstein,https://snow.myswitzerland.com/snow_reports/malbun-steg-fl-112/#piste,12.9/22.5 ,no info,3/5,2023-12-09,2023-12-09,0 ,0 ,3/5,Not Available,good,Not Available,13.0,23 ,Not Available,Not Available,Not Available,1310-1450 m (altitude),Not Available,0/3.0 km,0/0 km,120/300 m,55%,0/1.0 km,Not Available,2,Good,Not Available,Not Available,09:00 hr,16:15 hr,16.12.2023,06.04.2024,Malbun-Steg , Eastern Switzerland / Liechtenstein,Not Available,Not Available,52.0,40.0,40.0,30.0
Tschiertschen,Tschiertschen – Graubünden,https://snow.myswitzerland.com/snow_reports/tschiertschen-57/#piste,12.0/27.0 ,no info,2/5,2023-11-30,2023-11-30,0 ,0 ,2/3,Not Available,fair,Not Available,16.0,0 ,0,Not Available,0.0 km,1400 m (altitude),Not Available,0.0/0.0 km,0.0/0.0 km,0/475 m,100%,0/0 km,Not Available,5,End of season,Not Available,Not Available,09:00 hr,16:15 hr,23.12.2023,10.03.2024,Tschiertschen , Graubünden,Not Available,Not Available,61.0,41.0,,
Sainte-Croix / Les Rasses,Sainte-Croix Les Rasses – Canton of Vaud,https://snow.myswitzerland.com/snow_reports/sainte-croix-les-rasses-146/#piste,11.0/22.0 ,fair,2/9,2023-12-09,2023-12-09,0 ,0 ,2/4,Not Available,fair,20.00 ,9.0,20 ,2,Not Available,1.0 km,1100-1300 m (altitude),22:00 hr,4.0/4.0 km,8.0/8.0 km,0/0 m,Not Available,0/0 km,1200 m (altitude),9,Good,15.0,10.0,,,05.12.2023,10.03.2024,Sainte-Croix Les Rasses , Canton of Vaud,5.91,3.94,35.0,30.0,30.0,23.0
Wiriehorn,Oey-Diemtigen – Bern Region,https://snow.myswitzerland.com/snow_reports/wiriehorn-231/#piste,10.9/12.5 ,good,5/5,2023-12-10,2023-12-10,0 ,0 ,1/1,Not Available,good,0.16 ,8.0,36 ,13,Not Available,1.9 km,,,,,579/579 m,100%,0/0 km,Not Available,2,Good,80.0,30.0,08:30 hr,16:30 hr,27.11.2023,31.03.2024,Oey-Diemtigen , Bern Region,31.5,11.81,55.0,46.0,49.0,6.0
Glacier 3000,Les Diablerets – Canton of Vaud,https://snow.myswitzerland.com/snow_reports/glacier-3000-188/#piste,10.9/31.1 ,good,6/12,2023-12-12,2023-12-12,0 ,0 ,1/2,1300 m (altitude),good,0.96 ,19.0,100 ,34,Not Available,0.0 km,Not Available,Not Available,0.0/0 km,0.0/0 km,,,,Not Available,1,Good,211.0,55.0,09:00 hr,16:00 hr,04.11.2023,30.04.2024,Les Diablerets , Canton of Vaud,83.07,21.65,75.0,67.0,67.0,49.0
Blatten-Belalp,Blatten-Belalp – Valais,https://snow.myswitzerland.com/snow_reports/blatten-belalp-81/#piste,10.9/44.8 ,no info,6/10,2023-12-07,2023-12-10,0 ,0 ,0/3,Not Available,closed,Not Available,33.0,Not Available,0,Not Available,0.0 km,Not Available,Not Available,0.0/0 km,0.0/0.0 km,0/1145 m,0%,0/0 km,2094 m (altitude),0,Passable,Not Available,Not Available,09:00 hr,16:00 hr,16.12.2023,01.04.2024,Blatten-Belalp , Valais,Not Available,Not Available,69.0,58.0,69.0,35.0
Sörenberg,Sörenberg – Lucerne - Lake Lucerne Region,https://snow.myswitzerland.com/snow_reports/soerenberg-107/#piste,10.2/55.1 ,good,5/14,2023-12-09,2023-12-09,0 ,0 ,0/0,,,1.50 ,31.0,53 ,17,Not Available,0.0 km,1000-1300 m (altitude),Not Available,0.0/0.0 km,0.0/0.0 km,0/300 m,Not Available,0/3.0 km,Not Available,3,Good,145.0,45.0,08:30 hr,16:30 hr,08.12.2023,10.12.2023,Sörenberg , Lucerne - Lake Lucerne Region,57.09,17.72,,,,
Arolla Espace Dent-Blanche,Arolla – Valais,https://snow.myswitzerland.com/snow_reports/arolla-espace-dent-blanche-144/#piste,10.1/35.5 ,no info,4/6,2023-12-12,2023-12-12,9 ,11 ,3/4,Not Available,good,0.49 ,17.0,47 ,0,Not Available,0.0 km,Not Available,Not Available,0.0/0 km,0.0/0 km,0/0 m,100%,0/0 km,Not Available,2,Good,Not Available,Not Available,09:00 hr,16:00 hr,16.12.2023,14.04.2024,Arolla , Valais,Not Available,Not Available,46.0,36.0,36.0,30.0
Tschappina-Heinzenberg,Tschappina (Heinzenberg) – Graubünden,https://snow.myswitzerland.com/snow_reports/tschappina-heinzenberg-58/#piste,10.0/25.0 ,no info,4/4,2023-12-12,2023-12-12,5 ,5 ,,Not Available,closed,0.00 ,8.0,25 ,0,Not Available,Not Available,,,,,,,,Not Available,0,No notification,Not Available,Not Available,09:00 hr,16:00 hr,23.12.2023,01.04.2024,Tschappina (Heinzenberg) , Graubünden,Not Available,Not Available,36.0,36.0,36.0,22.0
Le Pâquier - Crêt-du-Puy,Neuchâtel – Jura & Three-Lakes,https://snow.myswitzerland.com/snow_reports/le-paquier-cret-du-puy-196/#piste,10.0/10.0 ,good,2/2,2023-12-06,2023-12-06,10 ,20 ,2/2,Not Available,good,0.02 ,3.0,0 ,0,22:00 hr,1.0 km,,,,,,,,,,,50.0,30.0,09:00 hr,16:30 hr,01.11.2023,30.04.2024,Neuchâtel , Jura & Three-Lakes,19.69,11.81,28.0,25.0,,18.0
La Dôle - Jura sur Léman,La Dôle – Canton of Vaud,https://snow.myswitzerland.com/snow_reports/la-dole-jura-sur-leman-357/,,There are no current reports available,,2023-12-12,2023-12-12,,,,,,,,,,,,,,,,,,,,,,Not Available,Not Available,09:00 hr,16:45 hr,09.12.2023,31.03.2024,La Dôle , Canton of Vaud,Not Available,Not Available,,,,
La Fouly,La Fouly – Valais,https://snow.myswitzerland.com/snow_reports/la-fouly-141/#piste,9.8/15.0 ,no info,4/4,2023-12-12,2023-12-12,0 ,0 ,4/6,Not Available,no info,Not Available,13.0,15 ,15,Not Available,0.6 km,Not Available,Not Available,0.0/0 km,0.0/0 km,0/0 m,100%,0.60.6 km,,,,Not Available,Not Available,09:30 hr,16:30 hr,22.12.2023,07.04.2024,La Fouly , Valais,Not Available,Not Available,43.0,34.0,34.0,28.0
Obersaxen Mundaun,Obersaxen Mundaun – Graubünden,https://snow.myswitzerland.com/snow_reports/obersaxen-mundaun-64/#piste,9.5/112.0 ,no info,3/15,2023-12-12,2023-12-12,5 ,12 ,3/9,Not Available,no info,Not Available,49.0,120 ,17,Not Available,0.0 km,1079 m (altitude),Not Available,2.6/2.6 km,0.0/0 km,0/0 m,100%,0/0 km,Not Available,0,No notification,Not Available,Not Available,09:30 hr,15:30 hr,15.12.2023,01.04.2024,Obersaxen Mundaun , Graubünden,Not Available,Not Available,63.0,48.0,57.0,28.0
Ebenalp-Horn,Wasserauen Ebenalp – Eastern Switzerland / Liechtenstein,https://snow.myswitzerland.com/snow_reports/ebenalp-horn-50/#piste,9.0/10.0 ,good,7/7,2023-12-10,2023-12-12,0 ,10 ,1/1,845 m (altitude),good,0.30 ,10.0,Not Available,Not Available,Not Available,2.0 km,,,,,,,,1590 m (altitude),1,Good,95.0,25.0,08:45 hr,16:15 hr,02.12.2023,01.04.2024,Wasserauen Ebenalp , Eastern Switzerland / Liechtenstein,37.4,9.84,35.0,29.0,35.0,25.0
Mörlialp - Giswil,Giswil-Mörlialp – Lucerne - Lake Lucerne Region,https://snow.myswitzerland.com/snow_reports/moerlialp-giswil-23/#piste,9.0/12.0 ,good,6/8,2023-12-12,2023-12-12,5 ,5 ,2/2,1350 m (altitude),good,9.80 ,10.0,14 ,8,Not Available,Not Available,1350-1460 m (altitude),Not Available,0/0.0 km,0.0/0.0 km,200/200 m,100%,0/2.0 km,Not Available,1,Good,80.0,50.0,09:00 hr,16:00 hr,08.12.2023,17.03.2024,Giswil-Mörlialp , Lucerne - Lake Lucerne Region,31.5,19.69,45.0,35.0,38.0,13.0
Rigi,Rigi – Lucerne - Lake Lucerne Region,https://snow.myswitzerland.com/snow_reports/rigi-21/#piste,9.0/10.4 ,good,10/10,2023-12-10,2023-12-10,0 ,0 ,0/0,,,Not Available,13.0,20 ,0,Not Available,0.0 km,1440-1660 m (altitude),Not Available,0.0/0.0 km,0.0/0.0 km,0/1400 m,Not Available,0/0 km,1320 m (altitude),6,Good,50.0,40.0,09:00 hr,16:30 hr,02.12.2023,03.03.2024,Rigi , Lucerne - Lake Lucerne Region,19.69,15.75,78.0,39.0,78.0,
Jaun - Dorf,Jaun - Dorf – Region of Fribourg,https://snow.myswitzerland.com/snow_reports/jaun-dorf-89/#piste,8.9/25.1 ,closed,2/4,2023-12-08,2023-12-10,0 ,0 ,3/8,Not Available,good,0.20 ,17.0,25 ,4,Not Available,1.3 km,1015-1080 m (altitude),Not Available,0.0/40.0 km,0.0/0 km,550/550 m,100%,0/0 km,Not Available,5,Passable,30.0,15.0,09:00 hr,16:15 hr,08.12.2023,10.03.2024,Jaun - Dorf , Region of Fribourg,11.81,5.91,44.0,37.0,40.0,28.0
Braunwald,Braunwald – Eastern Switzerland / Liechtenstein,https://snow.myswitzerland.com/snow_reports/braunwald-115/#piste,8.5/26.0 ,no info,5/12,2023-12-12,2023-12-10,Not Available,10 ,0/0,,,0.94 ,10.0,30 ,2,Not Available,0.0 km,560-1560 m (altitude),Not Available,0.0/0.0 km,0.0/0.0 km,0/303 m,0%,0/3.0 km,1256 m (altitude),0,Closed,50.0,30.0,08:30 hr,16:30 hr,09.12.2023,17.03.2024,Braunwald , Eastern Switzerland / Liechtenstein,19.69,11.81,54.0,44.0,44.0,27.0
Habkern,Habkern – Bern Region,https://snow.myswitzerland.com/snow_reports/habkern-97/#piste,8.0/8.0 ,good-fair,2/2,2023-12-07,2023-12-07,0 ,0 ,3/4,1200 m (altitude),good / fair,2.00 ,4.0,0 ,0,Not Available,0.0 km,1560-1605 m (altitude),Not Available,0.0/0.0 km,0.0/0.0 km,80/80 m,0%,0/0 km,1200 m (altitude),2,Good,75.0,55.0,10:00 hr,16:30 hr,01.12.2023,30.04.2024,Habkern , Bern Region,29.53,21.65,35.0,,,24.0
Rossberg Oberwil i.S.,Oberwil i.S. – Bern Region,https://snow.myswitzerland.com/snow_reports/rossberg-oberwil-is-224/#piste,7.0/7.0 ,Sat/Sun only,2/3,2023-12-12,2023-12-12,0 ,0 ,1/1,900 m (altitude),good / fair,10.00 ,3.0,7 ,3,Not Available,Not Available,,,,,,,,,,,50.0,15.0,09:30 hr,16:00 hr,02.12.2023,31.03.2024,Oberwil i.S. , Bern Region,19.69,5.91,37.0,35.0,37.0,24.0
Bergbahnen Splügen,Splügen – Graubünden,https://snow.myswitzerland.com/snow_reports/bergbahnen-spluegen-84/#piste,6.4/30.0 ,no info,7/7,2023-12-12,2023-12-12,1 ,4 ,3/4,Not Available,good,Not Available,15.0,30 ,6,Not Available,0.0 km,Not Available,Not Available,0.0/0 km,0.0/0 km,0/0 m,50%,2.52.5 km,Not Available,0,Passable,Not Available,Not Available,08:30 hr,16:00 hr,23.12.2023,01.04.2024,Splügen , Graubünden,Not Available,Not Available,52.0,37.0,47.0,15.0
Bumbach / Schangnau,Schangnau Bumbach – Bern Region,https://snow.myswitzerland.com/snow_reports/bumbach-schangnau-234/#piste,6.0/9.0 ,Sat/Sun only,3/3,2023-12-09,2023-12-09,Not Available,Not Available,1/1,920 m (altitude),good,0.00 ,5.0,6 ,3,Not Available,Not Available,920-979 m (altitude),21:00 hr,3.0/3.0 km,0/0.0 km,,,,920 m (altitude),2,Good,Not Available,Not Available,09:00 hr,16:30 hr,16.12.2023,10.03.2024,Schangnau Bumbach , Bern Region,Not Available,Not Available,35.0,33.0,,25.0
Schwarzsee FR,Schwarzsee – Region of Fribourg,https://snow.myswitzerland.com/snow_reports/schwarzsee-fr-214/#piste,6.0/20.0 ,good,4/6,2023-12-07,2023-12-07,0 ,0 ,1/2,1045 m (altitude),good,0.28 ,11.0,20 ,6,Not Available,4.0 km,,,,,,,,1045 m (altitude),2,Good,50.0,30.0,18:00 hr,20:30 hr,07.12.2023,17.03.2024,Schwarzsee , Region of Fribourg,19.69,11.81,46.0,39.0,42.0,26.0
Disentis,Disentis – Graubünden,https://snow.myswitzerland.com/snow_reports/disentis-130/#piste,5.8/60.0 ,no info,4/12,2023-12-12,2023-12-12,2 ,5 ,0/0,,,0.01 ,20.0,180 ,1,Not Available,0.0 km,900-1100 m (altitude),Not Available,0.0/5.0 km,0.0/0.0 km,0/300 m,Not Available,0/0 km,1150 m (altitude),3,Good,Not Available,Not Available,08:30 hr,16:00 hr,16.12.2023,07.04.2024,Disentis , Graubünden,Not Available,Not Available,64.0,45.0,52.0,32.0
Atzmännig,Goldingen Atzmännig – Zurich Region,https://snow.myswitzerland.com/snow_reports/atzmaennig-52/#piste,5.2/8.0 ,good,5/5,2023-12-09,2023-12-09,Not Available,Not Available,4/4,Not Available,good,0.38 ,4.0,8 ,4,Not Available,Not Available,,,,,360/360 m,Not Available,0/0 km,Not Available,1,Good,55.0,25.0,08:30 hr,16:30 hr,03.12.2023,10.03.2024,Goldingen Atzmännig , Zurich Region,21.65,9.84,35.0,29.0,29.0,25.0
Prés-d'Orvin-Chasseral,Les Prés d'Orvin – Jura & Three-Lakes,https://snow.myswitzerland.com/snow_reports/pres-dorvin-chasseral-206/#piste,5.0/5.0 ,fair-good,6/6,2023-12-07,2023-12-07,0 ,0 ,6/6,Not Available,fair,0.00 ,6.0,0 ,5,21:45 hr,Not Available,1028-1540 m (altitude),20:30 hr,33.0/2.0 km,0.0/0.0 km,,,,1000 m (altitude),0,Good,50.0,40.0,09:00 hr,16:30 hr,05.12.2023,30.04.2024,Les Prés d'Orvin , Jura & Three-Lakes,19.69,15.75,30.0,27.0,27.0,19.0
Gantrisch Gurnigel,Gurnigel – Bern Region,https://snow.myswitzerland.com/snow_reports/gantrisch-gurnigel-239/#piste,5.0/6.0 ,no info,3/3,2023-12-10,2023-12-10,30 ,50 ,,Not Available,no info,0.00 ,2.0,45 ,0,Not Available,Not Available,,,,,,,,,,,Not Available,Not Available,,,16.12.2023,17.03.2024,Gurnigel , Bern Region,Not Available,Not Available,36.0,,,23.0
Marbach - Marbachegg,Marbach (Escholzmatt) – Lucerne - Lake Lucerne Region,https://snow.myswitzerland.com/snow_reports/marbach-marbachegg-25/#piste,5.0/10.0 ,no info,0/4,2023-12-09,2023-12-09,10 ,20 ,0/2,880 m (altitude),no info,0.24 ,7.0,10 ,Not Available,Not Available,0.0 km,,,,,,,,850 m (altitude),0,Good,Not Available,Not Available,,,23.12.2023,19.03.2024,Marbach (Escholzmatt) , Lucerne - Lake Lucerne Region,Not Available,Not Available,41.0,35.0,35.0,23.0
Rathvel s/Châtel-St-Denis,Rathvel s/Châtel-St-Denis – Region of Fribourg,https://snow.myswitzerland.com/snow_reports/rathvel-schatel-st-denis-215/#piste,4.0/8.0 ,no info,3/4,2023-12-09,2023-12-09,30 ,30 ,3/4,Not Available,good,0.00 ,4.0,0 ,4,Not Available,Not Available,,,,,,,,,,,Not Available,Not Available,,,16.12.2023,17.03.2024,Rathvel s/Châtel-St-Denis , Region of Fribourg,Not Available,Not Available,30.0,22.0,22.0,20.0
Brienz - Axalp,Axalp – Bern Region,https://snow.myswitzerland.com/snow_reports/brienz-axalp-100/#piste,4.0/15.0 ,Sat/Sun only,4/6,2023-12-12,2023-12-12,2 ,4 ,1/2,1400 m (altitude),good,0.00 ,15.0,Not Available,Not Available,Not Available,Not Available,1480-1550 m (altitude),Not Available,0.0/0.0 km,0.0/0.0 km,0/0 m,Not Available,0/0 km,1400 m (altitude),0,Closed,Not Available,Not Available,09:15 hr,16:15 hr,23.12.2023,01.04.2024,Axalp , Bern Region,Not Available,Not Available,51.0,39.0,47.0,27.0
Ibergeregg,Ibergeregg – Lucerne - Lake Lucerne Region,https://snow.myswitzerland.com/snow_reports/ibergeregg-17/#piste,4.0/6.0 ,good,2/2,2023-12-09,2023-12-09,0 ,0 ,,Not Available,closed,4.00 ,5.0,43 ,Not Available,Not Available,Not Available,Not Available,Not Available,0/0.0 km,0/0.0 km,,,,1400 m (altitude),4,Good,50.0,60.0,,,05.12.2023,24.03.2024,Ibergeregg , Lucerne - Lake Lucerne Region,19.69,23.62,29.0,25.0,25.0,20.0
Jaunpass - Boltigen,Boltigen – Bern Region,https://snow.myswitzerland.com/snow_reports/jaunpass-boltigen-226/#piste,3.0/6.0 ,no info,1/2,2023-11-24,2023-11-24,Not Available,Not Available,,,,0.00 ,5.0,6 ,3,Not Available,Not Available,1500-1550 m (altitude),Not Available,0/2.0 km,0.0/0.0 km,,,,1500 m (altitude),2,Good,Not Available,Not Available,,,23.12.2023,03.03.2024,Boltigen , Bern Region,Not Available,Not Available,34.0,31.0,31.0,22.0
Ebnat-Kappel - Toggenburg,Ebnat-Kappel – Eastern Switzerland / Liechtenstein,https://snow.myswitzerland.com/snow_reports/ebnat-kappel-toggenburg-114/#piste,3.0/5.0 ,good-fair,2/2,2023-12-07,2023-12-07,30 ,60 ,,,,0.00 ,3.0,Not Available,Not Available,Not Available,Not Available,640-650 m (altitude),Not Available,0/0.0 km,0.0/0.0 km,300/300 m,Not Available,0/1.5 km,,,,60.0,30.0,,,06.12.2023,17.03.2024,Ebnat-Kappel , Eastern Switzerland / Liechtenstein,23.62,11.81,32.0,25.0,32.0,25.0
Les Paccots,Les Paccots – Region of Fribourg,https://snow.myswitzerland.com/snow_reports/les-paccots-151/#piste,2.9/20.0 ,closed,2/11,2023-12-07,2023-12-07,0 ,0 ,,Not Available,closed,0.00 ,11.0,20 ,0,Not Available,1.4 km,862-935 m (altitude),Not Available,0/2.0 km,0/0.0 km,,,,Not Available,5,Good,35.0,32.0,08:45 hr,16:30 hr,08.12.2023,24.03.2024,Les Paccots , Region of Fribourg,13.78,12.6,39.0,31.0,,27.0
Vue des Alpes/Tête de Ran,Vue-des-Alpes / Tête-de-Ran – Jura & Three-Lakes,https://snow.myswitzerland.com/snow_reports/vue-des-alpestete-de-ran-194/#piste,,good-fair,,2023-12-09,2023-12-09,0 ,0 ,1/0,,,0.00 ,0.0,Not Available,Not Available,Not Available,Not Available,1283-1320 m (altitude),00:00 hr,4.0/0.0 km,4.0/5.0 km,,,,1200 m (altitude),1,Good,30.0,30.0,,,01.11.2023,30.04.2024,Vue-des-Alpes / Tête-de-Ran , Jura & Three-Lakes,11.81,11.81,12.0,,12.0,
Oberiberg / Ybrig,Oberiberg – Lucerne - Lake Lucerne Region,https://snow.myswitzerland.com/snow_reports/oberiberg-ybrig-287/#piste,2.0/10.0 ,no info,2/4,2023-12-09,2023-12-09,0 ,0 ,1/3,1035 m (altitude),good,0.00 ,3.0,50 ,12,Not Available,Not Available,,,,,0/1000 m,Not Available,0/0 km,1035 m (altitude),2,Good,Not Available,Not Available,09:00 hr,16:00 hr,23.12.2023,17.03.2024,Oberiberg , Lucerne - Lake Lucerne Region,Not Available,Not Available,28.0,28.0,28.0,23.0
Gantrisch - Riffenmatt,Riffenmatt – Bern Region,https://snow.myswitzerland.com/snow_reports/gantrisch-riffenmatt-237/#piste,1.0/1.0 ,no info,1/1,2023-12-07,2023-12-07,30 ,Not Available,,Not Available,no info,0.00 ,0.0,Not Available,Not Available,Not Available,Not Available,1050-1150 m (altitude),Not Available,0/0.0 km,0/0.0 km,,,,1100 m (altitude),0,No notification,Not Available,Not Available,10:00 hr,17:00 hr,16.12.2023,03.03.2024,Riffenmatt , Bern Region,Not Available,Not Available,10.0,,,10.0
Aeschi / Aeschiried,Aeschi BE – Bern Region,https://snow.myswitzerland.com/snow_reports/aeschi-aeschiried-101/#piste,1.0/12.0 ,good-fair,1/4,2023-12-09,2023-12-09,Not Available,Not Available,,Not Available,closed,0.00 ,8.0,10 ,4,Not Available,Not Available,860-1260 m (altitude),21:00 hr,4.0/4.0 km,0/0.0 km,200/200 m,Not Available,0/0 km,860 m (altitude),2,Passable,20.0,30.0,,,01.12.2023,31.03.2024,Aeschi BE , Bern Region,7.87,11.81,33.0,,,23.0
Schwanden - Sigriswil,Schwanden ob Sigriswil – Bern Region,https://snow.myswitzerland.com/snow_reports/schwanden-sigriswil-92/#piste,1.0/20.0 ,good,1/3,2023-12-09,2023-12-09,Not Available,Not Available,,,,0.00 ,7.0,20 ,0,Not Available,Not Available,1000-1050 m (altitude),21:00 hr,0/2.0 km,0/0.0 km,,,,1000 m (altitude),2,Passable,40.0,20.0,09:30 hr,16:30 hr,01.12.2023,24.03.2024,Schwanden ob Sigriswil , Bern Region,15.75,7.87,32.0,,32.0,20.0
Moléson s/Gruyères,Moléson-sur-Gruyères – Region of Fribourg,https://snow.myswitzerland.com/snow_reports/moleson-sgruyeres-76/#piste,0.8/30.0 ,no info,4/8,2023-12-09,2023-12-12,0 ,0 ,0/2,Not Available,closed,0.84 ,7.0,0 ,8,Not Available,0.0 km,,,,,0/455 m,0%,0/0 km,,,,Not Available,Not Available,,,23.12.2023,24.03.2024,Moléson-sur-Gruyères , Region of Fribourg,Not Available,Not Available,42.0,33.0,35.0,25.0
San Bernardino,San Bernardino – Graubünden,https://snow.myswitzerland.com/snow_reports/san-bernardino-2/,,There are no current reports available,,2023-12-12,2023-12-12,,,,,,,,,,,,,,,,,,,,,,Not Available,Not Available,09:00 hr,16:00 hr,07.12.2023,01.04.2024,San Bernardino , Graubünden,Not Available,Not Available,25.0,18.0,18.0,15.0
Rochers-de-Naye - Caux,Caux – Canton of Vaud,https://snow.myswitzerland.com/snow_reports/rochers-de-naye-caux-186/#piste,0.5/7.8 ,good,2/6,2023-11-24,2023-12-12,0 ,5 ,0/0,,,0.23 ,7.0,7 ,Not Available,Not Available,0.0 km,,,,,,,,,,,105.0,0.0,,,09.12.2023,01.04.2024,Caux , Canton of Vaud,41.34,0.0,35.0,,,18.0
Saas-Grund,Saas-Grund – Valais,https://snow.myswitzerland.com/snow_reports/saas-grund-175/#piste,0.0/29.5 ,no info,0/11,2023-11-22,2023-11-14,0 ,0 ,0/3,1559 m (altitude),closed,0.06 ,18.0,31 ,35,Not Available,0.0 km,1485-1868 m (altitude),Not Available,0.0/0.0 km,0.0/0.0 km,0/845 m,0%,0/2.5 km,1559 m (altitude),0,Closed,Not Available,Not Available,09:00 hr,16:00 hr,23.12.2023,05.04.2024,Saas-Grund , Valais,Not Available,Not Available,59.0,,,
Les Genevez,Saignelégier – Jura & Three-Lakes,https://snow.myswitzerland.com/snow_reports/les-genevez-208/#piste,0.0/8.0 ,closed,0/2,2023-12-09,2023-12-09,0 ,0 ,0/0,,,0.00 ,4.0,Not Available,Not Available,Not Available,Not Available,1000 m (altitude),Not Available,0/0.0 km,0.0/0.0 km,,,,,,,20.0,20.0,13:00 hr,16:30 hr,01.11.2023,30.04.2024,Saignelégier , Jura & Three-Lakes,7.87,7.87,18.0,15.0,,10.0
Les Breuleux,Les Breuleux – Jura & Three-Lakes,https://snow.myswitzerland.com/snow_reports/les-breuleux-211/#piste,0.0/20.0 ,closed,0/3,2023-12-10,2023-12-10,5 ,10 ,0/0,,,0.00 ,6.0,20 ,0,Not Available,Not Available,1000-1100 m (altitude),Not Available,0/2.0 km,0.0/0.0 km,,,,,,,25.0,15.0,13:00 hr,16:30 hr,01.11.2023,30.04.2024,Les Breuleux , Jura & Three-Lakes,9.84,5.91,21.0,,,13.0
Klosters Madrisa,Klosters – Graubünden,https://snow.myswitzerland.com/snow_reports/klosters-madrisa-380/#piste,0.0/29.3 ,no info,0/8,2023-12-09,2023-12-09,0 ,0 ,0/1,Not Available,closed,0.86 ,11.0,320 ,58,Not Available,Not Available,,,,,0/896 m,0%,0/0 km,1300 m (altitude),0,Closed,Not Available,Not Available,,,22.12.2023,01.04.2024,Klosters , Graubünden,Not Available,Not Available,66.0,47.0,66.0,32.0
Davos Rinerhorn,Davos – Graubünden,https://snow.myswitzerland.com/snow_reports/davos-rinerhorn-375/#piste,0.0/53.1 ,no info,0/5,2023-12-12,2023-12-09,4 ,0 ,0/2,Not Available,closed,1.12 ,16.0,320 ,85,Not Available,Not Available,,,,,0/591 m,0%,0/3.7 km,1457 m (altitude),0,Closed,Not Available,Not Available,,,22.12.2023,01.04.2024,Davos , Graubünden,Not Available,Not Available,61.0,43.0,61.0,24.0
Davos Pischa,Davos – Graubünden,https://snow.myswitzerland.com/snow_reports/davos-pischa-377/#piste,0.0/6.3 ,no info,0/1,2023-12-12,2023-12-09,4 ,0 ,,,,0.20 ,2.0,320 ,85,Not Available,0.0 km,,,,,,,,,,,Not Available,Not Available,,,26.12.2023,01.04.2024,Davos , Graubünden,Not Available,Not Available,48.0,34.0,48.0,19.0
Vallée de Joux,Le Sentier – Canton of Vaud,https://snow.myswitzerland.com/snow_reports/vallee-de-joux-133/#piste,0.0/23.0 ,closed,0/7,2023-12-09,2023-12-09,0 ,0 ,0/11,Not Available,closed,Not Available,17.0,42 ,0,Not Available,0.0 km,Not Available,Not Available,0/0 km,0/0.0 km,,,,,,,45.0,15.0,00:00 hr,00:00 hr,29.11.2023,07.04.2024,Le Sentier , Canton of Vaud,17.72,5.91,30.0,,,19.0
Bruson,Verbier – Valais,https://snow.myswitzerland.com/snow_reports/bruson-181/#piste,0.0/35.4 ,no info,0/4,2023-12-12,2023-12-12,9 ,9 ,0/1,Not Available,closed,Not Available,7.0,412 ,82,Not Available,0.0 km,,,,,,,,Not Available,0,Good,Not Available,Not Available,,,16.12.2023,07.04.2024,Verbier , Valais,Not Available,Not Available,57.0,48.0,,29.0
Davos Schatzalp,Davos – Graubünden,https://snow.myswitzerland.com/snow_reports/davos-schatzalp-378/#piste,0.0/7.7 ,no info,1/4,2023-12-12,2023-12-09,4 ,9 ,0/1,Not Available,closed,0.20 ,5.0,320 ,85,Not Available,Not Available,,,,,321/321 m,100%,0/2.8 km,1560 m (altitude),0,Closed,Not Available,Not Available,08:00 hr,19:00 hr,22.12.2023,01.04.2024,Davos , Graubünden,Not Available,Not Available,36.0,24.0,36.0,12.0
Chur - Brambrüesch,Chur – Graubünden,https://snow.myswitzerland.com/snow_reports/chur-brambrueesch-82/#piste,0.0/19.5 ,good-fair,0/5,2023-12-10,2023-12-10,0 ,0 ,0/0,,,1.20 ,6.0,20 ,4,Not Available,0.0 km,,,,,0/420 m,Not Available,0/0 km,Not Available,0,Good,70.0,10.0,08:30 hr,17:00 hr,02.12.2023,17.03.2024,Chur , Graubünden,27.56,3.94,45.0,34.0,39.0,22.0
Loipe Goms,Münster (Goms) – Valais,https://snow.myswitzerland.com/snow_reports/loipe-goms-272/#piste,0.0/2.4 ,closed,0/4,2023-12-12,2023-12-12,4 ,1 ,,Not Available,closed,0.00 ,4.0,7 ,3,Not Available,Not Available,Not Available,Not Available,0/5.0 km,4.3/4.3 km,0/300 m,Not Available,0/0 km,Not Available,8,Good,48.0,48.0,09:00 hr,16:00 hr,18.11.2023,01.04.2024,Münster (Goms) , Valais,18.9,18.9,16.0,,16.0,
Urnäsch AR,Urnäsch – Eastern Switzerland / Liechtenstein,https://snow.myswitzerland.com/snow_reports/urnaesch-ar-331/#piste,0.0/2.0 ,closed,0/2,2023-12-09,2023-12-09,0 ,0 ,0/1,830 m (altitude),closed,0.00 ,1.0,700 ,Not Available,Not Available,Not Available,830-900 m (altitude),00:00 hr,0.0/1.0 km,0/0.0 km,,,,,,,30.0,20.0,,,02.12.2023,03.03.2024,Urnäsch , Eastern Switzerland / Liechtenstein,11.81,7.87,29.0,26.0,,18.0
Bergbahnen  Brigels,Brigels / Breil – Graubünden,https://snow.myswitzerland.com/snow_reports/bergbahnen-brigels-126/,,There are no current reports available,,2023-12-12,2023-12-12,,,,,,,,,,,,,,,,,,,,,,Not Available,Not Available,08:30 hr,16:00 hr,16.12.2023,01.04.2024,Brigels / Breil , Graubünden,Not Available,Not Available,38.0,35.0,35.0,16.0
Les Pléiades,Blonay – Canton of Vaud,https://snow.myswitzerland.com/snow_reports/les-pleiades-187/#piste,0.0/7.9 ,no info,1/6,2023-12-07,2023-12-07,0 ,0 ,,,,0.17 ,7.0,Not Available,Not Available,Not Available,1.0 km,1150-1250 m (altitude),Not Available,0.0/1.0 km,0.0/0 km,,,,Not Available,2,Passable,Not Available,Not Available,,,16.12.2023,03.03.2024,Blonay , Canton of Vaud,Not Available,Not Available,35.0,,,18.0
Zuoz/Engadin,Zuoz – Graubünden,https://snow.myswitzerland.com/snow_reports/zuozengadin-127/#piste,0.0/19.0 ,no info,0/6,2023-12-07,2023-12-07,0 ,0 ,0/1,Not Available,closed,Not Available,11.0,350 ,56,Not Available,0.0 km,1730-1850 m (altitude),Not Available,8.3/16.4 km,0.0/28.0 km,0/150 m,0%,0/0 km,Not Available,1,No notification,Not Available,Not Available,,,23.12.2023,17.03.2024,Zuoz , Graubünden,Not Available,Not Available,45.0,,,15.0
S-chanf/Engadin,S-chanf – Graubünden,https://snow.myswitzerland.com/snow_reports/s-chanfengadin-248/#piste,0.0/1.0 ,closed,0/1,2023-12-07,2023-12-07,0 ,0 ,0/0,,,Not Available,1.0,350 ,56,Not Available,0.0 km,Not Available,Not Available,8.3/16.4 km,0.0/28.0 km,0/496 m,0%,0/0 km,Not Available,1,No notification,90.0,50.0,11:00 hr,16:00 hr,25.11.2023,07.04.2024,S-chanf , Graubünden,35.43,19.69,10.0,10.0,,5.0
Samedan/Engadin,Samedan – Graubünden,https://snow.myswitzerland.com/snow_reports/samedanengadin-118/#piste,0.0/2.0 ,no info,0/4,2023-12-10,2023-12-10,0 ,0 ,0/0,,,Not Available,2.0,350 ,56,Not Available,0.0 km,Not Available,Not Available,8.3/16.4 km,0.0/28.0 km,0/720 m,0%,0/0 km,Not Available,1,No notification,Not Available,Not Available,09:30 hr,16:00 hr,16.12.2023,10.03.2024,Samedan , Graubünden,Not Available,Not Available,39.0,24.0,,24.0
Pontresina/Engadin,Pontresina – Graubünden,https://snow.myswitzerland.com/snow_reports/pontresinaengadin-63/#piste,0.0/15.5 ,good,0/7,2023-12-07,2023-12-07,0 ,0 ,0/5,Not Available,closed,Not Available,12.0,350 ,56,Not Available,0.0 km,Not Available,Not Available,8.3/16.4 km,0.0/28.0 km,0/755 m,0%,0/0 km,Not Available,1,No notification,90.0,50.0,08:30 hr,17:30 hr,21.10.2023,05.05.2024,Pontresina , Graubünden,35.43,19.69,45.0,,,15.0
Maloja/Engadin,Maloja – Graubünden,https://snow.myswitzerland.com/snow_reports/malojaengadin-120/#piste,0.0/7.0 ,no info,0/2,2023-12-07,2023-12-07,0 ,0 ,0/0,,,Not Available,2.0,350 ,56,Not Available,0.0 km,1700-2100 m (altitude),Not Available,8.3/16.4 km,0.0/28.0 km,0/0 m,Not Available,0/0 km,Not Available,1,No notification,Not Available,Not Available,09:30 hr,16:00 hr,16.12.2023,10.03.2024,Maloja , Graubünden,Not Available,Not Available,30.0,22.0,30.0,18.0
La Punt/Engadin,La Punt – Graubünden,https://snow.myswitzerland.com/snow_reports/la-puntengadin-246/#piste,0.0/2.0 ,no info,0/7,2023-12-07,2023-12-07,0 ,0 ,0/0,,,Not Available,1.0,350 ,56,Not Available,0.0 km,Not Available,Not Available,8.3/16.4 km,0.0/28.0 km,0/260 m,0%,0/0 km,Not Available,1,No notification,Not Available,Not Available,09:30 hr,16:00 hr,23.12.2023,10.03.2024,La Punt , Graubünden,Not Available,Not Available,45.0,,,15.0
Bellwald - Top of Goms,Bellwald – Valais,https://snow.myswitzerland.com/snow_reports/bellwald-top-of-goms-169/#piste,0.0/20.0 ,no info,1/5,2023-12-10,2023-12-10,0 ,0 ,0/2,1635 m (altitude),closed,0.42 ,13.0,20 ,36,Not Available,Not Available,,,,,0/466 m,0%,0/0.5 km,Not Available,0,Good,Not Available,Not Available,13:15 hr,17:00 hr,16.12.2023,01.04.2024,Bellwald , Valais,Not Available,Not Available,37.0,,,26.0
Rougemont,Rougemont – Canton of Vaud,https://snow.myswitzerland.com/snow_reports/rougemont-395/#piste,0.0/26.5 ,no info,0/3,2023-12-12,2023-12-12,7 ,10 ,0/1,Not Available,closed,Not Available,8.0,220 ,Not Available,Not Available,0.0 km,961-1012 m (altitude),Not Available,0.0/3.6 km,0.0/0 km,,,,Not Available,4,Good,Not Available,Not Available,09:00 hr,16:30 hr,16.12.2023,17.03.2024,Rougemont , Canton of Vaud,Not Available,Not Available,49.0,40.0,45.0,28.0
Bosco Gurin,Bosco Gurin – Ticino,https://snow.myswitzerland.com/snow_reports/bosco-gurin-252/,,There are no current reports available,,2023-12-12,2023-12-12,,,,,,,,,,,,,,,,,,,,,,Not Available,Not Available,,,26.11.2022,09.04.2023,Bosco Gurin , Ticino,Not Available,Not Available,45.0,30.0,38.0,20.0
Evolène Espace Dent-Blanche,Evolène – Valais,https://snow.myswitzerland.com/snow_reports/evolene-espace-dent-blanche-11/#piste,0.0/38.3 ,no info,0/4,2023-11-15,2023-12-03,0 ,0 ,0/2,Not Available,closed,0.35 ,12.0,42 ,0,Not Available,0.0 km,Not Available,Not Available,3.7/3.7 km,0.0/0 km,0/20 m,0%,0/0 km,Not Available,0,No notification,Not Available,Not Available,09:00 hr,16:30 hr,23.12.2023,19.03.2024,Evolène , Valais,Not Available,Not Available,46.0,36.0,36.0,30.0
Forclaz Espace Dent-Blanche,La Forclaz VS – Valais,https://snow.myswitzerland.com/snow_reports/forclaz-espace-dent-blanche-256/#piste,0.0/5.3 ,no info,0/5,2023-12-02,2023-12-02,0 ,0 ,0/1,Not Available,closed,Not Available,6.0,Not Available,Not Available,Not Available,0.0 km,,,,,,,,Not Available,0,No notification,Not Available,Not Available,09:15 hr,16:15 hr,23.12.2023,19.03.2024,La Forclaz VS , Valais,Not Available,Not Available,28.0,,,19.0
Airolo,Airolo – Ticino,https://snow.myswitzerland.com/snow_reports/airolo-162/#piste,0.0/37.6 ,no info,0/8,2023-12-01,2023-12-01,0 ,0 ,0/2,Not Available,closed,Not Available,13.0,Not Available,Not Available,Not Available,0.0 km,,,,,,,,Not Available,0,No notification,Not Available,Not Available,,,16.12.2023,07.04.2024,Airolo , Ticino,Not Available,Not Available,,,,
Engstligenalp,Adelboden – Bern Region,https://snow.myswitzerland.com/snow_reports/engstligenalp-336/#piste,0.0/17.4 ,no info,1/8,2023-12-12,2023-12-12,5 ,0 ,0/0,,,400.00 ,11.0,210 ,70,Not Available,0.0 km,Not Available,Not Available,0.0/0.0 km,0.0/0.0 km,,,,Not Available,1,Good,145.0,40.0,08:45 hr,17:00 hr,07.11.2023,05.05.2024,Adelboden , Bern Region,57.09,15.75,,,,
Unterbäch-Brandalp-Ginals,Unterbäch – Valais,https://snow.myswitzerland.com/snow_reports/unterbaech-brandalp-ginals-171/#piste,0.0/19.8 ,no info,1/7,2023-11-15,2023-11-15,0 ,0 ,0/2,1200 m (altitude),closed,Not Available,12.0,90 ,15,Not Available,0.0 km,,,,,550/550 m,100%,0/0 km,Not Available,0,No notification,Not Available,Not Available,09:15 hr,16:00 hr,23.12.2023,01.04.2024,Unterbäch , Valais,Not Available,Not Available,49.0,33.0,,
Vichères - Bavon,Liddes – Valais,https://snow.myswitzerland.com/snow_reports/vicheres-bavon-257/#piste,0.0/15.8 ,no info,0/5,2023-12-09,2023-12-09,0 ,0 ,0/2,Not Available,closed,Not Available,13.0,140 ,24,Not Available,0.0 km,Not Available,Not Available,0.0/0 km,0.0/0 km,,,,Not Available,5,Good,Not Available,Not Available,,,16.12.2023,01.04.2024,Liddes , Valais,Not Available,Not Available,43.0,39.0,39.0,28.0
Bivio,Bivio – Graubünden,https://snow.myswitzerland.com/snow_reports/bivio-70/#piste,0.0/27.0 ,no info,0/4,2023-12-10,2023-12-10,Not Available,55 ,,Not Available,closed,Not Available,15.0,440 ,0,Not Available,Not Available,Not Available,Not Available,0/0 km,3.0/3.0 km,0/0 m,Not Available,0/0 km,Not Available,0,Closed,Not Available,Not Available,09:00 hr,16:00 hr,16.12.2023,07.04.2024,Bivio , Graubünden,Not Available,Not Available,45.0,34.0,,22.0
Grächen,Grächen – Valais,https://snow.myswitzerland.com/snow_reports/graechen-179/,,There are no current reports available,,2023-12-12,2023-12-12,,,,,,,,,,,,,,,,,,,,,,Not Available,Not Available,08:30 hr,16:30 hr,17.12.2022,10.04.2023,Grächen , Valais,Not Available,Not Available,63.0,50.0,63.0,38.0
Saas-Almagell,Saas-Almagell – Valais,https://snow.myswitzerland.com/snow_reports/saas-almagell-270/#piste,0.0/15.4 ,no info,0/7,2023-11-11,2023-11-11,0 ,0 ,0/4,1672 m (altitude),closed,0.50 ,7.0,150 ,34,Not Available,0.0 km,1152-1500 m (altitude),Not Available,0.0/0.0 km,0.0/0.0 km,0/220 m,0%,0/3.0 km,1672 m (altitude),3,Good,Not Available,Not Available,10:00 hr,16:00 hr,23.12.2023,07.04.2024,Saas-Almagell , Valais,Not Available,Not Available,75.0,38.0,,27.0
Tramelan,Tramelan – Jura & Three-Lakes,https://snow.myswitzerland.com/snow_reports/tramelan-337/#piste,0.0/12.0 ,closed,0/3,2023-12-11,2023-12-11,5 ,10 ,0/5,Not Available,fair,0.00 ,5.0,0 ,0,Not Available,Not Available,,,,,,,,,,,40.0,10.0,00:00 hr,00:00 hr,01.11.2023,30.04.2024,Tramelan , Jura & Three-Lakes,15.75,3.94,31.0,25.0,27.0,20.0
Degersheim,Degersheim – Eastern Switzerland / Liechtenstein,https://snow.myswitzerland.com/snow_reports/degersheim-51/#piste,0.0/3.0 ,no info,0/3,2023-12-09,2023-12-09,0 ,0 ,0/2,800 m (altitude),closed,0.00 ,5.0,0 ,0,00:00 hr,1.0 km,850-900 m (altitude),00:00 hr,0.0/2.0 km,0/0.0 km,,,,,,,30.0,20.0,13:00 hr,16:30 hr,01.12.2023,31.03.2024,Degersheim , Eastern Switzerland / Liechtenstein,11.81,7.87,30.0,24.0,,
Bulle - La Chia,Bulle – Region of Fribourg,https://snow.myswitzerland.com/snow_reports/bulle-la-chia-152/#piste,,closed,1/1,2023-12-10,2023-12-10,15 ,30 ,2/2,Not Available,closed,0.00 ,1.0,Not Available,Not Available,Not Available,Not Available,,,,,,,,1000 m (altitude),1,Passable,30.0,15.0,09:00 hr,16:30 hr,08.12.2023,31.03.2024,Bulle , Region of Fribourg,11.81,5.91,20.0,,,15.0
Sattel - Hochstuckli,Sattel-Hochstuckli – Lucerne - Lake Lucerne Region,https://snow.myswitzerland.com/snow_reports/sattel-hochstuckli-154/#piste,0.0/5.1 ,no info,1/4,2023-12-09,2023-12-09,0 ,0 ,0/0,,,0.00 ,5.0,100 ,40,Not Available,0.0 km,,,,,0/400 m,Not Available,0/3.5 km,850 m (altitude),1,Good,Not Available,Not Available,08:30 hr,16:30 hr,23.12.2023,10.03.2024,Sattel-Hochstuckli , Lucerne - Lake Lucerne Region,Not Available,Not Available,35.0,28.0,28.0,19.0
Balmberg,Balmberg – Aargau – Solothurn Region,https://snow.myswitzerland.com/snow_reports/balmberg-240/#piste,0.0/5.0 ,no info,0/3,2023-12-07,2023-12-07,10 ,35 ,,,,0.00 ,5.0,5 ,3,Not Available,Not Available,,,,,,,,,,,Not Available,Not Available,00:00 hr,00:00 hr,16.12.2023,03.03.2024,Balmberg , Aargau ,Not Available,Not Available,32.0,32.0,22.0,22.0
Leysin-Mosses-Lécherette,Leysin – Canton of Vaud,https://snow.myswitzerland.com/snow_reports/leysin-mosses-lecherette-330/#piste,0.0/100.0 ,Sat/Sun only,0/27,2023-12-09,2023-12-09,0 ,0 ,0/14,Not Available,closed,Not Available,45.0,100 ,23,Not Available,Not Available,Not Available,Not Available,0/0 km,0/0 km,,,,Not Available,3,Passable,70.0,40.0,09:00 hr,16:45 hr,02.12.2023,08.04.2024,Leysin , Canton of Vaud,27.56,15.75,62.0,56.0,56.0,40.0
Beatenberg - Niederhorn,Beatenberg – Bern Region,https://snow.myswitzerland.com/snow_reports/beatenberg-niederhorn-99/#piste,0.0/9.0 ,no info,0/2,2023-12-06,2023-11-16,Not Available,Not Available,,Not Available,closed,0.00 ,4.0,30 ,3,Not Available,Not Available,,,,,0/390 m,Not Available,0/0 km,Not Available,0,Closed,Not Available,Not Available,08:40 hr,16:30 hr,22.12.2023,10.03.2024,Beatenberg , Bern Region,Not Available,Not Available,43.0,,,
Gantrisch - Ottenleue,Ottenleuebad – Bern Region,https://snow.myswitzerland.com/snow_reports/gantrisch-ottenleue-238/,,There are no current reports available,,2023-12-12,2023-12-12,,,,,,,,,,,,,,,,,,,,,,Not Available,Not Available,,,24.12.2022,26.03.2023,Ottenleuebad , Bern Region,Not Available,Not Available,26.0,,,18.0
St-Cergue,St-Cergue – Canton of Vaud,https://snow.myswitzerland.com/snow_reports/st-cergue-14/#piste,0.0/2.0 ,closed,0/3,2023-12-09,2023-12-09,0 ,0 ,,Not Available,closed,0.00 ,3.0,44 ,29,Not Available,Not Available,1208-1350 m (altitude),Not Available,0/0.0 km,0/0.0 km,,,,1044 m (altitude),4,Passable,13.0,10.0,,,01.12.2023,31.03.2024,St-Cergue , Canton of Vaud,5.12,3.94,22.0,15.0,15.0,15.0
Dallenwil Wirzweli,Dallenwil – Lucerne - Lake Lucerne Region,https://snow.myswitzerland.com/snow_reports/dallenwil-wirzweli-105/#piste,0.0/1.0 ,end of season,3/5,2023-12-10,2023-12-10,0 ,0 ,,,,1.00 ,2.0,5 ,5,Not Available,Not Available,,,,,0/400 m,80%,0/0 km,Not Available,6,Closed,35.0,30.0,,,04.12.2023,10.03.2024,Dallenwil , Lucerne - Lake Lucerne Region,13.78,11.81,31.0,,,20.0
Eriz,Eriz – Bern Region,https://snow.myswitzerland.com/snow_reports/eriz-80/#piste,0.0/6.0 ,no info,0/3,2023-12-10,2023-12-10,0 ,0 ,,Not Available,closed,0.00 ,3.0,0 ,8,Not Available,Not Available,980-1040 m (altitude),Not Available,0/0.0 km,0/0.0 km,0/0 m,Not Available,0/0 km,980 m (altitude),2,Good,Not Available,Not Available,,,16.12.2023,17.03.2024,Eriz , Bern Region,Not Available,Not Available,33.0,28.0,,23.0
Heuberge,Fideris – Graubünden,https://snow.myswitzerland.com/snow_reports/heuberge-68/#piste,0.0/15.0 ,no info,0/3,2023-12-08,2023-11-28,3 ,Not Available,,Not Available,no info,0.00 ,9.0,15 ,3,Not Available,Not Available,,,,,0/1100 m,Not Available,0/0 km,Not Available,0,No notification,Not Available,Not Available,,,22.12.2023,17.03.2024,Fideris , Graubünden,Not Available,Not Available,42.0,,,28.0
Mürren – Jungfrau Ski Region,Mürren – Bern Region,https://snow.myswitzerland.com/snow_reports/muerren-jungfrau-ski-region-93/#piste,0.0/205.5 ,no info,0/67,2023-12-10,2023-12-10,13 ,18 ,,Not Available,no info,0.00 ,106.0,213 ,0,Not Available,Not Available,,,,,0/1000 m,Not Available,0/0 km,Not Available,0,No notification,135.0,55.0,,,05.12.2023,07.04.2024,Mürren , Bern Region,53.15,21.65,75.0,45.0,68.0,38.0
Val Müstair,Tschierv – Graubünden,https://snow.myswitzerland.com/snow_reports/val-muestair-124/,,There are no current reports available,,2023-12-12,2023-12-12,,,,,,,,,,,,,,,,,,,,,,Not Available,Not Available,,,22.12.2023,17.03.2024,Tschierv , Graubünden,Not Available,Not Available,42.0,37.0,37.0,30.0
Homberg,Homberg b. Thun – Bern Region,https://snow.myswitzerland.com/snow_reports/homberg-282/#piste,0.0/3.0 ,closed,0/1,2023-12-10,2023-12-10,40 ,50 ,,,,0.00 ,3.0,3 ,1,Not Available,Not Available,,,,,,,,,,,40.0,30.0,,16:30 hr,14.01.2023,17.03.2024,Homberg b. Thun , Bern Region,15.75,11.81,20.0,,,15.0
Nara / Leontica,Leontica / Nara – Ticino,https://snow.myswitzerland.com/snow_reports/nara-leontica-298/#piste,0.0/30.0 ,no info,0/6,2023-11-25,2023-11-25,Not Available,Not Available,,Not Available,no info,10.00 ,9.0,30 ,7,Not Available,Not Available,,,,,0/1000 m,Not Available,0/0 km,Not Available,2,No notification,Not Available,Not Available,,,22.12.2023,31.03.2024,Leontica / Nara , Ticino,Not Available,Not Available,42.0,33.0,33.0,25.0
Visperterminen,Visperterminen – Valais,https://snow.myswitzerland.com/snow_reports/visperterminen-264/#piste,0.0/9.5 ,no info,0/5,2023-12-12,2023-12-12,Not Available,Not Available,0/1,Not Available,closed,0.23 ,11.0,90 ,28,Not Available,0.0 km,,,,,0/625 m,0%,0/0 km,Not Available,0,No notification,Not Available,Not Available,,,23.12.2023,24.03.2024,Visperterminen , Valais,Not Available,Not Available,49.0,40.0,49.0,33.0
Küssnacht - Seebodenalp,Küssnacht am Rigi – Lucerne - Lake Lucerne Region,https://snow.myswitzerland.com/snow_reports/kuessnacht-seebodenalp-301/#piste,0.0/5.0 ,closed,0/2,2023-12-10,2023-12-10,30 ,40 ,,,,0.00 ,3.0,5 ,3,Not Available,Not Available,1030-1050 m (altitude),Not Available,0/0.0 km,0/0.0 km,,,,,,,40.0,30.0,,,25.11.2023,19.03.2024,Küssnacht am Rigi , Lucerne - Lake Lucerne Region,15.75,11.81,15.0,10.0,15.0,10.0
Beatenberg - Hohwald,Beatenberg – Bern Region,https://snow.myswitzerland.com/snow_reports/beatenberg-hohwald-383/#piste,0.0/5.0 ,no info,0/1,2023-12-09,2023-12-09,Not Available,Not Available,,,,Not Available,3.0,30 ,3,Not Available,Not Available,,,,,,,,,,,Not Available,Not Available,,,16.12.2023,03.03.2024,Beatenberg , Bern Region,Not Available,Not Available,32.0,32.0,32.0,21.0
Rüschegg / Eywald,Rüschegg Eywald – Bern Region,https://snow.myswitzerland.com/snow_reports/rueschegg-eywald-236/#piste,0.0/13.0 ,closed,0/2,2023-12-09,2023-12-09,40 ,50 ,,Not Available,no info,0.00 ,6.0,20 ,9,Not Available,Not Available,,,,,,,,,,,50.0,40.0,,,,,Rüschegg Eywald , Bern Region,19.69,15.75,38.0,,,26.0
Staldenried - Gspon,Staldenried – Valais,https://snow.myswitzerland.com/snow_reports/staldenried-gspon-265/#piste,0.0/5.0 ,no info,0/4,2023-12-11,2023-11-12,Not Available,Not Available,,,,5.00 ,2.0,5 ,2,Not Available,Not Available,,,,,,,,Not Available,0,No notification,Not Available,Not Available,,,23.12.2023,09.03.2024,Staldenried , Valais,Not Available,Not Available,34.0,27.0,,23.0
Reichenbach - Faltschen,Faltschen (Reichenbach) – Bern Region,https://snow.myswitzerland.com/snow_reports/reichenbach-faltschen-219/#piste,0.0/5.0 ,no info,0/2,2023-11-26,2023-11-26,Not Available,Not Available,,,,0.00 ,2.0,Not Available,Not Available,Not Available,Not Available,,,,,,,,,,,Not Available,Not Available,,,26.12.2023,25.02.2024,Faltschen (Reichenbach) , Bern Region,Not Available,Not Available,32.0,,,21.0
"Kiental, Ramslauenen",Kiental – Bern Region,https://snow.myswitzerland.com/snow_reports/kiental-ramslauenen-79/#piste,0.0/12.0 ,no info,0/3,2023-12-07,2023-12-07,Not Available,Not Available,,Not Available,closed,0.00 ,4.0,0 ,0,Not Available,Not Available,,,,,0/500 m,Not Available,0/0 km,,,,Not Available,Not Available,,,26.12.2023,25.02.2024,Kiental , Bern Region,Not Available,Not Available,20.0,20.0,20.0,20.0
Wasserngrat Gstaad,Gstaad – Bern Region,https://snow.myswitzerland.com/snow_reports/wasserngrat-gstaad-359/#piste,0.0/9.0 ,no info,0/1,2023-11-14,2023-11-14,Not Available,Not Available,,,,0.00 ,3.0,200 ,47,Not Available,Not Available,,,,,,,,,,,Not Available,Not Available,,,20.12.2023,17.03.2024,Gstaad , Bern Region,Not Available,Not Available,62.0,56.0,,56.0
Moosalpregion,Bürchen – Valais,https://snow.myswitzerland.com/snow_reports/moosalpregion-88/#piste,0.0/25.0 ,no info,0/9,2023-12-12,2023-12-12,Not Available,Not Available,,Not Available,closed,Not Available,20.0,90 ,28,Not Available,Not Available,Not Available,Not Available,0/0 km,0/0 km,0/379 m,Not Available,0/0 km,Not Available,0,No notification,Not Available,Not Available,,,16.12.2023,19.03.2024,Bürchen , Valais,Not Available,Not Available,49.0,,,33.0
Wolzenalp,Krummenau – Eastern Switzerland / Liechtenstein,https://snow.myswitzerland.com/snow_reports/wolzenalp-42/#piste,0.0/12.0 ,no info,0/3,2023-11-16,2023-11-16,Not Available,Not Available,,Not Available,closed,0.30 ,5.0,12 ,3,Not Available,Not Available,,,,,0/350 m,Not Available,0/0 km,Not Available,3,Closed,Not Available,Not Available,,,23.12.2023,10.03.2024,Krummenau , Eastern Switzerland / Liechtenstein,Not Available,Not Available,38.0,30.0,,25.0
Vals,Vals – Graubünden,https://snow.myswitzerland.com/snow_reports/vals-116/#piste,0.0/24.5 ,no info,0/6,2023-11-15,2023-11-15,Not Available,Not Available,,Not Available,closed,1.25 ,8.0,25 ,5,Not Available,Not Available,1250 m (altitude),Not Available,0/0.0 km,0/0.0 km,0/1700 m,Not Available,0/1.0 km,Not Available,0,No notification,Not Available,Not Available,,,16.12.2023,01.04.2024,Vals , Graubünden,Not Available,Not Available,33.0,,,
Mollis - Schilt,Mollis – Eastern Switzerland / Liechtenstein,https://snow.myswitzerland.com/snow_reports/mollis-schilt-33/#piste,0.0/12.0 ,no info,0/3,2023-12-07,2023-12-07,Not Available,Not Available,,,,0.01 ,0.0,Not Available,Not Available,Not Available,Not Available,,,,,,,,,,,Not Available,Not Available,,,16.12.2023,17.03.2024,Mollis , Eastern Switzerland / Liechtenstein,Not Available,Not Available,33.0,33.0,33.0,23.0
Schwellbrunn - Appenzell,Schwellbrunn – Eastern Switzerland / Liechtenstein,https://snow.myswitzerland.com/snow_reports/schwellbrunn-appenzell-37/#piste,0.0/1.0 ,no info,0/1,2023-12-07,2023-11-20,Not Available,Not Available,,Not Available,no info,0.10 ,1.0,1 ,1,Not Available,Not Available,,,,,0/34 m,Not Available,0/0 km,,,,Not Available,Not Available,,,19.11.2023,03.03.2024,Schwellbrunn , Eastern Switzerland / Liechtenstein,Not Available,Not Available,25.0,18.0,25.0,18.0
Nax / Mont-Noble,Nax – Valais,https://snow.myswitzerland.com/snow_reports/nax-mont-noble-8/#piste,0.0/35.0 ,no info,0/5,2023-12-11,2023-12-11,Not Available,Not Available,,Not Available,closed,0.00 ,7.0,35 ,0,Not Available,Not Available,1300 m (altitude),Not Available,0/0.0 km,0/0.0 km,0/0 m,Not Available,0/0 km,Not Available,Not Available,Closed,Not Available,Not Available,,,23.12.2023,01.04.2024,Nax , Valais,Not Available,Not Available,52.0,44.0,44.0,25.0
Jeizinen,Gampel-Jeizinen – Valais,https://snow.myswitzerland.com/snow_reports/jeizinen-267/#piste,0.0/9.9 ,no info,0/5,2023-12-01,2023-12-01,Not Available,Not Available,,Not Available,no info,0.25 ,7.0,10 ,5,Not Available,Not Available,,,,,0/300 m,Not Available,0/0 km,Not Available,0,End of season,Not Available,Not Available,,,16.12.2023,17.03.2024,Gampel-Jeizinen , Valais,Not Available,Not Available,38.0,29.0,,26.0
Bergün Filisur,Bergün / Bravuogn – Graubünden,https://snow.myswitzerland.com/snow_reports/berguen-filisur-299/#piste,0.0/25.0 ,no info,0/5,2023-12-01,2023-12-01,Not Available,Not Available,,Not Available,closed,0.50 ,6.0,25 ,5,Not Available,Not Available,957-1440 m (altitude),Not Available,0/1.0 km,0/0.0 km,0/950 m,Not Available,0/6.0 km,Not Available,0,End of season,Not Available,Not Available,,,16.12.2023,10.03.2024,Bergün / Bravuogn , Graubünden,Not Available,Not Available,45.0,39.0,39.0,26.0
Val-de-Travers/La Robella,Buttes La Robella – Jura & Three-Lakes,https://snow.myswitzerland.com/snow_reports/val-de-traversla-robella-195/#piste,0.0/20.0 ,end of season,0/4,2023-11-24,2023-11-24,Not Available,Not Available,,Not Available,closed,0.03 ,7.0,Not Available,Not Available,Not Available,Not Available,1100-1450 m (altitude),Not Available,0/0.0 km,0/0.0 km,0/452 m,Not Available,0/0 km,Not Available,0,End of season,Not Available,Not Available,,,01.11.2023,30.04.2024,Buttes La Robella , Jura & Three-Lakes,Not Available,Not Available,29.0,22.0,22.0,
Rothwald - Wasenalp,Rothwald – Valais,https://snow.myswitzerland.com/snow_reports/rothwald-wasenalp-292/#piste,0.0/25.0 ,no info,0/2,2023-11-28,2023-11-28,Not Available,Not Available,,Not Available,closed,5.36 ,8.0,Not Available,Not Available,Not Available,Not Available,,,,,,,,Not Available,0,End of season,Not Available,Not Available,,,16.12.2023,24.03.2024,Rothwald , Valais,Not Available,Not Available,40.0,34.0,,23.0
Carì,Carì – Ticino,https://snow.myswitzerland.com/snow_reports/cari-364/#piste,0.0/20.0 ,no info,0/4,2023-11-17,2023-11-17,Not Available,Not Available,,Not Available,closed,0.00 ,0.0,20 ,0,Not Available,Not Available,,,,,0/400 m,Not Available,0/0 km,Not Available,4,No notification,Not Available,Not Available,,,17.12.2023,31.03.2024,Carì , Ticino,Not Available,Not Available,45.0,37.0,37.0,28.0
Gantrisch Selital,Schwarzenbühl-Selital – Bern Region,https://snow.myswitzerland.com/snow_reports/gantrisch-selital-235/#piste,0.0/8.9 ,no info,0/4,2023-11-25,2023-11-25,Not Available,Not Available,,Not Available,closed,0.02 ,8.0,45 ,Not Available,Not Available,Not Available,1502-1578 m (altitude),Not Available,0/0.0 km,0/0.0 km,,,,,,,Not Available,Not Available,,,01.12.2023,30.03.2024,Schwarzenbühl-Selital , Bern Region,Not Available,Not Available,40.0,,,20.0
Engelberg-Brunni,Engelberg – Lucerne - Lake Lucerne Region,https://snow.myswitzerland.com/snow_reports/engelberg-brunni-351/#piste,0.0/6.0 ,closed,0/7,2023-11-22,2023-11-14,Not Available,Not Available,,Not Available,closed,Not Available,6.0,82 ,28,Not Available,Not Available,,,,,0/260 m,Not Available,0/0 km,Not Available,0,No notification,Not Available,Not Available,,,02.12.2023,01.04.2024,Engelberg , Lucerne - Lake Lucerne Region,Not Available,Not Available,44.0,30.0,40.0,22.0
Eischoll,Eischoll – Valais,https://snow.myswitzerland.com/snow_reports/eischoll-163/#piste,0.0/15.0 ,no info,0/3,2023-11-24,2023-11-24,Not Available,Not Available,,Not Available,no info,0.00 ,5.0,60 ,28,Not Available,Not Available,,,,,0/300 m,Not Available,0/0 km,Not Available,1,No notification,Not Available,Not Available,,,23.12.2023,19.03.2024,Eischoll , Valais,Not Available,Not Available,42.0,35.0,,29.0
Eggiwil,Eggiwil – Bern Region,https://snow.myswitzerland.com/snow_reports/eggiwil-283/#piste,0.0/3.0 ,no info,0/1,2023-12-01,2023-12-01,Not Available,Not Available,,,,0.00 ,3.0,Not Available,Not Available,Not Available,Not Available,,,,,,,,,,,Not Available,Not Available,,,23.12.2023,17.03.2024,Eggiwil , Bern Region,Not Available,Not Available,27.0,,,18.0
Dent-de-Vaulion,Vaulion (Dent-de-Vaulion) – Canton of Vaud,https://snow.myswitzerland.com/snow_reports/dent-de-vaulion-184/#piste,0.0/8.0 ,no info,0/2,2023-11-28,2023-11-28,Not Available,Not Available,,Not Available,no info,0.03 ,4.0,25 ,11,Not Available,Not Available,,,,,,,,,,,Not Available,Not Available,,,01.12.2023,31.03.2024,Vaulion (Dent-de-Vaulion) , Canton of Vaud,Not Available,Not Available,27.0,,,17.0
Torgon-Portes du Soleil,Torgon – Valais,https://snow.myswitzerland.com/snow_reports/torgon-portes-du-soleil-137/,,There are no current reports available,,2023-12-12,2023-12-12,,,,,,,,,,,,,,,,,,,,,,Not Available,Not Available,,,17.12.2022,26.03.2023,Torgon , Valais,Not Available,Not Available,,,,
Flüelen-Eggberge,Altdorf – Lucerne - Lake Lucerne Region,https://snow.myswitzerland.com/snow_reports/flueelen-eggberge-333/,,There are no current reports available,,2023-12-12,2023-12-12,,,,,,,,,,,,,,,,,,,,,,Not Available,Not Available,,,18.12.2021,19.03.2022,Altdorf , Lucerne - Lake Lucerne Region,Not Available,Not Available,32.0,21.0,,21.0
