,Resort,Location,Link,Open Pistes km,Slope Condition,Open Lifts,Last snowfall in resort,Last snowfall in ski area,New snow in resort (past 24h),New snow in ski area (past 24h),Runs down to resort (open today / total),Runs down to (altitude),Condition of runs down to resort,Surface area of pistes,Number of local pistes,Pistes covered by lift pass (regional),Number of lifts in ski area,Runs floodlit today until,Length of floodlit runs,Winter walking paths from (altitude),Number of snow shoe trails open today,Conditions/events on the trails,Depth of snow on upper runs - cm,Depth of snow in resort - cm,Depth of snow on upper runs - inches,Depth of snow in resort - inches,Installations open from,Installations open until,Start of season:,End of season:,adult - CHF,young person - CHF,senior - CHF,children - CHF
0,Samnaun/Ischgl,['Samnaun – Graubünden'],https://snow.myswitzerland.com/snow_reports/samnaunischgl-157/#piste,204.0/239.0 ,good,40/46,2023-12-05,2023-12-05,0 cm,35 cm,4/6,–,fair,0.00 km²,85,239 km,45,–,–,–,0,Closed,100 cm,50 cm,39.37,19.69,08:30 hr,16:00 hr,23.11.2023,01.05.2024,72.- CHF,–,72.- CHF,45.- CHF
1,Engadin & St. Moritz,['St. Moritz – Graubünden'],https://snow.myswitzerland.com/snow_reports/engadin-st-moritz-65/#piste,126.5/330.3 ,good,26/59,2023-12-06,2023-12-06,0 cm,0 cm,6/15,–,no info,–,92,350 km,56,–,11.7 km,–,2,No notification,137 cm,55 cm,53.94,21.65,Not Available,Not Available,21.10.2023,05.05.2024,from 45.- CHF,from 29.50 CHF,–,from 15.- CHF
2,Verbier,['Verbier – Valais'],https://snow.myswitzerland.com/snow_reports/verbier-132/#piste,92.1/358.0 ,good,22/73,2023-12-08,2023-12-08,2 cm,2 cm,5/18,–,good,0.35 km²,101,412 km,82,–,0.0 km,2200 m (altitude),0,Good,91 cm,50 cm,35.83,19.69,08:45 hr,16:15 hr,04.11.2023,21.04.2024,from 83.- CHF,from 70.- CHF,–,from 41.- CHF
3,Thyon - 4 Vallées,['Les Collons Thyon – Valais'],https://snow.myswitzerland.com/snow_reports/thyon-4-vallees-143/#piste,92.1/358.0 ,good,22/73,2023-12-08,2023-12-08,0 cm,0 cm,5/18,1500 m (altitude),good,0.00 km²,101,220 km,84,–,0.0 km,2200 m (altitude),9,Good,100 cm,60 cm,39.37,23.62,08:30 hr,16:30 hr,17.11.2023,14.04.2024,73.- CHF,62.- CHF,–,37.- CHF
4,St. Moritz,['St. Moritz – Graubünden'],https://snow.myswitzerland.com/snow_reports/st-moritz-77/#piste,81.0/163.8 ,good,19/24,2023-12-06,2023-12-06,0 cm,0 cm,4/5,–,no info,–,37,350 km,56,–,0.0 km,–,1,No notification,90 cm,50 cm,35.43,19.69,07:45 hr,17:00 hr,25.11.2023,07.04.2024,from 45.- CHF,from 29.50 CHF,–,from 15.- CHF
5,Celerina/Engadin,['Celerina – Graubünden'],https://snow.myswitzerland.com/snow_reports/celerinaengadin-119/#piste,81.0/163.8 ,end of season,19/24,2023-12-05,2023-12-05,0 cm,0 cm,4/5,1730 m (altitude),no info,–,37,350 km,56,–,0.0 km,–,1,No notification,90 cm,50 cm,35.43,19.69,Not Available,Not Available,25.11.2023,07.04.2024,from 45.- CHF,from 29.50 CHF,–,from 15.- CHF
6,Klosters,['Klosters – Graubünden'],https://snow.myswitzerland.com/snow_reports/klosters-121/#piste,80.2/258.9 ,good,21/46,2023-12-06,2023-12-06,0 cm,0 cm,6/16,1560 m (altitude),good,6.64 km²,83,320 km,58,–,–,1191 m (altitude),0,Closed,135 cm,59 cm,53.15,23.23,Not Available,Not Available,25.11.2023,07.04.2024,77.- CHF,54.- CHF,–,31.- CHF
7,Davos,['Davos – Graubünden'],https://snow.myswitzerland.com/snow_reports/davos-69/#piste,80.2/258.9 ,good,21/46,2023-12-06,2023-12-06,0 cm,0 cm,6/16,1250 m (altitude),good,6.64 km²,83,320 km,85,–,–,1560 m (altitude),4,Good,135 cm,54 cm,53.15,21.26,08:15 hr,16:00 hr,10.11.2023,14.04.2024,77.- CHF,54.- CHF,77.- CHF,31.- CHF
8,Arosa Lenzerheide,['Lenzerheide – Graubünden'],https://snow.myswitzerland.com/snow_reports/arosa-lenzerheide-66/#piste,77.6/220.7 ,good,20/43,2023-12-06,2023-12-06,0 cm,0 cm,6/31,–,no info,–,134,225 km,43,–,0.0 km,–,3,Good,137 cm,60 cm,53.94,23.62,08:45 hr,16:00 hr,02.12.2023,14.04.2024,from 30.- CHF,from 17.- CHF,from 30.- CHF,from 14.- CHF
9,Arosa Lenzerheide,['Arosa – Graubünden'],https://snow.myswitzerland.com/snow_reports/arosa-lenzerheide-123/#piste,77.6/220.7 ,good,20/43,2023-12-04,2023-12-04,0 cm,0 cm,6/31,–,good,–,134,225 km,43,–,0.0 km,–,2,Good,70 cm,60 cm,27.56,23.62,Not Available,Not Available,02.12.2023,14.04.2024,from 30.- CHF,from 17.- CHF,from 30.- CHF,from 14.- CHF
10,Saas-Fee,['Saas-Fee – Valais'],https://snow.myswitzerland.com/snow_reports/saas-fee-176/#piste,57.3/100.0 ,good,16/23,2023-12-06,2023-12-06,0 cm,0 cm,1/4,1800 m (altitude),fair,3.29 km²,35,100 km,35,–,0.0 km,1800 m (altitude),3,Good,210 cm,40 cm,82.68,15.75,08:30 hr,16:15 hr,15.07.2023,21.04.2024,75.- CHF,64.- CHF,–,37.- CHF
11,Flumserberg,['Flumserberg – Eastern Switzerland / Liechtenstein'],https://snow.myswitzerland.com/snow_reports/flumserberg-113/#piste,50.6/64.7 ,good,15/17,2023-12-08,2023-12-08,5 cm,10 cm,3/4,–,good,–,48,65 km,18,–,3.7 km,1400 m (altitude),0,Good,95 cm,75 cm,37.4,29.53,08:00 hr,17:00 hr,29.11.2023,01.04.2024,68.- CHF,44.- CHF,–,34.- CHF
12,Engelberg - Titlis,['Engelberg – Lucerne - Lake Lucerne Region'],https://snow.myswitzerland.com/snow_reports/engelberg-titlis-73/#piste,47.5/73.0 ,good,21/29,2023-12-06,2023-12-06,0 cm,0 cm,0/1,1050 m (altitude),closed,1.00 km²,29,82 km,28,–,0.0 km,1050 m (altitude),2,Good,114 cm,30 cm,44.88,11.81,08:30 hr,17:00 hr,18.11.2023,05.05.2024,–,–,–,–
13,Davos Klosters Parsenn,['Davos – Graubünden'],https://snow.myswitzerland.com/snow_reports/davos-klosters-parsenn-379/#piste,45.8/109.1 ,good,11/18,2023-12-06,2023-12-06,0 cm,0 cm,3/8,1560 m (altitude),good,3.22 km²,36,320 km,85,–,0.0 km,Not Available,Not Available,Not Available,135 cm,54 cm,53.15,21.26,08:15 hr,16:00 hr,10.11.2023,14.04.2024,77.- CHF,54.- CHF,77.- CHF,31.- CHF
14,Silvaplana  Corvatsch,['Silvaplana – Graubünden'],https://snow.myswitzerland.com/snow_reports/silvaplana-corvatsch-59/#piste,45.5/120.0 ,good,7/13,2023-12-05,2023-12-05,0 cm,0 cm,2/4,–,no info,–,26,350 km,56,–,11.7 km,–,1,No notification,96 cm,40 cm,37.8,15.75,Not Available,Not Available,25.11.2023,29.04.2024,from 45.- CHF,from 30.- CHF,–,from 15.- CHF
15,Sils/Engadin,['Sils i.E. – Graubünden'],https://snow.myswitzerland.com/snow_reports/silsengadin-117/#piste,45.5/120.0 ,no info,7/13,2023-12-05,2023-12-05,0 cm,0 cm,2/4,–,no info,–,26,350 km,56,–,11.7 km,–,1,No notification,–,–,Not available,Not available,08:15 hr,16:15 hr,20.12.2023,07.04.2024,from 45.- CHF,from 30.- CHF,–,from 15.- CHF
16,Sedrun-Oberalp-Andermatt,['Sedrun – Graubünden'],https://snow.myswitzerland.com/snow_reports/sedrun-oberalp-andermatt-125/#piste,44.6/107.7 ,good,4/20,2023-12-08,2023-12-08,2 cm,2 cm,0/0,Not Available,Not Available,0.00 km²,60,120 km,20,–,0.0 km,Not Available,Not Available,Not Available,105 cm,48 cm,41.34,18.9,08:30 hr,16:00 hr,18.11.2023,14.04.2024,89.- CHF,63.- CHF,72.- CHF,45.- CHF
17,Andermatt-Oberalp-Sedrun,['Andermatt – Lucerne - Lake Lucerne Region'],https://snow.myswitzerland.com/snow_reports/andermatt-oberalp-sedrun-111/#piste,44.6/107.7 ,good,4/20,2023-12-08,2023-12-08,2 cm,2 cm,0/0,Not Available,Not Available,–,60,70 km,20,–,0.0 km,1444 m (altitude),3,Good,105 cm,48 cm,41.34,18.9,08:30 hr,16:00 hr,18.11.2023,14.04.2024,89.- CHF,63.- CHF,72.- CHF,45.- CHF
18,Veysonnaz - 4 Vallées,['Veysonnaz – Valais'],https://snow.myswitzerland.com/snow_reports/veysonnaz-4-vallees-5/#piste,44.5/144.3 ,good-fair,3/40,2023-12-07,2023-12-07,0 cm,0 cm,5/18,1350 m (altitude),fair,0.00 km²,41,400 km,82,–,0.0 km,2200 m (altitude),6,Passable,120 cm,40 cm,47.24,15.75,08:45 hr,16:30 hr,18.11.2023,14.04.2024,66.- CHF,56.- CHF,–,33.- CHF
19,Toggenburg,['Alt St. Johann – Eastern Switzerland / Liechtenstein'],https://snow.myswitzerland.com/snow_reports/toggenburg-158/#piste,41.6/65.0 ,good,20/21,2023-12-05,2023-12-08,0 cm,10 cm,4/8,1020 m (altitude),no info,–,39,50 km,17,–,2.8 km,1230 m (altitude),2,Good,160 cm,70 cm,62.99,27.56,08:00 hr,16:30 hr,01.12.2023,10.04.2024,from 45.- CHF,–,–,from 22.50 CHF
20,Les Mosses-La Lécherette,['Les Mosses – Canton of Vaud'],https://snow.myswitzerland.com/snow_reports/les-mosses-la-lecherette-329/#piste,40.6/100.0 ,end of season,7/27,2023-12-06,2023-12-06,0 cm,0 cm,4/14,–,closed,–,45,40 km,13,–,0.0 km,–,7,Passable,70 cm,60 cm,27.56,23.62,09:00 hr,16:30 hr,02.12.2023,31.03.2024,62.- CHF,56.- CHF,56.- CHF,40.- CHF
21,Adelboden,['Adelboden – Bern Region'],https://snow.myswitzerland.com/snow_reports/adelboden-102/#piste,39.4/101.8 ,good,15/38,2023-12-08,2023-12-08,1 cm,0 cm,4/10,–,no info,6.80 km²,66,210 km,70,–,–,–,1,Passable,72 cm,39 cm,28.35,15.35,Not Available,Not Available,02.12.2023,05.05.2024,from 50.- CHF,from 35.- CHF,–,from 20.- CHF
22,Lenk im Simmental,['Lenk i.S. – Bern Region'],https://snow.myswitzerland.com/snow_reports/lenk-im-simmental-94/#piste,39.4/120.2 ,good,14/39,2023-12-05,2023-12-05,0 cm,0 cm,3/10,–,no info,0.00 km²,66,210 km,69,–,–,1946 m (altitude),3,Closed,80 cm,39 cm,31.5,15.35,08:30 hr,16:30 hr,02.12.2023,07.04.2024,from 50.- CHF,from 35.- CHF,–,from 20.- CHF
23,Pizol - Bad Ragaz - Wangs,['Bad Ragaz – Eastern Switzerland / Liechtenstein'],https://snow.myswitzerland.com/snow_reports/pizol-bad-ragaz-wangs-41/#piste,35.3/50.1 ,good,12/12,2023-12-05,2023-12-05,0 cm,0 cm,0/2,509 m (altitude),closed,7.00 km²,28,40 km,11,–,0.0 km,2226 m (altitude),0,Good,100 cm,65 cm,39.37,25.59,08:15 hr,16:45 hr,06.12.2023,07.04.2024,62.- CHF,40.50 CHF,54.- CHF,31.- CHF
24,Davos Jakobshorn,['Davos – Graubünden'],https://snow.myswitzerland.com/snow_reports/davos-jakobshorn-376/#piste,34.4/53.3 ,good,9/10,2023-12-06,2023-12-06,0 cm,0 cm,3/4,1560 m (altitude),good,1.32 km²,13,320 km,85,–,–,2590 m (altitude),0,Closed,135 cm,54 cm,53.15,21.26,08:15 hr,16:00 hr,25.11.2023,07.04.2024,73.- CHF,51.- CHF,73.- CHF,29.- CHF
25,Grimentz-Zinal /Anniviers,['Grimentz – Valais'],https://snow.myswitzerland.com/snow_reports/grimentz-zinal-anniviers-140/#piste,31.2/115.0 ,good,10/21,2023-12-06,2023-12-06,0 cm,0 cm,0/5,–,closed,–,40,220 km,43,–,0.0 km,1325 m (altitude),2,Good,90 cm,30 cm,35.43,11.81,09:00 hr,16:30 hr,08.12.2023,14.04.2024,71.- CHF,60.- CHF,64.- CHF,43.- CHF
26,Mythenregion,['Schwyz – Lucerne - Lake Lucerne Region'],https://snow.myswitzerland.com/snow_reports/mythenregion-22/#piste,30.1/47.4 ,good,17/17,2023-12-08,2023-12-06,3 cm,15 cm,0/6,–,closed,0.00 km²,38,28 km,15,–,0.0 km,1500 m (altitude),3,Good,130 cm,60 cm,51.18,23.62,08:30 hr,16:15 hr,03.11.2023,24.03.2024,49.- CHF,44.- CHF,44.- CHF,31.- CHF
27,St-Luc / Chandolin,['St-Luc – Valais'],https://snow.myswitzerland.com/snow_reports/st-luc-chandolin-167/#piste,26.9/60.4 ,no info,10/15,2023-12-08,2023-12-08,5 cm,10 cm,1/4,–,good,–,39,220 km,43,–,0.0 km,2138 m (altitude),0,On request,–,–,Not available,Not available,08:30 hr,16:30 hr,21.12.2023,14.04.2024,64.- CHF,54.- CHF,58.- CHF,38.- CHF
28,Savognin,['Savognin – Graubünden'],https://snow.myswitzerland.com/snow_reports/savognin-129/#piste,26.5/73.5 ,good,3/12,2023-11-14,2023-11-14,0 cm,0 cm,0/3,–,fair,–,25,80 km,12,–,0.0 km,–,6,Closed,80 cm,30 cm,31.5,11.81,08:30 hr,16:00 hr,02.12.2023,01.04.2024,from 52.- CHF,from 47.- CHF,–,from 28.50 CHF
29,Les Marécottes-Salvan,['Les Marécottes – Valais'],https://snow.myswitzerland.com/snow_reports/les-marecottes-salvan-10/#piste,26.5/26.5 ,good,4/4,2023-12-06,2023-12-08,0 cm,7 cm,1/1,–,good,–,9,150 km,1,–,0.0 km,–,1,Good,183 cm,30 cm,72.05,11.81,09:00 hr,16:00 hr,01.11.2023,01.04.2024,49.- CHF,39.- CHF,39.- CHF,27.- CHF
30,Leukerbad,['Leukerbad – Valais'],https://snow.myswitzerland.com/snow_reports/leukerbad-83/#piste,26.3/57.9 ,Sat/Sun only,9/13,2023-12-06,2023-12-06,0 cm,0 cm,0/4,–,closed,0.03 km²,22,55 km,14,–,–,–,0,End of season,205 cm,45 cm,80.71,17.72,08:30 hr,16:30 hr,08.12.2023,07.04.2024,from 62.- CHF,–,–,from 37.- CHF
31,Anzère,['Anzère – Valais'],https://snow.myswitzerland.com/snow_reports/anzere-145/#piste,25.7/57.9 ,no info,7/13,2023-11-12,2023-12-06,0 cm,0 cm,1/2,–,good,–,28,58 km,0,–,0.2 km,–,1,Passable,–,–,Not available,Not available,08:45 hr,16:00 hr,15.12.2023,07.04.2024,63.- CHF,41.- CHF,55.- CHF,38.- CHF
32,LAAX,['Laax – Graubünden'],https://snow.myswitzerland.com/snow_reports/laax-67/#piste,25.6/204.8 ,good,0/26,2023-12-08,2023-12-08,0 cm,3 cm,0/5,1100 m (altitude),closed,4.64 km²,155,235 km,29,–,3.9 km,1108 m (altitude),3,Closed,148 cm,45 cm,58.27,17.72,08:30 hr,17:00 hr,01.12.2023,14.04.2024,from 59.- CHF,from 39.50 CHF,from 53.10 CHF,from 20.50 CHF
33,Elsigen - Metsch,['Frutigen – Bern Region'],https://snow.myswitzerland.com/snow_reports/elsigen-metsch-98/#piste,22.3/31.9 ,good,6/10,2023-12-06,2023-12-06,0 cm,0 cm,3/3,–,closed,–,19,210 km,72,–,0.0 km,–,2,Closed,90 cm,50 cm,35.43,19.69,08:30 hr,17:00 hr,02.12.2023,01.04.2024,59.- CHF,47.- CHF,56.- CHF,25.- CHF
34,Bugnenets - Savagnières,['Savagnières-Bugnenets – Jura & Three-Lakes'],https://snow.myswitzerland.com/snow_reports/bugnenets-savagnieres-197/#piste,22.0/30.0 ,good,5/8,2023-12-06,2023-12-06,10 cm,10 cm,5/16,–,good,0.04 km²,7,–,7,–,–,Not Available,Not Available,Not Available,25 cm,20 cm,9.84,7.87,09:00 hr,16:30 hr,01.11.2023,30.04.2024,40.- CHF,32.- CHF,34.- CHF,23.- CHF
35,Lauchernalp-Lötschental,['Lauchernalp – Valais'],https://snow.myswitzerland.com/snow_reports/lauchernalp-loetschental-178/#piste,22.0/40.0 ,good,5/7,2023-12-05,2023-12-08,0 cm,2 cm,0/1,–,closed,–,12,–,–,–,2.0 km,1380 m (altitude),0,Good,234 cm,40 cm,92.13,15.75,08:25 hr,16:35 hr,08.12.2023,07.04.2024,–,–,–,–
36,Chäserrugg - Toggenburg,['Unterwasser – Eastern Switzerland / Liechtenstein'],https://snow.myswitzerland.com/snow_reports/chaeserrugg-toggenburg-203/#piste,22.0/40.7 ,good,13/14,2023-12-05,2023-12-08,0 cm,10 cm,2/6,900 m (altitude),no info,0.25 km²,23,50 km,17,–,2.8 km,2262 m (altitude),0,Good,160 cm,70 cm,62.99,27.56,08:00 hr,16:30 hr,25.11.2023,01.04.2024,from 45.- CHF,from 38.50 CHF,–,from 22.50 CHF
37,Alt St. Johann-Toggenburg,['Alt St. Johann – Eastern Switzerland / Liechtenstein'],https://snow.myswitzerland.com/snow_reports/alt-st-johann-toggenburg-204/#piste,22.0/40.7 ,good,13/14,2023-12-05,2023-12-08,0 cm,10 cm,2/6,900 m (altitude),no info,0.25 km²,23,50 km,17,–,2.8 km,2262 m (altitude),0,Good,160 cm,70 cm,62.99,27.56,08:00 hr,16:30 hr,25.11.2023,01.04.2024,from 45.- CHF,from 38.50 CHF,–,from 22.50 CHF
38,Stoos,['Stoos – Lucerne - Lake Lucerne Region'],https://snow.myswitzerland.com/snow_reports/stoos-19/#piste,20.7/35.0 ,good,8/8,2023-12-08,2023-12-08,5 cm,5 cm,0/0,Not Available,Not Available,0.09 km²,9,35 km,8,–,0.0 km,1300 m (altitude),4,Good,100 cm,80 cm,39.37,31.5,08:30 hr,16:30 hr,02.12.2023,07.04.2024,54.- CHF,41.- CHF,48.- CHF,28.- CHF
39,Engadin Scuol Zernez,['Scuol – Graubünden'],https://snow.myswitzerland.com/snow_reports/engadin-scuol-zernez-60/#piste,20.5/70.0 ,no info,0/12,2023-11-24,2023-11-22,0 cm,0 cm,1/3,1250 m (altitude),closed,2.40 km²,26,70 km,18,–,0.0 km,1035 m (altitude),0,Good,–,–,Not available,Not available,08:30 hr,16:30 hr,09.12.2023,07.04.2024,67.- CHF,55.- CHF,62.- CHF,34.- CHF
40,Zernez/Engadin,['Zernez – Graubünden'],https://snow.myswitzerland.com/snow_reports/zernezengadin-56/#piste,20.5/70.0 ,no info,0/12,2023-11-24,2023-11-22,0 cm,0 cm,1/3,–,no info,2.40 km²,26,70 km,11,–,0.0 km,–,0,No notification,–,–,Not available,Not available,08:40 hr,19:30 hr,09.12.2023,07.04.2024,58.- CHF,48.- CHF,54.- CHF,30.- CHF
41,Charmey.ch,['Charmey – Region of Fribourg'],https://snow.myswitzerland.com/snow_reports/charmeych-4/#piste,19.9/30.0 ,good,6/6,2023-12-05,2023-12-05,0 cm,0 cm,1/2,–,no info,13.00 km²,14,80 km,0,–,–,–,3,Good,40 cm,15 cm,15.75,5.91,Not Available,Not Available,07.12.2023,24.03.2024,44.- CHF,38.- CHF,38.- CHF,29.- CHF
42,Ovronnaz,['Ovronnaz – Valais'],https://snow.myswitzerland.com/snow_reports/ovronnaz-138/#piste,19.9/30.0 ,good,4/7,2023-12-08,2023-12-08,10 cm,15 cm,3/3,–,good,–,23,30 km,7,–,0.0 km,Not Available,Not Available,Not Available,160 cm,60 cm,62.99,23.62,09:00 hr,16:00 hr,02.11.2023,28.04.2024,from 58.- CHF,from 49.- CHF,from 52.- CHF,from 35.- CHF
43,Wildhaus - Toggenburg,['Wildhaus – Eastern Switzerland / Liechtenstein'],https://snow.myswitzerland.com/snow_reports/wildhaus-toggenburg-32/#piste,19.6/23.0 ,open from Sat,6/6,2023-12-05,2023-12-05,0 cm,0 cm,2/2,1020 m (altitude),good,–,15,23 km,6,–,0.0 km,1230 m (altitude),0,Passable,–,–,Not available,Not available,08:30 hr,16:30 hr,09.12.2023,01.04.2024,58.- CHF,49.- CHF,52.- CHF,29.- CHF
44,Vercorin,['Vercorin – Valais'],https://snow.myswitzerland.com/snow_reports/vercorin-7/#piste,17.6/35.9 ,good,6/9,2023-12-06,2023-12-06,0 cm,0 cm,2/3,1330 m (altitude),good,0.01 km²,13,35 km,9,–,0.0 km,–,0,Closed,105 cm,50 cm,41.34,19.69,09:00 hr,16:30 hr,08.12.2023,14.04.2024,59.- CHF,50.- CHF,53.- CHF,35.- CHF
45,Rosswald,['Rosswald – Valais'],https://snow.myswitzerland.com/snow_reports/rosswald-86/#piste,16.0/19.0 ,no info,3/6,2023-12-08,2023-12-08,5 cm,5 cm,1/1,–,good,–,5,–,–,–,0.0 km,Not Available,Not Available,Not Available,–,–,Not available,Not available,09:00 hr,16:30 hr,23.12.2023,01.04.2024,41.- CHF,35.- CHF,–,24.- CHF
46,Klewenalp-Stockhütte,['Klewenalp-Stockhütte – Lucerne - Lake Lucerne Region'],https://snow.myswitzerland.com/snow_reports/klewenalp-stockhuette-110/#piste,15.1/25.2 ,no info,11/15,2023-12-05,2023-12-05,0 cm,0 cm,0/1,–,closed,–,16,40 km,–,–,2.1 km,–,5,Good,–,–,Not available,Not available,Not Available,Not Available,16.12.2023,19.03.2024,54.- CHF,43.- CHF,54.- CHF,25.- CHF
47,Champex-Lac,['Champex-Lac – Valais'],https://snow.myswitzerland.com/snow_reports/champex-lac-168/#piste,15.0/15.0 ,no info,4/4,2023-12-04,2023-12-04,0 cm,0 cm,2/2,–,no info,–,10,15 km,14,–,0.2 km,Not Available,Not Available,Not Available,–,–,Not available,Not available,09:30 hr,16:30 hr,22.12.2023,07.04.2024,43.- CHF,34.- CHF,34.- CHF,28.- CHF
48,Grindelwald – Jungfrau Ski Region,['Grindelwald – Bern Region'],https://snow.myswitzerland.com/snow_reports/grindelwald-jungfrau-ski-region-228/#piste,15.0/207.5 ,good,44/67,2023-12-06,2023-12-06,10 cm,30 cm,0/9,1200 m (altitude),closed,0.00 km²,106,213 km,44,–,0.0 km,1000 m (altitude),8,Good,40 cm,15 cm,15.75,5.91,09:00 hr,16:30 hr,03.12.2023,01.04.2024,75.- CHF,45.- CHF,68.- CHF,38.- CHF
49,Aletsch Arena,['Aletsch Arena – Valais'],https://snow.myswitzerland.com/snow_reports/aletsch-arena-183/#piste,14.9/104.6 ,good,16/35,2023-12-08,2023-12-08,0 cm,0 cm,0/2,–,closed,–,105,104 km,36,–,0.9 km,–,0,End of season,107 cm,91 cm,42.13,35.83,09:00 hr,16:30 hr,08.12.2023,06.04.2024,from 53.- CHF,from 45.- CHF,–,from 26.- CHF
50,Hoch-Ybrig,['Hoch-Ybrig – Lucerne - Lake Lucerne Region'],https://snow.myswitzerland.com/snow_reports/hoch-ybrig-26/#piste,14.4/50.0 ,good,8/13,2023-12-08,2023-12-08,10 cm,10 cm,0/2,–,closed,–,22,50 km,12,–,0.3 km,Not Available,Not Available,Not Available,90 cm,40 cm,35.43,15.75,08:30 hr,16:30 hr,24.10.2023,28.04.2024,57.- CHF,52.- CHF,52.- CHF,30.- CHF
51,La Berra - La Roche,['La Roche - La Berra – Region of Fribourg'],https://snow.myswitzerland.com/snow_reports/la-berra-la-roche-218/#piste,14.0/20.0 ,good,3/6,2023-12-08,2023-12-08,10 cm,10 cm,1/2,–,good,–,10,20 km,20,–,0.0 km,–,5,Good,50 cm,31 cm,19.69,12.2,09:00 hr,16:15 hr,07.12.2023,31.03.2024,41.- CHF,35.- CHF,37.- CHF,26.- CHF
52,Meiringen - Hasliberg,['Hasliberg – Bern Region'],https://snow.myswitzerland.com/snow_reports/meiringen-hasliberg-225/#piste,13.4/60.0 ,no info,5/13,2023-12-05,2023-12-08,–,3 cm,1/4,1000 m (altitude),good,0.11 km²,23,60 km,22,–,–,1000 m (altitude),1,Good,–,–,Not available,Not available,08:00 hr,17:00 hr,16.12.2023,01.04.2024,62.- CHF,47.- CHF,–,31.- CHF
53,Malbun - Steg (FL),['Malbun-Steg – Eastern Switzerland / Liechtenstein'],https://snow.myswitzerland.com/snow_reports/malbun-steg-fl-112/#piste,12.9/22.5 ,no info,3/5,2023-12-06,2023-12-06,0 cm,0 cm,3/5,–,good,–,13,23 km,–,–,–,–,2,Good,–,–,Not available,Not available,09:00 hr,16:15 hr,16.12.2023,06.04.2024,52.- CHF,40.- CHF,40.- CHF,30.- CHF
54,Melchsee-Frutt,['Melchsee-Frutt – Lucerne - Lake Lucerne Region'],https://snow.myswitzerland.com/snow_reports/melchsee-frutt-24/#piste,11.7/36.0 ,no info,9/16,2023-12-08,2023-12-08,5 cm,5 cm,0/2,1080 m (altitude),closed,0.83 km²,10,36 km,0,–,0.0 km,1744 m (altitude),1,Good,–,–,Not available,Not available,Not Available,Not Available,16.12.2023,07.04.2024,55.- CHF,42.- CHF,42.- CHF,20.- CHF
55,Blatten-Belalp,['Blatten-Belalp – Valais'],https://snow.myswitzerland.com/snow_reports/blatten-belalp-81/#piste,10.9/44.8 ,no info,6/10,2023-12-05,2023-12-08,0 cm,0 cm,0/3,–,closed,–,33,–,0,–,0.0 km,2094 m (altitude),0,Passable,–,–,Not available,Not available,09:00 hr,16:00 hr,16.12.2023,01.04.2024,from 69.- CHF,from 58.- CHF,from 69.- CHF,from 35.- CHF
56,Nendaz - 4 Vallées,['Nendaz – Valais'],https://snow.myswitzerland.com/snow_reports/nendaz-4-vallees-139/#piste,10.5/85.6 ,no info,1/24,2023-12-07,2023-12-07,0 cm,0 cm,5/18,1600 m (altitude),no info,0.00 km²,26,410 km,80,00:00 hr,0.0 km,2200 m (altitude),6,End of season,120 cm,40 cm,47.24,15.75,08:45 hr,16:30 hr,07.11.2023,14.04.2024,66.- CHF,56.- CHF,–,33.- CHF
57,Crans - Montana,['Crans-Montana – Valais'],https://snow.myswitzerland.com/snow_reports/crans-montana-142/#piste,10.3/136.0 ,good-fair,6/24,2023-12-05,2023-12-05,0 cm,0 cm,0/4,1500 m (altitude),closed,–,75,140 km,27,–,2.0 km,–,0,Closed,180 cm,100 cm,70.87,39.37,08:45 hr,16:15 hr,06.12.2023,14.04.2024,from 89.- CHF,from 69.- CHF,–,from 50.- CHF
58,Sörenberg,['Sörenberg – Lucerne - Lake Lucerne Region'],https://snow.myswitzerland.com/snow_reports/soerenberg-107/#piste,10.2/55.1 ,good,5/14,2023-12-06,2023-12-06,0 cm,0 cm,0/0,Not Available,Not Available,1.50 km²,31,53 km,17,–,0.0 km,–,3,Good,145 cm,45 cm,57.09,17.72,08:30 hr,16:30 hr,08.12.2023,10.12.2023,–,–,–,–
59,Arolla Espace Dent-Blanche,['Arolla – Valais'],https://snow.myswitzerland.com/snow_reports/arolla-espace-dent-blanche-144/#piste,10.1/35.5 ,no info,4/6,2023-12-08,2023-12-04,2 cm,0 cm,3/4,–,good,0.49 km²,17,47 km,0,–,0.0 km,–,2,Good,–,–,Not available,Not available,09:00 hr,16:00 hr,16.12.2023,14.04.2024,46.- CHF,36.- CHF,36.- CHF,30.- CHF
60,Le Pâquier - Crêt-du-Puy,['Neuchâtel – Jura & Three-Lakes'],https://snow.myswitzerland.com/snow_reports/le-paquier-cret-du-puy-196/#piste,10.0/10.0 ,good,2/2,2023-12-02,2023-12-02,10 cm,20 cm,2/2,–,good,0.02 km²,3,0 km,0,22:00 hr,1.0 km,Not Available,Not Available,Not Available,50 cm,30 cm,19.69,11.81,09:00 hr,16:30 hr,01.11.2023,30.04.2024,28.- CHF,25.- CHF,–,18.- CHF
61,La Fouly,['La Fouly – Valais'],https://snow.myswitzerland.com/snow_reports/la-fouly-141/#piste,9.8/15.0 ,no info,4/4,2023-12-08,2023-12-08,0 cm,0 cm,5/6,–,no info,–,13,15 km,15,–,0.6 km,Not Available,Not Available,Not Available,–,–,Not available,Not available,09:30 hr,16:30 hr,22.12.2023,07.04.2024,43.- CHF,34.- CHF,34.- CHF,28.- CHF
62,Obersaxen Mundaun,['Obersaxen Mundaun – Graubünden'],https://snow.myswitzerland.com/snow_reports/obersaxen-mundaun-64/#piste,9.5/112.0 ,no info,3/15,2023-12-08,2023-12-08,5 cm,12 cm,3/9,–,no info,–,49,120 km,17,–,0.0 km,–,0,No notification,–,–,Not available,Not available,09:30 hr,15:30 hr,15.12.2023,01.04.2024,63.- CHF,48.- CHF,57.- CHF,28.- CHF
63,Ebenalp-Horn,['Wasserauen Ebenalp – Eastern Switzerland / Liechtenstein'],https://snow.myswitzerland.com/snow_reports/ebenalp-horn-50/#piste,9.0/10.0 ,good,7/7,2023-12-08,2023-12-08,0 cm,0 cm,1/1,845 m (altitude),good,0.30 km²,10,–,–,–,–,–,0,Closed,90 cm,35 cm,35.43,13.78,08:45 hr,16:15 hr,02.12.2023,01.04.2024,35.- CHF,29.- CHF,35.- CHF,25.- CHF
64,Mörlialp - Giswil,['Giswil-Mörlialp – Lucerne - Lake Lucerne Region'],https://snow.myswitzerland.com/snow_reports/moerlialp-giswil-23/#piste,9.0/12.0 ,good,6/8,2023-12-06,2023-12-06,5 cm,5 cm,2/2,1350 m (altitude),good,9.80 km²,10,14 km,8,–,–,–,1,Good,80 cm,50 cm,31.5,19.69,09:00 hr,16:00 hr,08.12.2023,17.03.2024,45.- CHF,35.- CHF,38.- CHF,13.- CHF
65,Rigi,['Rigi – Lucerne - Lake Lucerne Region'],https://snow.myswitzerland.com/snow_reports/rigi-21/#piste,9.0/10.4 ,good,10/10,2023-12-08,2023-12-08,0 cm,0 cm,0/0,Not Available,Not Available,–,13,20 km,0,–,0.0 km,1320 m (altitude),6,Good,50 cm,40 cm,19.69,15.75,09:00 hr,16:30 hr,02.12.2023,03.03.2024,78.- CHF,39.- CHF,78.- CHF,- CHF
66,Jaun - Dorf,['Jaun - Dorf – Region of Fribourg'],https://snow.myswitzerland.com/snow_reports/jaun-dorf-89/#piste,8.9/25.1 ,closed,2/4,2023-12-04,2023-12-06,0 cm,0 cm,3/8,–,good,0.20 km²,17,25 km,4,–,1.3 km,–,5,Passable,30 cm,15 cm,11.81,5.91,09:00 hr,16:15 hr,08.12.2023,10.03.2024,44.- CHF,37.- CHF,40.- CHF,28.- CHF
67,Wengen – Jungfrau Ski Region,['Wengen – Bern Region'],https://snow.myswitzerland.com/snow_reports/wengen-jungfrau-ski-region-91/#piste,7.3/207.5 ,good,24/67,2023-12-06,2023-12-06,0 cm,0 cm,2/9,950 m (altitude),good / closed,0.00 km²,106,214 km,15,–,0.0 km,1300 m (altitude),6,Good,60 cm,30 cm,23.62,11.81,08:00 hr,16:00 hr,02.12.2023,28.04.2024,75.- CHF,45.- CHF,68.- CHF,38.- CHF
68,Bergbahnen Splügen,['Splügen – Graubünden'],https://snow.myswitzerland.com/snow_reports/bergbahnen-spluegen-84/#piste,6.4/30.0 ,no info,7/7,2023-12-08,2023-12-08,0 cm,0 cm,3/4,–,no info,–,15,30 km,6,–,0.0 km,–,0,Passable,–,–,Not available,Not available,Not Available,Not Available,23.12.2023,01.04.2024,52.- CHF,37.- CHF,47.- CHF,15.- CHF
69,Atzmännig,['Goldingen Atzmännig – Zurich Region'],https://snow.myswitzerland.com/snow_reports/atzmaennig-52/#piste,5.2/8.0 ,good,4/5,2023-12-06,2023-12-06,–,–,4/4,–,good,0.38 km²,4,8 km,4,–,–,–,1,Good,75 cm,40 cm,29.53,15.75,09:00 hr,16:30 hr,03.12.2023,10.03.2024,35.- CHF,29.- CHF,29.- CHF,25.- CHF
70,Gantrisch Gurnigel,['Gurnigel – Bern Region'],https://snow.myswitzerland.com/snow_reports/gantrisch-gurnigel-239/#piste,5.0/6.0 ,no info,3/3,2023-12-08,2023-12-08,30 cm,50 cm,Not Available,–,no info,0.00 km²,2,45 km,0,–,–,Not Available,Not Available,Not Available,–,–,Not available,Not available,Not Available,Not Available,16.12.2023,17.03.2024,36.- CHF,- CHF,- CHF,23.- CHF
71,Prés-d'Orvin-Chasseral,"[""Les Prés d'Orvin – Jura & Three-Lakes""]",https://snow.myswitzerland.com/snow_reports/pres-dorvin-chasseral-206/#piste,5.0/5.0 ,fair-good,6/6,2023-12-05,2023-12-05,0 cm,0 cm,6/6,–,fair,0.00 km²,6,0 km,5,21:45 hr,–,1000 m (altitude),0,Good,50 cm,40 cm,19.69,15.75,12:30 hr,16:30 hr,05.12.2023,30.04.2024,30.- CHF,27.- CHF,27.- CHF,19.- CHF
72,Marbach - Marbachegg,['Marbach (Escholzmatt) – Lucerne - Lake Lucerne Region'],https://snow.myswitzerland.com/snow_reports/marbach-marbachegg-25/#piste,5.0/10.0 ,no info,0/4,2023-12-06,2023-12-06,10 cm,20 cm,0/2,880 m (altitude),no info,0.24 km²,7,10 km,–,–,0.0 km,850 m (altitude),0,Good,–,–,Not available,Not available,Not Available,Not Available,23.12.2023,19.03.2024,41.- CHF,35.- CHF,35.- CHF,23.- CHF
73,Les Paccots,['Les Paccots – Region of Fribourg'],https://snow.myswitzerland.com/snow_reports/les-paccots-151/#piste,4.8/20.0 ,closed,3/11,2023-12-05,2023-12-05,0 cm,0 cm,Not Available,–,closed,0.00 km²,11,20 km,0,–,1.4 km,–,5,Good,35 cm,32 cm,13.78,12.6,08:45 hr,16:30 hr,08.12.2023,24.03.2024,39.- CHF,31.- CHF,–,27.- CHF
74,Rathvel s/Châtel-St-Denis,['Rathvel s/Châtel-St-Denis – Region of Fribourg'],https://snow.myswitzerland.com/snow_reports/rathvel-schatel-st-denis-215/#piste,4.0/8.0 ,no info,3/4,2023-12-03,2023-12-03,30 cm,30 cm,3/4,–,good,0.00 km²,4,0 km,4,–,–,Not Available,Not Available,Not Available,–,–,Not available,Not available,Not Available,Not Available,16.12.2023,17.03.2024,30.- CHF,22.- CHF,22.- CHF,20.- CHF
75,Ibergeregg,['Ibergeregg – Lucerne - Lake Lucerne Region'],https://snow.myswitzerland.com/snow_reports/ibergeregg-17/#piste,4.0/6.0 ,good,2/2,2023-12-06,2023-12-06,0 cm,0 cm,Not Available,–,closed,4.00 km²,5,43 km,–,–,–,1400 m (altitude),4,Good,50 cm,60 cm,19.69,23.62,Not Available,Not Available,05.12.2023,24.03.2024,29.- CHF,25.- CHF,25.- CHF,20.- CHF
76,Destination Gstaad,['Gstaad – Bern Region'],https://snow.myswitzerland.com/snow_reports/destination-gstaad-227/#piste,3.2/203.1 ,no info,8/43,2023-12-08,2023-12-08,7 cm,10 cm,1/16,1300 m (altitude),no info,0.96 km²,86,200 km,47,–,0.0 km,1250 m (altitude),9,Good,65 cm,25 cm,25.59,9.84,09:00 hr,16:30 hr,01.12.2023,10.04.2024,from 49.- CHF,from 40.- CHF,from 45.- CHF,from 28.- CHF
77,Glacier 3000,['Les Diablerets – Canton of Vaud'],https://snow.myswitzerland.com/snow_reports/glacier-3000-188/#piste,3.2/31.1 ,good,3/12,2023-12-08,2023-12-08,0 cm,0 cm,1/2,1300 m (altitude),closed,0.96 km²,19,100 km,34,–,0.0 km,–,1,Good,210 cm,55 cm,82.68,21.65,09:00 hr,16:00 hr,04.11.2023,30.04.2024,75.- CHF,67.- CHF,67.- CHF,49.- CHF
78,Ebnat-Kappel - Toggenburg,['Ebnat-Kappel – Eastern Switzerland / Liechtenstein'],https://snow.myswitzerland.com/snow_reports/ebnat-kappel-toggenburg-114/#piste,3.0/5.0 ,good-fair,2/2,2023-12-05,2023-12-05,30 cm,60 cm,Not Available,Not Available,Not Available,0.00 km²,3,–,–,22:00 hr,1.4 km,Not Available,Not Available,Not Available,60 cm,30 cm,23.62,11.81,Not Available,Not Available,06.12.2023,17.03.2024,32.- CHF,25.- CHF,32.- CHF,25.- CHF
79,Vue des Alpes/Tête de Ran,['Vue-des-Alpes / Tête-de-Ran – Jura & Three-Lakes'],https://snow.myswitzerland.com/snow_reports/vue-des-alpestete-de-ran-194/#piste,,good-fair,,2023-12-06,2023-12-06,15 cm,15 cm,1/0,Not Available,Not Available,0.00 km²,0,–,–,–,–,1200 m (altitude),1,Good,50 cm,50 cm,19.69,19.69,Not Available,Not Available,01.11.2023,30.04.2024,12.- CHF,- CHF,12.- CHF,- CHF
80,Schwanden - Sigriswil,['Schwanden ob Sigriswil – Bern Region'],https://snow.myswitzerland.com/snow_reports/schwanden-sigriswil-92/#piste,2.0/20.0 ,good,3/3,2023-12-06,2023-12-06,–,–,Not Available,Not Available,Not Available,0.00 km²,7,20 km,0,–,–,1000 m (altitude),2,Passable,50 cm,20 cm,19.69,7.87,12:30 hr,16:30 hr,01.12.2023,24.03.2024,32.- CHF,- CHF,32.- CHF,20.- CHF
81,Oberiberg / Ybrig,['Oberiberg – Lucerne - Lake Lucerne Region'],https://snow.myswitzerland.com/snow_reports/oberiberg-ybrig-287/#piste,2.0/10.0 ,no info,2/4,2023-12-06,2023-12-06,0 cm,0 cm,1/3,1035 m (altitude),good,0.00 km²,3,50 km,12,–,–,1035 m (altitude),2,Good,–,–,Not available,Not available,09:00 hr,16:00 hr,23.12.2023,17.03.2024,28.- CHF,28.- CHF,28.- CHF,23.- CHF
82,Urnäsch AR,['Urnäsch – Eastern Switzerland / Liechtenstein'],https://snow.myswitzerland.com/snow_reports/urnaesch-ar-331/#piste,2.0/2.0 ,good,2/2,2023-12-06,2023-12-06,0 cm,0 cm,1/1,830 m (altitude),good,0.00 km²,1,700 km,–,–,–,Not Available,Not Available,Not Available,40 cm,30 cm,15.75,11.81,13:00 hr,16:30 hr,02.12.2023,03.03.2024,29.- CHF,26.- CHF,–,18.- CHF
83,Gantrisch - Riffenmatt,['Riffenmatt – Bern Region'],https://snow.myswitzerland.com/snow_reports/gantrisch-riffenmatt-237/#piste,1.0/1.0 ,no info,1/1,2023-12-05,2023-12-05,30 cm,–,Not Available,–,no info,0.00 km²,0,–,–,–,–,1100 m (altitude),0,No notification,–,–,Not available,Not available,13:00 hr,17:00 hr,16.12.2023,03.03.2024,10.- CHF,- CHF,–,10.- CHF
84,San Bernardino,['San Bernardino – Graubünden'],https://snow.myswitzerland.com/snow_reports/san-bernardino-2/,,There are no current reports available,,2023-12-08,2023-12-08,Not Available,Not Available,Not Available,Not Available,Not Available,Not Available,Not Available,Not Available,Not Available,Not Available,Not Available,Not Available,Not Available,Not Available,,,Not available,Not available,09:00 hr,16:00 hr,07.12.2023,01.04.2024,25.- CHF,18.- CHF,18.- CHF,15.- CHF
85,Rochers-de-Naye - Caux,['Caux – Canton of Vaud'],https://snow.myswitzerland.com/snow_reports/rochers-de-naye-caux-186/#piste,0.5/7.8 ,no info,2/6,2023-11-20,2023-12-08,0 cm,5 cm,0/0,Not Available,Not Available,0.23 km²,7,7 km,–,–,0.0 km,Not Available,Not Available,Not Available,–,–,Not available,Not available,Not Available,Not Available,09.12.2023,01.04.2024,35.- CHF,- CHF,–,18.- CHF
86,Degersheim,['Degersheim – Eastern Switzerland / Liechtenstein'],https://snow.myswitzerland.com/snow_reports/degersheim-51/#piste,0.0/3.0 ,no info,0/3,2023-12-06,2023-12-06,0 cm,0 cm,0/2,800 m (altitude),closed,0.00 km²,5,0 km,0,00:00 hr,1.0 km,Not Available,Not Available,Not Available,30 cm,20 cm,11.81,7.87,13:00 hr,16:30 hr,01.12.2023,31.03.2024,30.- CHF,24.- CHF,- CHF,–
87,Zermatt - Matterhorn,['Zermatt – Valais'],https://snow.myswitzerland.com/snow_reports/zermatt-matterhorn-170/#piste,0.0/360.0 ,good,1/54,2023-12-08,2023-12-07,0 cm,0 cm,0/4,1617 m (altitude),closed,1.05 km²,145,360 km,55,–,–,Not Available,Not Available,Not Available,30 cm,15 cm,11.81,5.91,08:30 hr,17:00 hr,01.11.2023,30.04.2024,from 92.- CHF,from 78.- CHF,–,from 46.- CHF
88,Saas-Grund,['Saas-Grund – Valais'],https://snow.myswitzerland.com/snow_reports/saas-grund-175/#piste,0.0/29.5 ,no info,0/11,2023-11-18,2023-11-10,0 cm,0 cm,0/3,1559 m (altitude),closed,0.06 km²,18,31 km,35,–,0.0 km,1559 m (altitude),0,Closed,–,–,Not available,Not available,09:00 hr,16:00 hr,23.12.2023,05.04.2024,59.- CHF,47.50 CHF,–,36.50 CHF
89,Schwarzsee FR,['Schwarzsee – Region of Fribourg'],https://snow.myswitzerland.com/snow_reports/schwarzsee-fr-214/#piste,0.0/20.0 ,good,3/6,2023-12-05,2023-12-05,0 cm,0 cm,0/2,1045 m (altitude),closed,0.28 km²,11,20 km,6,–,0.0 km,1045 m (altitude),2,Good,50 cm,30 cm,19.69,11.81,18:00 hr,20:30 hr,07.12.2023,17.03.2024,46.- CHF,39.- CHF,42.- CHF,26.- CHF
90,Zuoz/Engadin,['Zuoz – Graubünden'],https://snow.myswitzerland.com/snow_reports/zuozengadin-127/#piste,0.0/19.0 ,no info,0/6,2023-12-05,2023-12-05,0 cm,0 cm,0/1,–,closed,–,11,350 km,56,–,0.0 km,–,1,No notification,–,–,Not available,Not available,Not Available,Not Available,23.12.2023,17.03.2024,from 45.- CHF,–,–,from 15.- CHF
91,S-chanf/Engadin,['S-chanf – Graubünden'],https://snow.myswitzerland.com/snow_reports/s-chanfengadin-248/#piste,0.0/1.0 ,closed,0/1,2023-12-05,2023-12-05,0 cm,0 cm,0/0,Not Available,Not Available,–,1,350 km,56,–,0.0 km,–,1,No notification,90 cm,50 cm,35.43,19.69,11:00 hr,16:00 hr,25.11.2023,07.04.2024,10.- CHF,10.- CHF,–,5.- CHF
92,Samedan/Engadin,['Samedan – Graubünden'],https://snow.myswitzerland.com/snow_reports/samedanengadin-118/#piste,0.0/2.0 ,no info,0/4,2023-12-06,2023-12-06,0 cm,0 cm,0/0,Not Available,Not Available,–,2,350 km,56,–,0.0 km,–,1,No notification,–,–,Not available,Not available,09:30 hr,16:00 hr,16.12.2023,10.03.2024,39.- CHF,24.- CHF,–,24.- CHF
93,Pontresina/Engadin,['Pontresina – Graubünden'],https://snow.myswitzerland.com/snow_reports/pontresinaengadin-63/#piste,0.0/15.5 ,good,0/7,2023-12-05,2023-12-05,0 cm,0 cm,0/5,–,closed,–,12,350 km,56,–,0.0 km,–,1,No notification,90 cm,50 cm,35.43,19.69,08:30 hr,17:30 hr,21.10.2023,05.05.2024,from 45.- CHF,from 29.50 CHF,–,from 15.- CHF
94,Maloja/Engadin,['Maloja – Graubünden'],https://snow.myswitzerland.com/snow_reports/malojaengadin-120/#piste,0.0/7.0 ,no info,0/2,2023-12-05,2023-12-05,0 cm,0 cm,0/0,Not Available,Not Available,–,2,350 km,56,–,0.0 km,–,1,No notification,–,–,Not available,Not available,09:30 hr,16:00 hr,16.12.2023,10.03.2024,30.- CHF,22.- CHF,30.- CHF,18.- CHF
95,La Punt/Engadin,['La Punt – Graubünden'],https://snow.myswitzerland.com/snow_reports/la-puntengadin-246/#piste,0.0/2.0 ,no info,0/7,2023-12-05,2023-12-05,0 cm,0 cm,0/0,Not Available,Not Available,–,1,350 km,56,–,0.0 km,–,1,No notification,–,–,Not available,Not available,09:30 hr,16:00 hr,23.12.2023,10.03.2024,from 45.- CHF,from 29.50 CHF,–,from 15.- CHF
96,Champéry Region Dents du Midi,['Champéry – Valais'],https://snow.myswitzerland.com/snow_reports/champery-region-dents-du-midi-13/#piste,0.0/690.7 ,no info,0/217,2023-12-08,2023-12-08,5 cm,8 cm,0/4,–,closed,–,48,100 km,37,–,0.0 km,Not Available,Not Available,Not Available,83 cm,53 cm,32.68,20.87,08:30 hr,16:30 hr,02.12.2023,14.04.2024,70.- CHF,63.- CHF,63.- CHF,53.- CHF
97,Bulle - La Chia,['Bulle – Region of Fribourg'],https://snow.myswitzerland.com/snow_reports/bulle-la-chia-152/#piste,,closed,1/1,2023-12-06,2023-12-06,15 cm,30 cm,2/2,–,closed,0.00 km²,1,–,–,–,–,1000 m (altitude),1,Passable,30 cm,15 cm,11.81,5.91,09:00 hr,16:30 hr,08.12.2023,31.03.2024,20.- CHF,- CHF,- CHF,15.- CHF
98,Disentis,['Disentis – Graubünden'],https://snow.myswitzerland.com/snow_reports/disentis-130/#piste,0.0/60.0 ,no info,4/12,2023-12-08,2023-12-08,2 cm,5 cm,0/0,Not Available,Not Available,0.01 km²,20,180 km,1,–,0.0 km,1150 m (altitude),3,Good,–,–,Not available,Not available,08:30 hr,16:00 hr,16.12.2023,07.04.2024,64.- CHF,45.- CHF,52.- CHF,32.- CHF
99,Les Diablerets,['Villars-sur-Ollon – Canton of Vaud'],https://snow.myswitzerland.com/snow_reports/les-diablerets-3/,,There are no current reports available,,2023-12-08,2023-12-08,Not Available,Not Available,Not Available,Not Available,Not Available,Not Available,Not Available,Not Available,Not Available,Not Available,Not Available,Not Available,Not Available,Not Available,,,Not available,Not available,13:30 hr,16:30 hr,03.12.2022,10.04.2023,59.- CHF,53.- CHF,53.- CHF,39.- CHF
100,Engstligenalp,['Adelboden – Bern Region'],https://snow.myswitzerland.com/snow_reports/engstligenalp-336/#piste,0.0/17.4 ,no info,1/8,2023-12-08,2023-12-08,5 cm,0 cm,0/0,Not Available,Not Available,400.00 km²,11,210 km,70,–,0.0 km,–,1,Good,145 cm,40 cm,57.09,15.75,10:00 hr,17:00 hr,07.11.2023,05.05.2024,–,–,–,–
101,Villars-Gryon,['Villars-sur-Ollon – Canton of Vaud'],https://snow.myswitzerland.com/snow_reports/villars-gryon-147/,,There are no current reports available,,2023-12-08,2023-12-08,Not Available,Not Available,Not Available,Not Available,Not Available,Not Available,Not Available,Not Available,Not Available,Not Available,Not Available,Not Available,Not Available,Not Available,,,Not available,Not available,08:30 hr,16:45 hr,03.12.2022,10.04.2023,59.- CHF,53.- CHF,53.- CHF,39.- CHF
102,Elm,['Elm – Eastern Switzerland / Liechtenstein'],https://snow.myswitzerland.com/snow_reports/elm-49/#piste,0.0/40.0 ,no info,0/6,2023-12-06,2023-12-06,0 cm,0 cm,0/3,–,closed,0.51 km²,16,40 km,6,–,0.0 km,–,0,On request,–,–,Not available,Not available,08:30 hr,17:00 hr,16.12.2023,01.04.2024,51.- CHF,38.- CHF,43.- CHF,26.- CHF
103,Sattel - Hochstuckli,['Sattel-Hochstuckli – Lucerne - Lake Lucerne Region'],https://snow.myswitzerland.com/snow_reports/sattel-hochstuckli-154/#piste,0.0/5.1 ,no info,1/4,2023-12-06,2023-12-06,0 cm,0 cm,0/0,Not Available,Not Available,0.00 km²,5,100 km,40,–,0.0 km,850 m (altitude),1,Good,–,–,Not available,Not available,08:30 hr,16:30 hr,23.12.2023,10.03.2024,35.- CHF,28.- CHF,28.- CHF,19.- CHF
104,Bergbahnen Diemtigtal,['Oey-Diemtigen – Bern Region'],https://snow.myswitzerland.com/snow_reports/bergbahnen-diemtigtal-220/#piste,0.0/32.9 ,good,0/11,2023-12-06,2023-12-06,0 cm,0 cm,0/5,–,closed,0.16 km²,23,36 km,13,–,0.0 km,–,2,Good,80 cm,30 cm,31.5,11.81,08:30 hr,16:30 hr,27.11.2023,31.03.2024,28.- CHF,26.- CHF,26.- CHF,6.- CHF
105,Wiriehorn,['Oey-Diemtigen – Bern Region'],https://snow.myswitzerland.com/snow_reports/wiriehorn-231/#piste,0.0/12.5 ,good,0/5,2023-12-06,2023-12-06,0 cm,0 cm,0/1,–,closed,0.16 km²,8,36 km,13,–,0.0 km,–,0,Good,80 cm,30 cm,31.5,11.81,08:30 hr,16:30 hr,27.11.2023,31.03.2024,55.- CHF,46.- CHF,49.- CHF,6.- CHF
106,Les Breuleux,['Les Breuleux – Jura & Three-Lakes'],https://snow.myswitzerland.com/snow_reports/les-breuleux-211/#piste,0.0/20.0 ,closed,0/3,2023-12-06,2023-12-06,5 cm,10 cm,0/0,Not Available,Not Available,0.00 km²,6,20 km,0,–,–,Not Available,Not Available,Not Available,25 cm,15 cm,9.84,5.91,13:00 hr,16:30 hr,01.11.2023,30.04.2024,21.- CHF,- CHF,–,13.- CHF
107,Les Genevez,['Saignelégier – Jura & Three-Lakes'],https://snow.myswitzerland.com/snow_reports/les-genevez-208/#piste,0.0/8.0 ,closed,0/2,2023-12-06,2023-12-06,0 cm,0 cm,0/0,Not Available,Not Available,0.00 km²,4,–,–,–,–,Not Available,Not Available,Not Available,25 cm,20 cm,9.84,7.87,13:00 hr,16:30 hr,01.11.2023,30.04.2024,18.- CHF,15.- CHF,–,10.- CHF
108,Rougemont,['Rougemont – Canton of Vaud'],https://snow.myswitzerland.com/snow_reports/rougemont-395/#piste,0.0/26.5 ,no info,0/3,2023-12-08,2023-12-08,7 cm,10 cm,0/1,–,closed,–,8,220 km,–,–,0.0 km,–,4,Good,–,–,Not available,Not available,09:00 hr,16:30 hr,16.12.2023,17.03.2024,from 49.- CHF,from 40.- CHF,from 45.- CHF,from 28.- CHF
109,Vallée de Joux,['Le Sentier – Canton of Vaud'],https://snow.myswitzerland.com/snow_reports/vallee-de-joux-133/#piste,0.0/23.0 ,closed,0/7,2023-12-06,2023-12-06,0 cm,0 cm,0/11,–,closed,–,17,42 km,0,–,0.0 km,Not Available,Not Available,Not Available,45 cm,20 cm,17.72,7.87,00:00 hr,00:00 hr,29.11.2023,07.04.2024,30.- CHF,–,–,19.- CHF
110,Moléson s/Gruyères,['Moléson-sur-Gruyères – Region of Fribourg'],https://snow.myswitzerland.com/snow_reports/moleson-sgruyeres-76/#piste,0.0/30.0 ,no info,2/8,2023-12-05,2023-12-08,0 cm,0 cm,0/2,–,closed,0.84 km²,7,0 km,8,–,0.0 km,Not Available,Not Available,Not Available,–,–,Not available,Not available,Not Available,Not Available,23.12.2023,24.03.2024,42.- CHF,33.- CHF,35.- CHF,25.- CHF
111,Sainte-Croix / Les Rasses,['Sainte-Croix Les Rasses – Canton of Vaud'],https://snow.myswitzerland.com/snow_reports/sainte-croix-les-rasses-146/#piste,0.0/22.0 ,good-fair,0/9,2023-12-05,2023-12-05,15 cm,30 cm,0/4,–,fair,20.00 km²,9,20 km,2,–,1.0 km,1200 m (altitude),9,Good,30 cm,15 cm,11.81,5.91,Not Available,Not Available,05.12.2023,10.03.2024,35.- CHF,30.- CHF,30.- CHF,23.- CHF
112,Klosters Madrisa,['Klosters – Graubünden'],https://snow.myswitzerland.com/snow_reports/klosters-madrisa-380/#piste,0.0/29.3 ,no info,0/8,2023-12-06,2023-12-06,0 cm,0 cm,0/1,–,closed,0.86 km²,11,320 km,58,–,–,1300 m (altitude),0,Closed,–,–,Not available,Not available,Not Available,Not Available,22.12.2023,01.04.2024,66.- CHF,47.- CHF,66.- CHF,32.- CHF
113,Davos Rinerhorn,['Davos – Graubünden'],https://snow.myswitzerland.com/snow_reports/davos-rinerhorn-375/#piste,0.0/53.1 ,no info,0/5,2023-12-06,2023-12-06,0 cm,0 cm,0/2,–,closed,1.12 km²,16,320 km,85,–,–,1457 m (altitude),0,Closed,–,–,Not available,Not available,Not Available,Not Available,22.12.2023,01.04.2024,61.- CHF,43.- CHF,61.- CHF,24.- CHF
114,Davos Pischa,['Davos – Graubünden'],https://snow.myswitzerland.com/snow_reports/davos-pischa-377/#piste,0.0/6.3 ,no info,0/1,2023-12-06,2023-12-06,0 cm,0 cm,Not Available,Not Available,Not Available,0.20 km²,2,320 km,85,–,0.0 km,Not Available,Not Available,Not Available,–,–,Not available,Not available,Not Available,Not Available,26.12.2023,01.04.2024,48.- CHF,34.- CHF,48.- CHF,19.- CHF
115,Chur - Brambrüesch,['Chur – Graubünden'],https://snow.myswitzerland.com/snow_reports/chur-brambrueesch-82/#piste,0.0/19.5 ,closed,0/5,2023-12-06,2023-12-06,0 cm,0 cm,0/0,Not Available,Not Available,1.20 km²,6,20 km,4,–,0.0 km,–,0,Good,70 cm,10 cm,27.56,3.94,08:30 hr,17:00 hr,02.12.2023,17.03.2024,45.- CHF,34.- CHF,39.- CHF,22.- CHF
116,Davos Schatzalp,['Davos – Graubünden'],https://snow.myswitzerland.com/snow_reports/davos-schatzalp-378/#piste,0.0/7.7 ,no info,1/4,2023-12-06,2023-12-06,0 cm,0 cm,0/1,–,closed,0.20 km²,5,320 km,85,–,–,1560 m (altitude),0,Closed,–,–,Not available,Not available,08:00 hr,19:00 hr,22.12.2023,01.04.2024,36.- CHF,24.- CHF,36.- CHF,12.- CHF
117,Bruson,['Verbier – Valais'],https://snow.myswitzerland.com/snow_reports/bruson-181/#piste,0.0/35.4 ,no info,0/4,2023-12-08,2023-12-08,2 cm,2 cm,0/1,–,closed,–,7,412 km,82,–,0.0 km,–,0,Good,–,–,Not available,Not available,Not Available,Not Available,16.12.2023,07.04.2024,from 57.- CHF,from 48.- CHF,–,from 29.- CHF
118,La Tzoumaz - Savoleyres,['Verbier – Valais'],https://snow.myswitzerland.com/snow_reports/la-tzoumaz-savoleyres-332/#piste,0.0/48.8 ,no info,0/8,2023-12-08,2023-12-08,2 cm,2 cm,0/4,–,closed,–,13,412 km,82,–,0.0 km,Not Available,Not Available,Not Available,–,–,Not available,Not available,08:40 hr,19:30 hr,09.12.2023,14.04.2024,from 73.- CHF,from 62.- CHF,–,from 37.- CHF
119,Evolène Espace Dent-Blanche,['Evolène – Valais'],https://snow.myswitzerland.com/snow_reports/evolene-espace-dent-blanche-11/#piste,0.0/38.3 ,no info,0/4,2023-11-11,2023-11-29,0 cm,0 cm,0/2,–,closed,0.35 km²,12,42 km,0,–,0.0 km,–,0,No notification,–,–,Not available,Not available,09:00 hr,16:30 hr,23.12.2023,19.03.2024,46.- CHF,36.- CHF,36.- CHF,30.- CHF
120,Habkern,['Habkern – Bern Region'],https://snow.myswitzerland.com/snow_reports/habkern-97/#piste,0.0/8.0 ,no info,0/2,2023-12-05,2023-12-05,0 cm,0 cm,0/4,1200 m (altitude),no info,2.00 km²,4,0 km,0,–,0.0 km,1200 m (altitude),2,Good,75 cm,55 cm,29.53,21.65,Not Available,Not Available,01.12.2023,30.04.2024,35.- CHF,- CHF,–,24.- CHF
121,Tramelan,['Tramelan – Jura & Three-Lakes'],https://snow.myswitzerland.com/snow_reports/tramelan-337/#piste,0.0/12.0 ,closed,0/3,2023-12-07,2023-12-07,5 cm,10 cm,0/5,–,fair,0.00 km²,5,0 km,0,–,–,Not Available,Not Available,Not Available,40 cm,10 cm,15.75,3.94,00:00 hr,00:00 hr,01.11.2023,30.04.2024,31.- CHF,25.- CHF,27.- CHF,20.- CHF
122,Forclaz Espace Dent-Blanche,['La Forclaz VS – Valais'],https://snow.myswitzerland.com/snow_reports/forclaz-espace-dent-blanche-256/#piste,0.0/5.3 ,no info,0/5,2023-11-28,2023-11-28,0 cm,0 cm,0/1,–,closed,–,6,–,–,–,0.0 km,–,0,No notification,–,–,Not available,Not available,09:15 hr,16:15 hr,23.12.2023,19.03.2024,28.- CHF,–,–,19.- CHF
123,Airolo,['Airolo – Ticino'],https://snow.myswitzerland.com/snow_reports/airolo-162/#piste,0.0/37.6 ,no info,0/8,2023-11-27,2023-11-27,0 cm,0 cm,0/2,–,closed,–,13,–,–,–,0.0 km,–,0,No notification,–,–,Not available,Not available,Not Available,Not Available,16.12.2023,07.04.2024,–,–,–,–
124,Bosco Gurin,['Bosco Gurin – Ticino'],https://snow.myswitzerland.com/snow_reports/bosco-gurin-252/,,There are no current reports available,,2023-12-08,2023-12-08,Not Available,Not Available,Not Available,Not Available,Not Available,Not Available,Not Available,Not Available,Not Available,Not Available,Not Available,Not Available,Not Available,Not Available,,,Not available,Not available,Not Available,Not Available,26.11.2022,09.04.2023,45.- CHF,30.- CHF,38.- CHF,20.- CHF
125,Tschiertschen,['Tschiertschen – Graubünden'],https://snow.myswitzerland.com/snow_reports/tschiertschen-57/#piste,0.0/27.0 ,no info,0/5,2023-11-26,2023-11-26,0 cm,0 cm,0/3,–,closed,–,16,0 km,0,–,0.0 km,–,0,End of season,–,–,Not available,Not available,09:00 hr,16:15 hr,23.12.2023,10.03.2024,61.- CHF,41.- CHF,–,- CHF
126,Unterbäch-Brandalp-Ginals,['Unterbäch – Valais'],https://snow.myswitzerland.com/snow_reports/unterbaech-brandalp-ginals-171/#piste,0.0/19.8 ,no info,1/7,2023-11-11,2023-11-11,0 cm,0 cm,0/2,1200 m (altitude),closed,–,12,90 km,15,–,0.0 km,–,0,No notification,–,–,Not available,Not available,09:15 hr,16:00 hr,23.12.2023,01.04.2024,49.- CHF,33.- CHF,–,- CHF
127,Bellwald - Top of Goms,['Bellwald – Valais'],https://snow.myswitzerland.com/snow_reports/bellwald-top-of-goms-169/#piste,0.0/20.0 ,no info,1/5,2023-12-06,2023-12-06,0 cm,0 cm,0/2,1635 m (altitude),closed,0.42 km²,13,20 km,36,–,–,–,0,Good,–,–,Not available,Not available,13:15 hr,17:00 hr,16.12.2023,01.04.2024,from 37.- CHF,from 33.50 CHF,–,from 26.- CHF
128,Les Pléiades,['Blonay – Canton of Vaud'],https://snow.myswitzerland.com/snow_reports/les-pleiades-187/#piste,0.0/7.9 ,no info,0/6,2023-12-05,2023-12-05,0 cm,0 cm,Not Available,Not Available,Not Available,0.17 km²,7,–,–,–,1.0 km,–,0,Closed,–,–,Not available,Not available,Not Available,Not Available,16.12.2023,03.03.2024,35.- CHF,- CHF,–,18.- CHF
129,Vichères - Bavon,['Liddes – Valais'],https://snow.myswitzerland.com/snow_reports/vicheres-bavon-257/#piste,0.0/15.8 ,no info,0/5,2023-12-05,2023-12-05,0 cm,0 cm,0/2,–,closed,–,13,140 km,24,–,0.0 km,–,5,Good,–,–,Not available,Not available,Not Available,Not Available,16.12.2023,01.04.2024,43.- CHF,39.- CHF,39.- CHF,28.- CHF
130,Grächen,['Grächen – Valais'],https://snow.myswitzerland.com/snow_reports/graechen-179/,,There are no current reports available,,2023-12-08,2023-12-08,Not Available,Not Available,Not Available,Not Available,Not Available,Not Available,Not Available,Not Available,Not Available,Not Available,Not Available,Not Available,Not Available,Not Available,,,Not available,Not available,08:30 hr,16:30 hr,17.12.2022,10.04.2023,63.- CHF,50.- CHF,63.- CHF,38.- CHF
131,Amden,['Amden – Eastern Switzerland / Liechtenstein'],https://snow.myswitzerland.com/snow_reports/amden-53/#piste,0.0/17.0 ,closed,0/6,2023-12-06,2023-12-06,0 cm,5 cm,Not Available,–,closed,0.40 km²,15,20 km,6,–,–,–,4,Good,120 cm,40 cm,47.24,15.75,09:00 hr,16:15 hr,02.12.2023,10.03.2024,38.- CHF,24.- CHF,38.- CHF,24.- CHF
132,Saas-Almagell,['Saas-Almagell – Valais'],https://snow.myswitzerland.com/snow_reports/saas-almagell-270/#piste,0.0/15.4 ,no info,0/7,2023-11-07,2023-11-07,0 cm,0 cm,0/4,1672 m (altitude),closed,0.50 km²,7,150 km,34,–,0.0 km,1672 m (altitude),3,Good,–,–,Not available,Not available,10:00 hr,16:00 hr,23.12.2023,07.04.2024,75.- CHF,38.- CHF,- CHF,27.- CHF
133,Braunwald,['Braunwald – Eastern Switzerland / Liechtenstein'],https://snow.myswitzerland.com/snow_reports/braunwald-115/#piste,0.0/26.0 ,no info,2/12,2023-12-08,2023-12-06,–,0 cm,0/0,Not Available,Not Available,0.94 km²,10,30 km,2,–,0.0 km,1256 m (altitude),0,Closed,–,–,Not available,Not available,08:30 hr,16:30 hr,09.12.2023,17.03.2024,54.- CHF,44.- CHF,44.- CHF,27.- CHF
134,Loipe Goms,['Münster (Goms) – Valais'],https://snow.myswitzerland.com/snow_reports/loipe-goms-272/#piste,0.0/2.4 ,closed,0/4,2023-12-06,2023-12-06,4 cm,1 cm,Not Available,–,closed,0.00 km²,4,7 km,3,–,–,–,8,Good,45 cm,45 cm,17.72,17.72,09:00 hr,16:00 hr,18.11.2023,01.04.2024,16.- CHF,–,16.- CHF,–
135,Bivio,['Bivio – Graubünden'],https://snow.myswitzerland.com/snow_reports/bivio-70/#piste,0.0/27.0 ,no info,0/4,2023-12-06,2023-12-06,–,55 cm,Not Available,–,closed,–,15,440 km,0,–,–,–,0,Closed,–,–,Not available,Not available,09:00 hr,16:00 hr,16.12.2023,07.04.2024,45.- CHF,34.- CHF,–,22.- CHF
136,Grüsch-Danusa,['Grüsch – Graubünden'],https://snow.myswitzerland.com/snow_reports/gruesch-danusa-122/#piste,0.0/34.0 ,no info,0/10,2023-12-06,2023-12-06,5 cm,10 cm,0/2,–,closed,1.50 km²,19,34 km,0,–,–,1800 m (altitude),0,Closed,80 cm,40 cm,31.5,15.75,08:30 hr,16:45 hr,02.12.2023,01.04.2024,58.- CHF,41.- CHF,52.- CHF,28.- CHF
137,Balmberg,['Balmberg – Aargau – Solothurn Region'],https://snow.myswitzerland.com/snow_reports/balmberg-240/#piste,0.0/5.0 ,no info,0/3,2023-12-05,2023-12-05,10 cm,35 cm,Not Available,Not Available,Not Available,0.00 km²,5,5 km,3,–,–,Not Available,Not Available,Not Available,–,–,Not available,Not available,00:00 hr,00:00 hr,16.12.2023,03.03.2024,32.- CHF,32.- CHF,22.- CHF,22.- CHF
138,Brienz - Axalp,['Axalp – Bern Region'],https://snow.myswitzerland.com/snow_reports/brienz-axalp-100/#piste,0.0/15.0 ,Sat/Sun only,0/6,2023-12-06,2023-12-06,2 cm,2 cm,0/2,1400 m (altitude),closed,0.00 km²,15,–,–,–,–,1400 m (altitude),0,Closed,–,–,Not available,Not available,09:15 hr,16:15 hr,23.12.2023,01.04.2024,51.- CHF,39.- CHF,47.- CHF,27.- CHF
139,Leysin-Mosses-Lécherette,['Leysin – Canton of Vaud'],https://snow.myswitzerland.com/snow_reports/leysin-mosses-lecherette-330/#piste,0.0/100.0 ,Sat/Sun only,0/27,2023-12-05,2023-12-05,0 cm,0 cm,0/14,–,closed,–,45,100 km,23,–,–,–,3,Passable,70 cm,40 cm,27.56,15.75,09:00 hr,16:45 hr,02.12.2023,08.04.2024,from 62.- CHF,from 56.- CHF,from 56.- CHF,from 40.- CHF
140,Beatenberg - Niederhorn,['Beatenberg – Bern Region'],https://snow.myswitzerland.com/snow_reports/beatenberg-niederhorn-99/#piste,0.0/9.0 ,no info,0/2,2023-12-02,2023-11-12,–,–,Not Available,–,closed,0.00 km²,4,30 km,3,–,–,–,0,Closed,–,–,Not available,Not available,08:40 hr,16:30 hr,22.12.2023,10.03.2024,43.- CHF,–,–,21.50 CHF
141,Rossberg Oberwil i.S.,['Oberwil i.S. – Bern Region'],https://snow.myswitzerland.com/snow_reports/rossberg-oberwil-is-224/#piste,0.0/7.0 ,Sat/Sun only,0/3,2023-12-06,2023-12-06,0 cm,0 cm,0/1,900 m (altitude),closed / fair,10.00 km²,3,7 km,3,–,–,Not Available,Not Available,Not Available,75 cm,30 cm,29.53,11.81,Not Available,Not Available,02.12.2023,31.03.2024,37.- CHF,35.- CHF,37.- CHF,24.- CHF
142,Staldenried - Gspon,['Staldenried – Valais'],https://snow.myswitzerland.com/snow_reports/staldenried-gspon-265/#piste,0.0/5.0 ,no info,2/4,2023-12-07,2023-11-08,0 cm,25 cm,0/0,Not Available,Not Available,5.00 km²,2,5 km,2,–,0.0 km,1500 m (altitude),0,Passable,–,–,Not available,Not available,09:30 hr,16:30 hr,23.12.2023,09.03.2024,34.- CHF,27.- CHF,–,23.- CHF
143,St-Cergue,['St-Cergue – Canton of Vaud'],https://snow.myswitzerland.com/snow_reports/st-cergue-14/#piste,0.0/2.0 ,closed,0/3,2023-12-06,2023-12-06,0 cm,0 cm,Not Available,–,closed,0.00 km²,3,44 km,29,–,–,1044 m (altitude),4,Passable,13 cm,10 cm,5.12,3.94,Not Available,Not Available,01.12.2023,31.03.2024,22.- CHF,15.- CHF,15.- CHF,15.- CHF
144,Jaunpass - Boltigen,['Boltigen – Bern Region'],https://snow.myswitzerland.com/snow_reports/jaunpass-boltigen-226/#piste,0.0/6.0 ,no info,0/2,2023-11-20,2023-11-20,–,–,Not Available,Not Available,Not Available,0.00 km²,5,6 km,3,–,–,1500 m (altitude),0,No notification,–,–,Not available,Not available,Not Available,Not Available,23.12.2023,03.03.2024,34.- CHF,31.- CHF,31.- CHF,22.- CHF
145,Homberg,['Homberg b. Thun – Bern Region'],https://snow.myswitzerland.com/snow_reports/homberg-282/#piste,0.0/3.0 ,closed,0/1,2023-12-06,2023-12-06,40 cm,50 cm,Not Available,Not Available,Not Available,0.00 km²,3,3 km,1,–,–,Not Available,Not Available,Not Available,40 cm,30 cm,15.75,11.81,Not Available,16:30 hr,14.01.2023,17.03.2024,20.- CHF,–,–,15.- CHF
146,Val Müstair,['Tschierv – Graubünden'],https://snow.myswitzerland.com/snow_reports/val-muestair-124/,,There are no current reports available,,2023-12-08,2023-12-08,Not Available,Not Available,Not Available,Not Available,Not Available,Not Available,Not Available,Not Available,Not Available,Not Available,Not Available,Not Available,Not Available,Not Available,,,Not available,Not available,Not Available,Not Available,22.12.2023,17.03.2024,42.- CHF,37.- CHF,37.- CHF,30.- CHF
147,La Dôle - Jura sur Léman,['La Dôle – Canton of Vaud'],https://snow.myswitzerland.com/snow_reports/la-dole-jura-sur-leman-357/,,There are no current reports available,,2023-12-08,2023-12-08,Not Available,Not Available,Not Available,Not Available,Not Available,Not Available,Not Available,Not Available,Not Available,Not Available,Not Available,Not Available,Not Available,Not Available,,,Not available,Not available,Not Available,Not Available,09.12.2023,31.03.2024,–,–,–,–
148,Eriz,['Eriz – Bern Region'],https://snow.myswitzerland.com/snow_reports/eriz-80/#piste,0.0/6.0 ,no info,0/3,2023-12-06,2023-12-06,0 cm,0 cm,Not Available,–,closed,0.00 km²,3,0 km,8,–,–,980 m (altitude),2,Good,–,–,Not available,Not available,Not Available,Not Available,16.12.2023,17.03.2024,33.- CHF,28.- CHF,–,23.- CHF
149,Aeschi / Aeschiried,['Aeschi BE – Bern Region'],https://snow.myswitzerland.com/snow_reports/aeschi-aeschiried-101/#piste,0.0/12.0 ,no info,0/4,2023-12-05,2023-12-05,–,–,Not Available,–,closed,0.00 km²,8,10 km,4,–,–,860 m (altitude),2,Good,30 cm,40 cm,11.81,15.75,Not Available,Not Available,01.12.2023,31.03.2024,33.- CHF,–,–,23.- CHF
150,Dallenwil Wirzweli,['Dallenwil – Lucerne - Lake Lucerne Region'],https://snow.myswitzerland.com/snow_reports/dallenwil-wirzweli-105/#piste,0.0/1.0 ,end of season,3/5,2023-12-06,2023-12-06,0 cm,0 cm,Not Available,Not Available,Not Available,1.00 km²,2,5 km,5,–,–,–,6,Closed,35 cm,30 cm,13.78,11.81,Not Available,Not Available,04.12.2023,10.03.2024,31.- CHF,- CHF,–,20.- CHF
151,Bumbach / Schangnau,['Schangnau Bumbach – Bern Region'],https://snow.myswitzerland.com/snow_reports/bumbach-schangnau-234/#piste,0.0/9.0 ,Sat/Sun only,0/3,2023-12-05,2023-12-05,–,–,Not Available,920 m (altitude),closed,0.00 km²,5,6 km,3,–,–,920 m (altitude),2,Good,–,–,Not available,Not available,09:00 hr,Not Available,16.12.2023,10.03.2024,35.- CHF,33.- CHF,- CHF,25.- CHF
152,Nara / Leontica,['Leontica / Nara – Ticino'],https://snow.myswitzerland.com/snow_reports/nara-leontica-298/#piste,0.0/30.0 ,no info,0/6,2023-11-21,2023-11-21,–,–,Not Available,–,no info,10.00 km²,9,30 km,7,–,–,–,2,No notification,–,–,Not available,Not available,Not Available,Not Available,22.12.2023,31.03.2024,42.- CHF,33.- CHF,33.- CHF,25.- CHF
153,Bergbahnen  Brigels,['Brigels / Breil – Graubünden'],https://snow.myswitzerland.com/snow_reports/bergbahnen-brigels-126/,,There are no current reports available,,2023-12-08,2023-12-08,Not Available,Not Available,Not Available,Not Available,Not Available,Not Available,Not Available,Not Available,Not Available,Not Available,Not Available,Not Available,Not Available,Not Available,,,Not available,Not available,Not Available,Not Available,17.12.2022,26.03.2023,from 38.- CHF,from 35.- CHF,from 35.- CHF,from 16.- CHF
154,Visperterminen,['Visperterminen – Valais'],https://snow.myswitzerland.com/snow_reports/visperterminen-264/#piste,0.0/9.5 ,no info,0/5,2023-12-08,2023-12-08,–,–,0/1,–,closed,0.23 km²,11,90 km,28,–,0.0 km,–,0,No notification,–,–,Not available,Not available,Not Available,Not Available,23.12.2023,24.03.2024,49.- CHF,40.- CHF,49.- CHF,33.- CHF
155,Küssnacht - Seebodenalp,['Küssnacht am Rigi – Lucerne - Lake Lucerne Region'],https://snow.myswitzerland.com/snow_reports/kuessnacht-seebodenalp-301/#piste,0.0/5.0 ,closed,0/2,2023-12-06,2023-12-06,30 cm,40 cm,Not Available,Not Available,Not Available,0.00 km²,3,5 km,3,–,–,Not Available,Not Available,Not Available,40 cm,30 cm,15.75,11.81,Not Available,Not Available,25.11.2023,19.03.2024,15.- CHF,10.- CHF,15.- CHF,10.- CHF
156,Beatenberg - Hohwald,['Beatenberg – Bern Region'],https://snow.myswitzerland.com/snow_reports/beatenberg-hohwald-383/#piste,0.0/5.0 ,no info,0/1,2023-12-05,2023-12-05,–,–,Not Available,Not Available,Not Available,–,3,30 km,3,–,–,Not Available,Not Available,Not Available,–,–,Not available,Not available,Not Available,Not Available,16.12.2023,03.03.2024,32.- CHF,32.- CHF,32.- CHF,21.- CHF
157,Rüschegg / Eywald,['Rüschegg Eywald – Bern Region'],https://snow.myswitzerland.com/snow_reports/rueschegg-eywald-236/#piste,0.0/13.0 ,closed,0/2,2023-12-05,2023-12-05,40 cm,50 cm,Not Available,–,no info,0.00 km²,6,20 km,9,–,–,Not Available,Not Available,Not Available,50 cm,40 cm,19.69,15.75,Not Available,Not Available,Not Available,Not Available,38.- CHF,- CHF,–,26.- CHF
158,Reichenbach - Faltschen,['Faltschen (Reichenbach) – Bern Region'],https://snow.myswitzerland.com/snow_reports/reichenbach-faltschen-219/#piste,0.0/5.0 ,no info,0/2,2023-11-22,2023-11-22,–,–,Not Available,Not Available,Not Available,0.00 km²,2,–,–,–,–,Not Available,Not Available,Not Available,–,–,Not available,Not available,Not Available,Not Available,26.12.2023,25.02.2024,32.- CHF,- CHF,–,21.- CHF
159,"Kiental, Ramslauenen",['Kiental – Bern Region'],https://snow.myswitzerland.com/snow_reports/kiental-ramslauenen-79/#piste,0.0/12.0 ,no info,0/3,2023-12-03,2023-12-03,–,–,Not Available,–,closed,0.00 km²,4,0 km,0,–,–,Not Available,Not Available,Not Available,–,–,Not available,Not available,Not Available,Not Available,26.12.2023,25.02.2024,20.- CHF,20.- CHF,20.- CHF,20.- CHF
160,Heuberge,['Fideris – Graubünden'],https://snow.myswitzerland.com/snow_reports/heuberge-68/#piste,0.0/15.0 ,no info,0/3,2023-11-27,2023-11-23,–,–,Not Available,–,no info,0.00 km²,9,15 km,3,–,–,–,0,No notification,–,–,Not available,Not available,Not Available,Not Available,22.12.2023,17.03.2024,42.- CHF,–,–,28.- CHF
161,Wasserngrat Gstaad,['Gstaad – Bern Region'],https://snow.myswitzerland.com/snow_reports/wasserngrat-gstaad-359/#piste,0.0/9.0 ,no info,0/1,2023-11-10,2023-11-10,–,–,Not Available,Not Available,Not Available,0.00 km²,3,200 km,47,–,–,Not Available,Not Available,Not Available,–,–,Not available,Not available,Not Available,Not Available,20.12.2023,17.03.2024,62.- CHF,56.- CHF,–,56.- CHF
162,Moosalpregion,['Bürchen – Valais'],https://snow.myswitzerland.com/snow_reports/moosalpregion-88/#piste,0.0/25.0 ,no info,0/9,2023-12-08,2023-12-08,–,–,Not Available,–,closed,–,20,90 km,28,–,–,–,0,No notification,–,–,Not available,Not available,Not Available,Not Available,16.12.2023,19.03.2024,49.- CHF,–,- CHF,33.- CHF
163,Wolzenalp,['Krummenau – Eastern Switzerland / Liechtenstein'],https://snow.myswitzerland.com/snow_reports/wolzenalp-42/#piste,0.0/12.0 ,no info,0/3,2023-11-12,2023-11-12,–,–,Not Available,–,closed,0.30 km²,5,12 km,3,–,–,–,3,Closed,–,–,Not available,Not available,Not Available,Not Available,23.12.2023,10.03.2024,38.- CHF,30.- CHF,- CHF,25.- CHF
164,Mürren – Jungfrau Ski Region,['Mürren – Bern Region'],https://snow.myswitzerland.com/snow_reports/muerren-jungfrau-ski-region-93/#piste,0.0/205.5 ,no info,0/67,2023-11-27,2023-11-29,–,–,Not Available,–,no info,0.00 km²,106,213 km,0,–,–,–,0,No notification,–,–,Not available,Not available,Not Available,Not Available,05.12.2023,07.04.2024,75.- CHF,45.- CHF,68.- CHF,38.- CHF
165,Vals,['Vals – Graubünden'],https://snow.myswitzerland.com/snow_reports/vals-116/#piste,0.0/24.5 ,no info,0/6,2023-11-11,2023-11-11,–,–,Not Available,–,closed,1.25 km²,8,25 km,5,–,–,–,0,No notification,–,–,Not available,Not available,Not Available,Not Available,16.12.2023,01.04.2024,33.- CHF,- CHF,- CHF,- CHF
166,Mollis - Schilt,['Mollis – Eastern Switzerland / Liechtenstein'],https://snow.myswitzerland.com/snow_reports/mollis-schilt-33/#piste,0.0/12.0 ,no info,0/3,2023-12-03,2023-12-03,–,–,Not Available,Not Available,Not Available,0.01 km²,0,–,–,–,–,Not Available,Not Available,Not Available,–,–,Not available,Not available,Not Available,Not Available,16.12.2023,17.03.2024,33.- CHF,33.- CHF,33.- CHF,23.- CHF
167,Schwellbrunn - Appenzell,['Schwellbrunn – Eastern Switzerland / Liechtenstein'],https://snow.myswitzerland.com/snow_reports/schwellbrunn-appenzell-37/#piste,0.0/1.0 ,no info,0/1,2023-12-03,2023-11-16,–,–,Not Available,–,no info,0.10 km²,1,1 km,1,–,–,Not Available,Not Available,Not Available,–,–,Not available,Not available,Not Available,Not Available,19.11.2023,03.03.2024,25.- CHF,18.- CHF,25.- CHF,18.- CHF
168,Nax / Mont-Noble,['Nax – Valais'],https://snow.myswitzerland.com/snow_reports/nax-mont-noble-8/#piste,0.0/35.0 ,no info,0/5,2023-12-07,2023-12-07,–,–,Not Available,–,closed,0.00 km²,7,35 km,0,–,–,–,–,Closed,–,–,Not available,Not available,Not Available,Not Available,23.12.2023,01.04.2024,52.- CHF,44.- CHF,44.- CHF,25.- CHF
169,Jeizinen,['Gampel-Jeizinen – Valais'],https://snow.myswitzerland.com/snow_reports/jeizinen-267/#piste,0.0/9.9 ,no info,0/5,2023-11-27,2023-11-27,–,–,Not Available,–,no info,0.25 km²,7,10 km,5,–,–,–,0,End of season,–,–,Not available,Not available,Not Available,Not Available,16.12.2023,17.03.2024,38.- CHF,29.- CHF,–,26.- CHF
170,Bergün Filisur,['Bergün / Bravuogn – Graubünden'],https://snow.myswitzerland.com/snow_reports/berguen-filisur-299/#piste,0.0/25.0 ,no info,0/5,2023-11-27,2023-11-27,–,–,Not Available,–,closed,0.50 km²,6,25 km,5,–,–,–,0,End of season,–,–,Not available,Not available,Not Available,Not Available,16.12.2023,10.03.2024,45.- CHF,39.- CHF,39.- CHF,26.- CHF
171,Val-de-Travers/La Robella,['Buttes La Robella – Jura & Three-Lakes'],https://snow.myswitzerland.com/snow_reports/val-de-traversla-robella-195/#piste,0.0/20.0 ,end of season,0/4,2023-11-20,2023-11-20,–,–,Not Available,–,closed,0.03 km²,7,–,–,–,–,–,0,End of season,–,–,Not available,Not available,Not Available,Not Available,01.11.2023,30.04.2024,29.- CHF,22.- CHF,22.- CHF,- CHF
172,Tschappina-Heinzenberg,['Tschappina (Heinzenberg) – Graubünden'],https://snow.myswitzerland.com/snow_reports/tschappina-heinzenberg-58/#piste,0.0/25.0 ,no info,0/4,2023-12-08,2023-12-08,–,–,Not Available,–,closed,0.00 km²,8,25 km,0,–,–,–,0,No notification,–,–,Not available,Not available,Not Available,Not Available,23.12.2023,01.04.2024,36.- CHF,36.- CHF,36.- CHF,22.- CHF
173,Rothwald - Wasenalp,['Rothwald – Valais'],https://snow.myswitzerland.com/snow_reports/rothwald-wasenalp-292/#piste,0.0/25.0 ,no info,0/2,2023-11-24,2023-11-24,–,–,Not Available,–,closed,5.36 km²,8,–,–,–,–,–,0,End of season,–,–,Not available,Not available,Not Available,Not Available,16.12.2023,24.03.2024,40.- CHF,34.- CHF,–,23.- CHF
174,Carì,['Carì – Ticino'],https://snow.myswitzerland.com/snow_reports/cari-364/#piste,0.0/20.0 ,no info,0/4,2023-11-13,2023-11-13,–,–,Not Available,–,closed,0.00 km²,0,20 km,0,–,–,–,4,No notification,–,–,Not available,Not available,Not Available,Not Available,17.12.2023,31.03.2024,45.- CHF,37.- CHF,37.- CHF,28.- CHF
175,Gantrisch Selital,['Schwarzenbühl-Selital – Bern Region'],https://snow.myswitzerland.com/snow_reports/gantrisch-selital-235/#piste,0.0/8.9 ,no info,0/4,2023-11-21,2023-11-21,–,–,Not Available,–,closed,0.02 km²,8,45 km,–,–,–,Not Available,Not Available,Not Available,–,–,Not available,Not available,Not Available,Not Available,01.12.2023,30.03.2024,40.- CHF,- CHF,- CHF,20.- CHF
176,Engelberg-Brunni,['Engelberg – Lucerne - Lake Lucerne Region'],https://snow.myswitzerland.com/snow_reports/engelberg-brunni-351/#piste,0.0/6.0 ,closed,0/7,2023-11-18,2023-11-10,–,–,Not Available,–,closed,–,6,82 km,28,–,–,–,0,No notification,–,–,Not available,Not available,Not Available,Not Available,02.12.2023,01.04.2024,44.- CHF,30.- CHF,40.- CHF,22.- CHF
177,Eischoll,['Eischoll – Valais'],https://snow.myswitzerland.com/snow_reports/eischoll-163/#piste,0.0/15.0 ,no info,0/3,2023-11-20,2023-11-20,–,–,Not Available,–,no info,0.00 km²,5,60 km,28,–,–,–,1,No notification,–,–,Not available,Not available,Not Available,Not Available,23.12.2023,19.03.2024,42.- CHF,35.- CHF,–,29.- CHF
178,Eggiwil,['Eggiwil – Bern Region'],https://snow.myswitzerland.com/snow_reports/eggiwil-283/#piste,0.0/3.0 ,no info,0/1,2023-11-27,2023-11-27,–,–,Not Available,Not Available,Not Available,0.00 km²,3,–,–,–,–,Not Available,Not Available,Not Available,–,–,Not available,Not available,Not Available,Not Available,23.12.2023,17.03.2024,27.- CHF,- CHF,–,18.- CHF
179,Dent-de-Vaulion,['Vaulion (Dent-de-Vaulion) – Canton of Vaud'],https://snow.myswitzerland.com/snow_reports/dent-de-vaulion-184/#piste,0.0/8.0 ,no info,0/2,2023-11-24,2023-11-24,–,–,Not Available,–,no info,0.03 km²,4,25 km,11,–,–,Not Available,Not Available,Not Available,–,–,Not available,Not available,Not Available,Not Available,01.12.2023,31.03.2024,27.- CHF,- CHF,–,17.- CHF
180,Gantrisch - Ottenleue,['Ottenleuebad – Bern Region'],https://snow.myswitzerland.com/snow_reports/gantrisch-ottenleue-238/,,There are no current reports available,,2023-12-08,2023-12-08,Not Available,Not Available,Not Available,Not Available,Not Available,Not Available,Not Available,Not Available,Not Available,Not Available,Not Available,Not Available,Not Available,Not Available,,,Not available,Not available,Not Available,Not Available,24.12.2022,26.03.2023,26.- CHF,- CHF,–,18.- CHF
181,Torgon-Portes du Soleil,['Torgon – Valais'],https://snow.myswitzerland.com/snow_reports/torgon-portes-du-soleil-137/,,There are no current reports available,,2023-12-08,2023-12-08,Not Available,Not Available,Not Available,Not Available,Not Available,Not Available,Not Available,Not Available,Not Available,Not Available,Not Available,Not Available,Not Available,Not Available,,,Not available,Not available,Not Available,Not Available,17.12.2022,26.03.2023,- CHF,- CHF,- CHF,- CHF
182,Flüelen-Eggberge,['Altdorf – Lucerne - Lake Lucerne Region'],https://snow.myswitzerland.com/snow_reports/flueelen-eggberge-333/,,There are no current reports available,,2023-12-08,2023-12-08,Not Available,Not Available,Not Available,Not Available,Not Available,Not Available,Not Available,Not Available,Not Available,Not Available,Not Available,Not Available,Not Available,Not Available,,,Not available,Not available,Not Available,Not Available,18.12.2021,19.03.2022,32.- CHF,21.- CHF,- CHF,21.- CHF
